{
  "aor": 0.004957045454545454,
  "aqi": 0.001980196893939394,
  "bids_meta": {
    "EchoTime": 0.027,
    "FlipAngle": 90,
    "MagneticFieldStrength": 3.0,
    "Manufacturer": "Siemens",
    "ManufacturersModelName": "MAGNETOM Trio",
    "ReceiveCoilName": "Siemens 12 channel Head Matrix Coil (Erlangen, Germany)",
    "RepetitionTime": 2.5,
    "TaskName": "rest",
    "modality": "bold",
    "run_id": "1",
    "subject_id": "095",
    "task_id": "rest"
  },
  "dummy_trs": 0,
  "dvars_nstd": 13.260701864045808,
  "dvars_std": 1.2571288861832066,
  "dvars_vstd": 1.0259772386259542,
  "efc": 0.42203631594077823,
  "fber": 30699.53515625,
  "fd_mean": 0.05100739665096595,
  "fd_num": 4,
  "fd_perc": 3.0303030303030303,
  "fwhm_avg": 2.5609756453085395,
  "fwhm_x": 2.3471275,
  "fwhm_y": 2.9699,
  "fwhm_z": 2.365899435925618,
  "gcor": 0.0349981,
  "gsr_x": -0.0062995851039886475,
  "gsr_y": 0.016616087406873703,
  "provenance": {
    "md5sum": "71a8ed800a05e85ff9f4a80fc9984f26",
    "settings": {
      "fd_thres": 0.2,
      "hmc_fsl": false
    },
    "software": "mriqc",
    "version": "0.9.6"
  },
  "size_t": 132,
  "size_x": 64,
  "size_y": 64,
  "size_z": 32,
  "snr": 4.590819320299219,
  "spacing_tr": 2.5,
  "spacing_x": 4.0,
  "spacing_y": 4.0,
  "spacing_z": 4.000000953674316,
  "summary_bg_k": 31.79943359235167,
  "summary_bg_mad": 3.8525192737579346,
  "summary_bg_mean": 25.015426635742188,
  "summary_bg_median": 5.219696998596191,
  "summary_bg_n": 83943.0,
  "summary_bg_p05": 1.9772727489471436,
  "summary_bg_p95": 135.85151824951146,
  "summary_bg_stdv": 56.90169906616211,
  "summary_fg_k": 3.1835428578991714,
  "summary_fg_mad": 147.024658203125,
  "summary_fg_mean": 930.129150390625,
  "summary_fg_median": 955.98486328125,
  "summary_fg_n": 20267.0,
  "summary_fg_p05": 509.69621582031255,
  "summary_fg_p95": 1199.626513671875,
  "summary_fg_stdv": 208.23326110839844,
  "tsnr": 111.52130126953125
}