{
  "bids_meta": {
    "EchoTime": 0.03,
    "FlipAngle": 8,
    "MagneticFieldStrength": 3.0,
    "Manufacturer": "Siemens",
    "ManufacturersModelName": "MAGNETOM Trio",
    "ReceiveCoilName": "Siemens 12 channel Head Matrix Coil (Erlangen, Germany)",
    "RepetitionTime": 2.4,
    "modality": "T1w",
    "subject_id": "045"
  },
  "cjv": 0.40617807241144926,
  "cnr": 3.2177509507283863,
  "efc": 0.5619939511560713,
  "fber": 1566.2481689453125,
  "fwhm_avg": 3.4681033333333335,
  "fwhm_x": 3.46004,
  "fwhm_y": 3.71858,
  "fwhm_z": 3.22569,
  "icvs_csf": 0.19361071394239115,
  "icvs_gm": 0.4015678543637283,
  "icvs_wm": 0.4048214316938805,
  "inu_med": 0.9704705476760864,
  "inu_range": 0.3815572887659072,
  "provenance": {
    "md5sum": "6f9a3b2c6c2caaebe2d266af060a52ca",
    "mriqc_pred": 0,
    "settings": {
      "testing": false
    },
    "software": "mriqc",
    "version": "0.9.6",
    "warnings": {
      "large_rot_frame": true,
      "small_air_mask": false
    }
  },
  "qi_1": 0.0,
  "qi_2": 0.02095731596745614,
  "rpve_csf": 24.607990614472225,
  "rpve_gm": 12.603574076458289,
  "rpve_wm": 15.821556107301365,
  "size_x": 176,
  "size_y": 256,
  "size_z": 256,
  "snr_csf": 2.507992882746819,
  "snr_gm": 7.97256661610519,
  "snr_total": 9.314624583798194,
  "snr_wm": 17.46331425254257,
  "snrd_csf": 22.281934985916937,
  "snrd_gm": 42.16299063111301,
  "snrd_total": 42.446979744626724,
  "snrd_wm": 62.89601361685021,
  "spacing_x": 1.0,
  "spacing_y": 1.0,
  "spacing_z": 1.0,
  "summary_bg_k": 3.370201773139418,
  "summary_bg_mad": 10.416210174560547,
  "summary_bg_mean": 16.319931030273438,
  "summary_bg_median": 13.757097244262695,
  "summary_bg_n": 3841742.0,
  "summary_bg_p05": 2.891981291770935,
  "summary_bg_p95": 39.36216430664061,
  "summary_bg_stdv": 12.085297584533691,
  "summary_csf_k": -0.9677495994749594,
  "summary_csf_mad": 178.28240966796875,
  "summary_csf_mean": 343.379150390625,
  "summary_csf_median": 354.2671813964844,
  "summary_csf_n": 9774.0,
  "summary_csf_p05": 132.14906616210936,
  "summary_csf_p95": 558.106558227539,
  "summary_csf_stdv": 141.24803161621094,
  "summary_gm_k": 0.31657728668572593,
  "summary_gm_mad": 78.62701416015625,
  "summary_gm_mean": 675.29443359375,
  "summary_gm_median": 670.362060546875,
  "summary_gm_n": 23966.0,
  "summary_gm_p05": 544.4325561523438,
  "summary_gm_p95": 822.9396667480469,
  "summary_gm_stdv": 84.08184051513672,
  "summary_wm_k": 0.3531434787520067,
  "summary_wm_mad": 55.26575469970703,
  "summary_wm_mean": 999.3451538085938,
  "summary_wm_median": 1000.0026245117188,
  "summary_wm_n": 270096.0,
  "summary_wm_p05": 904.3221282958984,
  "summary_wm_p95": 1091.796630859375,
  "summary_wm_stdv": 57.262943267822266,
  "tpm_overlap_csf": 0.2340930998325348,
  "tpm_overlap_gm": 0.5016114711761475,
  "tpm_overlap_wm": 0.573341965675354,
  "wm2max": 0.6126789478887543
}