{
  "aor": 0.009772222222222222,
  "aqi": 0.011601153361111111,
  "bids_meta": {
    "EchoTime": 0.027,
    "FlipAngle": 90,
    "MagneticFieldStrength": 3.0,
    "Manufacturer": "Siemens",
    "ManufacturersModelName": "MAGNETOM Trio",
    "ReceiveCoilName": "Siemens 12 channel Head Matrix Coil (Erlangen, Germany)",
    "RepetitionTime": 2.5,
    "TaskName": "rest",
    "modality": "bold",
    "run_id": "1",
    "subject_id": "076",
    "task_id": "rest"
  },
  "dummy_trs": 0,
  "dvars_nstd": 23.271228572256266,
  "dvars_std": 1.3921385205849586,
  "dvars_vstd": 1.0756797006685235,
  "efc": 0.38105608766216414,
  "fber": 53739.9609375,
  "fd_mean": 0.21192394099728395,
  "fd_num": 130,
  "fd_perc": 36.111111111111114,
  "fwhm_avg": 2.4635189272525952,
  "fwhm_x": 2.2465551339051206,
  "fwhm_y": 2.761225,
  "fwhm_z": 2.382776647852666,
  "gcor": 0.0321118,
  "gsr_x": -0.014899634756147861,
  "gsr_y": 0.013673948124051094,
  "provenance": {
    "md5sum": "6dc8248f5c72e54e7f974417f5d9d058",
    "settings": {
      "fd_thres": 0.2,
      "hmc_fsl": false
    },
    "software": "mriqc",
    "version": "0.9.6"
  },
  "size_t": 360,
  "size_x": 64,
  "size_y": 64,
  "size_z": 32,
  "snr": 5.578673776453721,
  "spacing_tr": 2.5,
  "spacing_x": 3.999999761581421,
  "spacing_y": 4.0,
  "spacing_z": 4.000001430511475,
  "summary_bg_k": 62.634197635451784,
  "summary_bg_mad": 2.2239034175872803,
  "summary_bg_mean": 14.605062484741211,
  "summary_bg_median": 3.6472222805023193,
  "summary_bg_n": 87944.0,
  "summary_bg_p05": 1.625,
  "summary_bg_p95": 64.18527832031245,
  "summary_bg_stdv": 39.853511810302734,
  "summary_fg_k": 5.519751281325995,
  "summary_fg_mad": 112.85074615478516,
  "summary_fg_mean": 855.8486938476562,
  "summary_fg_median": 869.9027709960938,
  "summary_fg_n": 17474.0,
  "summary_fg_p05": 588.3915344238281,
  "summary_fg_p95": 1056.4980468749998,
  "summary_fg_stdv": 155.9291534423828,
  "tsnr": 56.7875862121582
}