{
  "aor": 0.0035602777777777772,
  "aqi": 0.004045392333333333,
  "bids_meta": {
    "EchoTime": 0.027,
    "FlipAngle": 90,
    "MagneticFieldStrength": 3.0,
    "Manufacturer": "Siemens",
    "ManufacturersModelName": "MAGNETOM Trio",
    "ReceiveCoilName": "Siemens 12 channel Head Matrix Coil (Erlangen, Germany)",
    "RepetitionTime": 2.5,
    "TaskName": "rest",
    "modality": "bold",
    "run_id": "1",
    "subject_id": "089",
    "task_id": "rest"
  },
  "dummy_trs": 0,
  "dvars_nstd": 17.16257909011141,
  "dvars_std": 1.4293538759331479,
  "dvars_vstd": 0.9952330549582169,
  "efc": 0.37610910330476977,
  "fber": 53095.95703125,
  "fd_mean": 0.06337240228620392,
  "fd_num": 23,
  "fd_perc": 6.388888888888889,
  "fwhm_avg": 2.5715858333333332,
  "fwhm_x": 2.30927,
  "fwhm_y": 3.0107,
  "fwhm_z": 2.3947875,
  "gcor": 0.0396589,
  "gsr_x": -0.0222182460129261,
  "gsr_y": 0.02343427762389183,
  "provenance": {
    "md5sum": "23f225de98e259457c457f15ed626f4b",
    "settings": {
      "fd_thres": 0.2,
      "hmc_fsl": false
    },
    "software": "mriqc",
    "version": "0.9.6"
  },
  "size_t": 360,
  "size_x": 64,
  "size_y": 64,
  "size_z": 32,
  "snr": 5.038025588083841,
  "spacing_tr": 2.5,
  "spacing_x": 4.0,
  "spacing_y": 4.0,
  "spacing_z": 4.0,
  "summary_bg_k": 107.63278952644755,
  "summary_bg_mad": 2.1703648567199707,
  "summary_bg_mean": 14.662247657775879,
  "summary_bg_median": 3.316666841506958,
  "summary_bg_n": 88815.0,
  "summary_bg_p05": 1.3277778625488281,
  "summary_bg_p95": 70.7202796936036,
  "summary_bg_stdv": 42.623538970947266,
  "summary_fg_k": 4.012471214468205,
  "summary_fg_mad": 107.93342590332031,
  "summary_fg_mean": 772.53173828125,
  "summary_fg_median": 789.2444458007812,
  "summary_fg_n": 16597.0,
  "summary_fg_p05": 475.15223388671876,
  "summary_fg_p95": 973.4300048828122,
  "summary_fg_stdv": 156.65277099609375,
  "tsnr": 90.53157043457031
}