{
  "aor": 0.0019957065217391305,
  "aqi": 0.013092288152173915,
  "bids_meta": {
    "EchoTime": 0.027,
    "FlipAngle": 90,
    "MagneticFieldStrength": 3.0,
    "Manufacturer": "Siemens",
    "ManufacturersModelName": "MAGNETOM Trio",
    "ReceiveCoilName": "Siemens 12 channel Head Matrix Coil (Erlangen, Germany)",
    "RepetitionTime": 2.5,
    "TaskName": "rest",
    "modality": "bold",
    "run_id": "1",
    "subject_id": "083",
    "task_id": "rest"
  },
  "dummy_trs": 0,
  "dvars_nstd": 19.658139359180325,
  "dvars_std": 1.2449470053551912,
  "dvars_vstd": 0.8955149059016394,
  "efc": 0.4431793332392471,
  "fber": 36645.8203125,
  "fd_mean": 0.1060488485727517,
  "fd_num": 17,
  "fd_perc": 9.23913043478261,
  "fwhm_avg": 2.491061666666667,
  "fwhm_x": 2.24813,
  "fwhm_y": 2.797975,
  "fwhm_z": 2.42708,
  "gcor": 0.03093,
  "gsr_x": -0.015166953206062317,
  "gsr_y": 0.024895168840885162,
  "provenance": {
    "md5sum": "ae7dc767fb8526f8c9d02ecc3afa303f",
    "settings": {
      "fd_thres": 0.2,
      "hmc_fsl": false
    },
    "software": "mriqc",
    "version": "0.9.6"
  },
  "size_t": 184,
  "size_x": 64,
  "size_y": 64,
  "size_z": 32,
  "snr": 5.08931329789867,
  "spacing_tr": 2.5,
  "spacing_x": 4.0,
  "spacing_y": 4.0,
  "spacing_z": 4.0,
  "summary_bg_k": 34.105501694777914,
  "summary_bg_mad": 2.8443400859832764,
  "summary_bg_mean": 18.819700241088867,
  "summary_bg_median": 4.22282600402832,
  "summary_bg_n": 80551.0,
  "summary_bg_p05": 1.7826087474822998,
  "summary_bg_p95": 104.84511184692383,
  "summary_bg_stdv": 44.130008697509766,
  "summary_fg_k": 4.373875929571299,
  "summary_fg_mad": 117.23837280273438,
  "summary_fg_mean": 822.2531127929688,
  "summary_fg_median": 838.8152465820312,
  "summary_fg_n": 23244.0,
  "summary_fg_p05": 515.5848114013672,
  "summary_fg_p95": 1035.2274658203125,
  "summary_fg_stdv": 164.81539916992188,
  "tsnr": 57.18765640258789
}