{
  "aor": 0.0029394696969696973,
  "aqi": 0.004513888712121212,
  "bids_meta": {
    "EchoTime": 0.027,
    "FlipAngle": 90,
    "MagneticFieldStrength": 3.0,
    "Manufacturer": "Siemens",
    "ManufacturersModelName": "MAGNETOM Trio",
    "ReceiveCoilName": "Siemens 12 channel Head Matrix Coil (Erlangen, Germany)",
    "RepetitionTime": 2.5,
    "TaskName": "rest",
    "modality": "bold",
    "run_id": "1",
    "subject_id": "109",
    "task_id": "rest"
  },
  "dummy_trs": 0,
  "dvars_nstd": 19.100170084732827,
  "dvars_std": 1.2486166688549616,
  "dvars_vstd": 0.9896356935877866,
  "efc": 0.3931160896120677,
  "fber": 40353.0234375,
  "fd_mean": 0.17650461749502605,
  "fd_num": 45,
  "fd_perc": 34.09090909090909,
  "fwhm_avg": 2.5955769713239967,
  "fwhm_x": 2.325805,
  "fwhm_y": 2.905275,
  "fwhm_z": 2.555650913971989,
  "gcor": 0.023885,
  "gsr_x": -0.023979540914297104,
  "gsr_y": 0.021090544760227203,
  "provenance": {
    "md5sum": "729845172ae7d4c7507f3c543f0b9ff4",
    "settings": {
      "fd_thres": 0.2,
      "hmc_fsl": false
    },
    "software": "mriqc",
    "version": "0.9.6"
  },
  "size_t": 132,
  "size_x": 64,
  "size_y": 64,
  "size_z": 32,
  "snr": 4.996969354314933,
  "spacing_tr": 2.5,
  "spacing_x": 4.0,
  "spacing_y": 4.0,
  "spacing_z": 3.9999985694885254,
  "summary_bg_k": 55.32149347055599,
  "summary_bg_mad": 3.0999863147735596,
  "summary_bg_mean": 21.831743240356445,
  "summary_bg_median": 4.409090995788574,
  "summary_bg_n": 88175.0,
  "summary_bg_p05": 1.7272727489471436,
  "summary_bg_p95": 112.26666717529307,
  "summary_bg_stdv": 53.702571868896484,
  "summary_fg_k": 4.014992383807488,
  "summary_fg_mad": 117.15362548828125,
  "summary_fg_mean": 888.16943359375,
  "summary_fg_median": 915.6591186523438,
  "summary_fg_n": 17598.0,
  "summary_fg_p05": 508.8170486450195,
  "summary_fg_p95": 1105.1367675781246,
  "summary_fg_stdv": 183.23768615722656,
  "tsnr": 88.41770935058594
}