{
  "bids_meta": {
    "EchoTime": 0.03,
    "FlipAngle": 8,
    "MagneticFieldStrength": 3.0,
    "Manufacturer": "Siemens",
    "ManufacturersModelName": "MAGNETOM Trio",
    "ReceiveCoilName": "Siemens 12 channel Head Matrix Coil (Erlangen, Germany)",
    "RepetitionTime": 2.4,
    "modality": "T1w",
    "subject_id": "017"
  },
  "cjv": 0.4833772149070107,
  "cnr": 2.754271653775427,
  "efc": 0.5681544292367913,
  "fber": 1429.3739013671875,
  "fwhm_avg": 3.41088,
  "fwhm_x": 3.42578,
  "fwhm_y": 3.64104,
  "fwhm_z": 3.16582,
  "icvs_csf": 0.186645774762716,
  "icvs_gm": 0.4366982711111631,
  "icvs_wm": 0.3766559541261209,
  "inu_med": 1.0240581035614014,
  "inu_range": 0.4823816120624542,
  "provenance": {
    "md5sum": "69ca91591d9a07b23881d23f95c35364",
    "mriqc_pred": 0,
    "settings": {
      "testing": false
    },
    "software": "mriqc",
    "version": "0.9.6",
    "warnings": {
      "large_rot_frame": true,
      "small_air_mask": false
    }
  },
  "qi_1": 0.0,
  "qi_2": 0.03273952718382802,
  "rpve_csf": 27.449649683743935,
  "rpve_gm": 13.104426355936795,
  "rpve_wm": 18.166021862047753,
  "size_x": 176,
  "size_y": 256,
  "size_z": 256,
  "snr_csf": 2.5132385881591657,
  "snr_gm": 8.232938305971036,
  "snr_total": 8.370821267350859,
  "snr_wm": 14.366286907922374,
  "snrd_csf": 23.29041647200921,
  "snrd_gm": 37.87190666612752,
  "snrd_total": 38.53221715868232,
  "snrd_wm": 54.43432833791022,
  "spacing_x": 1.0,
  "spacing_y": 1.0,
  "spacing_z": 1.0,
  "summary_bg_k": 4.563961134498161,
  "summary_bg_mad": 12.035672187805176,
  "summary_bg_mean": 19.073509216308594,
  "summary_bg_median": 15.61864185333252,
  "summary_bg_n": 3673225.0,
  "summary_bg_p05": 3.3695027828216553,
  "summary_bg_p95": 47.29023208618163,
  "summary_bg_stdv": 14.7472505569458,
  "summary_csf_k": -0.8643275084465825,
  "summary_csf_mad": 194.03778076171875,
  "summary_csf_mean": 404.2948303222656,
  "summary_csf_median": 427.8739929199219,
  "summary_csf_n": 8099.0,
  "summary_csf_p05": 134.50352478027344,
  "summary_csf_p95": 654.9232971191407,
  "summary_csf_stdv": 170.237548828125,
  "summary_gm_k": 0.32011807594101116,
  "summary_gm_mad": 79.7601318359375,
  "summary_gm_mean": 702.1006469726562,
  "summary_gm_median": 695.754150390625,
  "summary_gm_n": 20274.0,
  "summary_gm_p05": 572.9239868164063,
  "summary_gm_p95": 851.9881713867187,
  "summary_gm_stdv": 84.50652313232422,
  "summary_wm_k": 0.31140860849487906,
  "summary_wm_mad": 67.31818389892578,
  "summary_wm_mean": 999.3358764648438,
  "summary_wm_median": 1000.0264892578125,
  "summary_wm_n": 208204.0,
  "summary_wm_p05": 883.087353515625,
  "summary_wm_p95": 1112.2017456054687,
  "summary_wm_stdv": 69.60908508300781,
  "tpm_overlap_csf": 0.22679412364959717,
  "tpm_overlap_gm": 0.521060049533844,
  "tpm_overlap_wm": 0.5631377696990967,
  "wm2max": 0.5791420237906274
}