{
  "aor": 0.0015535911602209945,
  "aqi": 0.004027780538674033,
  "bids_meta": {
    "EchoTime": 0.027,
    "FlipAngle": 90,
    "MagneticFieldStrength": 3.0,
    "Manufacturer": "Siemens",
    "ManufacturersModelName": "MAGNETOM Trio",
    "ReceiveCoilName": "Siemens 12 channel Head Matrix Coil (Erlangen, Germany)",
    "RepetitionTime": 2.5,
    "TaskName": "rest",
    "modality": "bold",
    "run_id": "1",
    "subject_id": "013",
    "task_id": "rest"
  },
  "dummy_trs": 0,
  "dvars_nstd": 16.915704282503484,
  "dvars_std": 1.4006280963623792,
  "dvars_vstd": 1.0028879585753807,
  "efc": 0.4154947513554619,
  "fber": 49438.69921875,
  "fd_mean": 0.11568157341460211,
  "fd_num": 56,
  "fd_perc": 7.734806629834254,
  "fwhm_avg": 2.540474958769595,
  "fwhm_x": 2.2641275,
  "fwhm_y": 2.879800171649466,
  "fwhm_z": 2.4774972046593184,
  "gcor": 0.0453044,
  "gsr_x": -0.011539933271706104,
  "gsr_y": 0.014731420204043388,
  "provenance": {
    "md5sum": "30cafe6bb2ce7e15da5456008b00b353",
    "settings": {
      "fd_thres": 0.2,
      "hmc_fsl": false
    },
    "software": "mriqc",
    "version": "0.9.6"
  },
  "size_t": 724,
  "size_x": 64,
  "size_y": 64,
  "size_z": 32,
  "snr": 5.449613335223081,
  "spacing_tr": 2.5,
  "spacing_x": 4.0,
  "spacing_y": 3.999999761581421,
  "spacing_z": 4.000000476837158,
  "summary_bg_k": 52.65005223229402,
  "summary_bg_mad": 2.7563297748565674,
  "summary_bg_mean": 18.181161880493164,
  "summary_bg_median": 4.1671271324157715,
  "summary_bg_n": 83803.0,
  "summary_bg_p05": 1.8301105499267578,
  "summary_bg_p95": 87.6860557556152,
  "summary_bg_stdv": 47.572452545166016,
  "summary_fg_k": 5.294273283480049,
  "summary_fg_mad": 119.13239288330078,
  "summary_fg_mean": 945.9169311523438,
  "summary_fg_median": 960.8218383789062,
  "summary_fg_n": 20759.0,
  "summary_fg_p05": 644.08125,
  "summary_fg_p95": 1171.7015869140623,
  "summary_fg_stdv": 176.30584716796875,
  "tsnr": 95.71825408935547
}