{
  "aor": 0.001630388888888889,
  "aqi": 0.009738781527777777,
  "bids_meta": {
    "EchoTime": 0.027,
    "FlipAngle": 90,
    "MagneticFieldStrength": 3.0,
    "Manufacturer": "Siemens",
    "ManufacturersModelName": "MAGNETOM Trio",
    "ReceiveCoilName": "Siemens 12 channel Head Matrix Coil (Erlangen, Germany)",
    "RepetitionTime": 2.5,
    "TaskName": "rest",
    "modality": "bold",
    "run_id": "1",
    "subject_id": "090",
    "task_id": "rest"
  },
  "dummy_trs": 0,
  "dvars_nstd": 21.149960520362114,
  "dvars_std": 1.318788820835654,
  "dvars_vstd": 0.9430254422284122,
  "efc": 0.40013708412755855,
  "fber": 52578.734375,
  "fd_mean": 0.12556295430494827,
  "fd_num": 58,
  "fd_perc": 16.11111111111111,
  "fwhm_avg": 2.4383190710962928,
  "fwhm_x": 2.1635,
  "fwhm_y": 2.74635,
  "fwhm_z": 2.4051072132888778,
  "gcor": 0.0362199,
  "gsr_x": -0.013662409037351608,
  "gsr_y": 0.010186152532696724,
  "provenance": {
    "md5sum": "2958e224129eb231e2771aef2782a3db",
    "settings": {
      "fd_thres": 0.2,
      "hmc_fsl": false
    },
    "software": "mriqc",
    "version": "0.9.6"
  },
  "size_t": 360,
  "size_x": 64,
  "size_y": 64,
  "size_z": 32,
  "snr": 5.500252923516499,
  "spacing_tr": 2.5,
  "spacing_x": 4.0,
  "spacing_y": 4.0,
  "spacing_z": 4.000000476837158,
  "summary_bg_k": 80.61646000343268,
  "summary_bg_mad": 2.0797617435455322,
  "summary_bg_mean": 11.140191078186035,
  "summary_bg_median": 3.23888897895813,
  "summary_bg_n": 84847.0,
  "summary_bg_p05": 1.2583333253860474,
  "summary_bg_p95": 47.67611160278311,
  "summary_bg_stdv": 28.85359764099121,
  "summary_fg_k": 5.295596856531711,
  "summary_fg_mad": 99.40855407714844,
  "summary_fg_mean": 756.8043212890625,
  "summary_fg_median": 768.3680419921875,
  "summary_fg_n": 19888.0,
  "summary_fg_p05": 522.4177978515625,
  "summary_fg_p95": 940.8185058593747,
  "summary_fg_stdv": 139.69334411621094,
  "tsnr": 65.77197265625
}