{
  "aor": 0.002370076923076923,
  "aqi": 0.003464307153846153,
  "bids_meta": {
    "EchoTime": 0.027,
    "FlipAngle": 90,
    "MagneticFieldStrength": 3.0,
    "Manufacturer": "Siemens",
    "ManufacturersModelName": "MAGNETOM Trio",
    "ReceiveCoilName": "Siemens 12 channel Head Matrix Coil (Erlangen, Germany)",
    "RepetitionTime": 2.5,
    "TaskName": "rest",
    "modality": "bold",
    "run_id": "1",
    "subject_id": "021",
    "task_id": "rest"
  },
  "dummy_trs": 0,
  "dvars_nstd": 21.725669106511624,
  "dvars_std": 1.5315554075968991,
  "dvars_vstd": 1.0229025365891469,
  "efc": 0.4133262859183737,
  "fber": 43028.1640625,
  "fd_mean": 0.06501796095590341,
  "fd_num": 0,
  "fd_perc": 0.0,
  "fwhm_avg": 2.616680102096808,
  "fwhm_x": 2.370615,
  "fwhm_y": 2.910075,
  "fwhm_z": 2.5693503062904246,
  "gcor": 0.0287983,
  "gsr_x": -0.015446169301867485,
  "gsr_y": 0.01395234651863575,
  "provenance": {
    "md5sum": "5d5fef2a16244f932414ba5dac68d00a",
    "settings": {
      "fd_thres": 0.2,
      "hmc_fsl": false
    },
    "software": "mriqc",
    "version": "0.9.6"
  },
  "size_t": 130,
  "size_x": 64,
  "size_y": 64,
  "size_z": 32,
  "snr": 4.549760348031221,
  "spacing_tr": 2.5,
  "spacing_x": 4.0,
  "spacing_y": 4.0,
  "spacing_z": 3.999999523162842,
  "summary_bg_k": 31.11657208132904,
  "summary_bg_mad": 2.280926465988159,
  "summary_bg_mean": 15.270484924316406,
  "summary_bg_median": 3.5461537837982178,
  "summary_bg_n": 84293.0,
  "summary_bg_p05": 1.3615384101867676,
  "summary_bg_p95": 84.32153930664055,
  "summary_bg_stdv": 37.46587371826172,
  "summary_fg_k": 3.2312611712267154,
  "summary_fg_mad": 119.09854888916016,
  "summary_fg_mean": 740.8062133789062,
  "summary_fg_median": 766.7769165039062,
  "summary_fg_n": 20401.0,
  "summary_fg_p05": 392.21539306640625,
  "summary_fg_p95": 947.6307983398438,
  "summary_fg_stdv": 168.5271453857422,
  "tsnr": 95.58833312988281
}