{
  "bids_meta": {
    "EchoTime": 0.03,
    "FlipAngle": 8,
    "MagneticFieldStrength": 3.0,
    "Manufacturer": "Siemens",
    "ManufacturersModelName": "MAGNETOM Trio",
    "ReceiveCoilName": "Siemens 12 channel Head Matrix Coil (Erlangen, Germany)",
    "RepetitionTime": 2.4,
    "modality": "T1w",
    "subject_id": "034"
  },
  "cjv": 0.40603025257972747,
  "cnr": 3.2292001626201765,
  "efc": 0.5860748237067452,
  "fber": 1239.4794921875,
  "fwhm_avg": 3.3646667971474016,
  "fwhm_x": 3.420100203853858,
  "fwhm_y": 3.52669,
  "fwhm_z": 3.147210187588345,
  "icvs_csf": 0.21795807528126265,
  "icvs_gm": 0.4128534529069155,
  "icvs_wm": 0.36918847181182185,
  "inu_med": 1.1159446239471436,
  "inu_range": 0.4231973171234129,
  "provenance": {
    "md5sum": "c6ec9efffae287148b05ffa9b8bcd49d",
    "mriqc_pred": 0,
    "settings": {
      "testing": false
    },
    "software": "mriqc",
    "version": "0.9.6",
    "warnings": {
      "large_rot_frame": true,
      "small_air_mask": false
    }
  },
  "qi_1": 0.0,
  "qi_2": 0.005438022253783224,
  "rpve_csf": 23.858550620617134,
  "rpve_gm": 12.894625462637087,
  "rpve_wm": 17.7127373536374,
  "size_x": 176,
  "size_y": 256,
  "size_z": 256,
  "snr_csf": 3.4744699220474295,
  "snr_gm": 8.831621405599073,
  "snr_total": 9.683988816035118,
  "snr_wm": 16.74587512045885,
  "snrd_csf": 23.152868498760427,
  "snrd_gm": 36.90791451319911,
  "snrd_total": 38.0701907859983,
  "snrd_wm": 54.149789346035355,
  "spacing_x": 0.9999999403953552,
  "spacing_y": 1.0,
  "spacing_z": 0.9999999403953552,
  "summary_bg_k": 3.638255968886914,
  "summary_bg_mad": 12.098793029785156,
  "summary_bg_mean": 19.259721755981445,
  "summary_bg_median": 15.881351470947266,
  "summary_bg_n": 3804268.0,
  "summary_bg_p05": 3.4423767089843746,
  "summary_bg_p95": 46.20022296905517,
  "summary_bg_stdv": 14.179071426391602,
  "summary_csf_k": -0.07359334338739831,
  "summary_csf_mad": 118.43301391601562,
  "summary_csf_mean": 411.9931945800781,
  "summary_csf_median": 427.5777893066406,
  "summary_csf_n": 6944.0,
  "summary_csf_p05": 184.36479110717772,
  "summary_csf_p95": 589.1684631347655,
  "summary_csf_stdv": 123.05387878417969,
  "summary_gm_k": 0.6391743026564751,
  "summary_gm_mad": 71.86137390136719,
  "summary_gm_mean": 685.1341552734375,
  "summary_gm_median": 681.6004028320312,
  "summary_gm_n": 11608.0,
  "summary_gm_p05": 565.8054656982422,
  "summary_gm_p95": 821.3205261230469,
  "summary_gm_stdv": 77.17394256591797,
  "summary_wm_k": 0.3282602170809481,
  "summary_wm_mad": 57.42513656616211,
  "summary_wm_mean": 999.6353759765625,
  "summary_wm_median": 1000.016357421875,
  "summary_wm_n": 205119.0,
  "summary_wm_p05": 900.7499267578125,
  "summary_wm_p95": 1096.796301269531,
  "summary_wm_stdv": 59.7170295715332,
  "tpm_overlap_csf": 0.1925687938928604,
  "tpm_overlap_gm": 0.495323121547699,
  "tpm_overlap_wm": 0.5603860020637512,
  "wm2max": 0.536995975260346
}