{
  "aor": 0.0014926153846153846,
  "aqi": 0.0028170346923076925,
  "bids_meta": {
    "EchoTime": 0.027,
    "FlipAngle": 90,
    "MagneticFieldStrength": 3.0,
    "Manufacturer": "Siemens",
    "ManufacturersModelName": "MAGNETOM Trio",
    "ReceiveCoilName": "Siemens 12 channel Head Matrix Coil (Erlangen, Germany)",
    "RepetitionTime": 2.5,
    "TaskName": "rest",
    "modality": "bold",
    "run_id": "2",
    "subject_id": "022",
    "task_id": "rest"
  },
  "dummy_trs": 0,
  "dvars_nstd": 21.20326215186047,
  "dvars_std": 1.4325981848837206,
  "dvars_vstd": 1.0217401515503877,
  "efc": 0.4384042054118812,
  "fber": 34129.23828125,
  "fd_mean": 0.10878499195209182,
  "fd_num": 3,
  "fd_perc": 2.3076923076923075,
  "fwhm_avg": 2.420680365289624,
  "fwhm_x": 2.2007625,
  "fwhm_y": 2.763075,
  "fwhm_z": 2.2982035958688716,
  "gcor": 0.0192431,
  "gsr_x": -0.005850454792380333,
  "gsr_y": 0.017055269330739975,
  "provenance": {
    "md5sum": "dcab5518d0bb4273f589ab5848cb6485",
    "settings": {
      "fd_thres": 0.2,
      "hmc_fsl": false
    },
    "software": "mriqc",
    "version": "0.9.6"
  },
  "size_t": 130,
  "size_x": 64,
  "size_y": 64,
  "size_z": 32,
  "snr": 4.695002787711187,
  "spacing_tr": 2.5,
  "spacing_x": 4.0,
  "spacing_y": 4.0,
  "spacing_z": 3.999998092651367,
  "summary_bg_k": 77.47338946823055,
  "summary_bg_mad": 2.3607590198516846,
  "summary_bg_mean": 15.33569049835205,
  "summary_bg_median": 3.423076868057251,
  "summary_bg_n": 81637.0,
  "summary_bg_p05": 1.3923076391220093,
  "summary_bg_p95": 79.4000015258789,
  "summary_bg_stdv": 38.751834869384766,
  "summary_fg_k": 3.374876131692731,
  "summary_fg_mad": 97.76053619384766,
  "summary_fg_mean": 640.5199584960938,
  "summary_fg_median": 658.5,
  "summary_fg_n": 22315.0,
  "summary_fg_p05": 358.6623199462891,
  "summary_fg_p95": 816.2492309570312,
  "summary_fg_stdv": 140.2523651123047,
  "tsnr": 112.25240325927734
}