{
  "aor": 0.0015923611111111112,
  "aqi": 0.004495832222222222,
  "bids_meta": {
    "EchoTime": 0.027,
    "FlipAngle": 90,
    "MagneticFieldStrength": 3.0,
    "Manufacturer": "Siemens",
    "ManufacturersModelName": "MAGNETOM Trio",
    "ReceiveCoilName": "Siemens 12 channel Head Matrix Coil (Erlangen, Germany)",
    "RepetitionTime": 2.5,
    "TaskName": "rest",
    "modality": "bold",
    "run_id": "1",
    "subject_id": "091",
    "task_id": "rest"
  },
  "dummy_trs": 0,
  "dvars_nstd": 16.372406351030634,
  "dvars_std": 1.2676387264623958,
  "dvars_vstd": 0.9727613186629518,
  "efc": 0.40306182130767926,
  "fber": 37893.921875,
  "fd_mean": 0.09134640103999409,
  "fd_num": 18,
  "fd_perc": 5.0,
  "fwhm_avg": 2.5895257349656142,
  "fwhm_x": 2.3423475,
  "fwhm_y": 2.950725,
  "fwhm_z": 2.475504704896843,
  "gcor": 0.0133073,
  "gsr_x": -0.017745109274983406,
  "gsr_y": 0.013539022766053677,
  "provenance": {
    "md5sum": "1c1b24cd406223f5c08ee6e30a7358a9",
    "settings": {
      "fd_thres": 0.2,
      "hmc_fsl": false
    },
    "software": "mriqc",
    "version": "0.9.6"
  },
  "size_t": 360,
  "size_x": 64,
  "size_y": 64,
  "size_z": 32,
  "snr": 4.76286761951002,
  "spacing_tr": 2.5,
  "spacing_x": 4.0,
  "spacing_y": 4.0,
  "spacing_z": 4.000000476837158,
  "summary_bg_k": 33.74221375739121,
  "summary_bg_mad": 2.755169153213501,
  "summary_bg_mean": 17.05924415588379,
  "summary_bg_median": 3.827777862548828,
  "summary_bg_n": 86436.0,
  "summary_bg_p05": 1.5888888835906982,
  "summary_bg_p95": 88.9041690826416,
  "summary_bg_stdv": 40.4170036315918,
  "summary_fg_k": 3.8301826090798414,
  "summary_fg_mad": 104.03955841064453,
  "summary_fg_mean": 744.2026977539062,
  "summary_fg_median": 769.4972534179688,
  "summary_fg_n": 18760.0,
  "summary_fg_p05": 410.5316879272461,
  "summary_fg_p95": 941.0827880859375,
  "summary_fg_stdv": 161.5574493408203,
  "tsnr": 86.64250183105469
}