{
  "aor": 0.005127894736842106,
  "aqi": 0.005451996541353384,
  "bids_meta": {
    "EchoTime": 0.027,
    "FlipAngle": 90,
    "MagneticFieldStrength": 3.0,
    "Manufacturer": "Siemens",
    "ManufacturersModelName": "MAGNETOM Trio",
    "ReceiveCoilName": "Siemens 12 channel Head Matrix Coil (Erlangen, Germany)",
    "RepetitionTime": 2.5,
    "TaskName": "rest",
    "modality": "bold",
    "run_id": "1",
    "subject_id": "033",
    "task_id": "rest"
  },
  "dummy_trs": 0,
  "dvars_nstd": 20.55439619606061,
  "dvars_std": 1.3553143068939395,
  "dvars_vstd": 0.9938065062121219,
  "efc": 0.4172132880416062,
  "fber": 41355.28515625,
  "fd_mean": 0.1391792384649318,
  "fd_num": 19,
  "fd_perc": 14.285714285714286,
  "fwhm_avg": 2.449454307504421,
  "fwhm_x": 2.2109725,
  "fwhm_y": 2.774525,
  "fwhm_z": 2.362865422513263,
  "gcor": 0.0179387,
  "gsr_x": -0.015950459986925125,
  "gsr_y": 0.02084873989224434,
  "provenance": {
    "md5sum": "16d8816c7b237b075a196916db032299",
    "settings": {
      "fd_thres": 0.2,
      "hmc_fsl": false
    },
    "software": "mriqc",
    "version": "0.9.6"
  },
  "size_t": 133,
  "size_x": 64,
  "size_y": 64,
  "size_z": 32,
  "snr": 5.504896724968227,
  "spacing_tr": 2.5,
  "spacing_x": 4.0,
  "spacing_y": 4.0,
  "spacing_z": 3.9999992847442627,
  "summary_bg_k": 30.874272410394845,
  "summary_bg_mad": 2.3186562061309814,
  "summary_bg_mean": 16.610475540161133,
  "summary_bg_median": 3.593985080718994,
  "summary_bg_n": 84137.0,
  "summary_bg_p05": 1.4962406158447266,
  "summary_bg_p95": 91.05564270019526,
  "summary_bg_stdv": 40.74394226074219,
  "summary_fg_k": 4.950117311890891,
  "summary_fg_mad": 101.50251007080078,
  "summary_fg_mean": 744.6312866210938,
  "summary_fg_median": 755.5300903320312,
  "summary_fg_n": 20462.0,
  "summary_fg_p05": 518.8902160644532,
  "summary_fg_p95": 924.5376220703125,
  "summary_fg_stdv": 137.24356079101562,
  "tsnr": 84.34992218017578
}