{
  "bids_meta": {
    "EchoTime": 0.03,
    "FlipAngle": 8,
    "MagneticFieldStrength": 3.0,
    "Manufacturer": "Siemens",
    "ManufacturersModelName": "MAGNETOM Trio",
    "ReceiveCoilName": "Siemens 12 channel Head Matrix Coil (Erlangen, Germany)",
    "RepetitionTime": 2.4,
    "modality": "T1w",
    "subject_id": "026"
  },
  "cjv": 0.4040885849247608,
  "cnr": 3.204644746363279,
  "efc": 0.6028040992359578,
  "fber": 1442.77392578125,
  "fwhm_avg": 3.198296540159797,
  "fwhm_x": 3.1836496204793905,
  "fwhm_y": 3.42175,
  "fwhm_z": 2.98949,
  "icvs_csf": 0.1934421173826186,
  "icvs_gm": 0.4338490920317603,
  "icvs_wm": 0.37270879058562106,
  "inu_med": 1.145408272743225,
  "inu_range": 0.3607139587402344,
  "provenance": {
    "md5sum": "5996efc1fb7ffce30e7d35120a3d2f07",
    "mriqc_pred": 0,
    "settings": {
      "testing": false
    },
    "software": "mriqc",
    "version": "0.9.6",
    "warnings": {
      "large_rot_frame": true,
      "small_air_mask": false
    }
  },
  "qi_1": 0.0,
  "qi_2": 0.033747353295559994,
  "rpve_csf": 26.050733479634673,
  "rpve_gm": 12.696241797041184,
  "rpve_wm": 17.779707194766992,
  "size_x": 176,
  "size_y": 256,
  "size_z": 256,
  "snr_csf": 2.487416299632373,
  "snr_gm": 8.346551599152633,
  "snr_total": 9.245270460757547,
  "snr_wm": 16.901843483487635,
  "snrd_csf": 19.8209233228039,
  "snrd_gm": 38.57295034662213,
  "snrd_total": 38.4952749668293,
  "snrd_wm": 57.091951231061884,
  "spacing_x": 1.0000001192092896,
  "spacing_y": 1.0,
  "spacing_z": 1.0,
  "summary_bg_k": 3.9767542352528222,
  "summary_bg_mad": 11.475138664245605,
  "summary_bg_mean": 18.02194595336914,
  "summary_bg_median": 15.977314949035645,
  "summary_bg_n": 3709171.0,
  "summary_bg_p05": 0.0,
  "summary_bg_p95": 43.95505714416504,
  "summary_bg_stdv": 13.883731842041016,
  "summary_csf_k": -0.6209555806167346,
  "summary_csf_mad": 166.9609375,
  "summary_csf_mean": 339.5229797363281,
  "summary_csf_median": 347.17633056640625,
  "summary_csf_n": 8868.0,
  "summary_csf_p05": 131.17328262329102,
  "summary_csf_p95": 557.1437133789062,
  "summary_csf_stdv": 139.56520080566406,
  "summary_gm_k": 0.44522226857319414,
  "summary_gm_mad": 75.03778076171875,
  "summary_gm_mean": 677.9877319335938,
  "summary_gm_median": 675.6302490234375,
  "summary_gm_n": 18446.0,
  "summary_gm_p05": 547.355224609375,
  "summary_gm_p95": 817.3810882568359,
  "summary_gm_stdv": 80.94503784179688,
  "summary_wm_k": 0.48533038789685756,
  "summary_wm_mad": 56.03736877441406,
  "summary_wm_mean": 999.908203125,
  "summary_wm_median": 1000.0025634765625,
  "summary_wm_n": 214151.0,
  "summary_wm_p05": 902.8907775878906,
  "summary_wm_p95": 1096.8848876953125,
  "summary_wm_stdv": 59.165157318115234,
  "tpm_overlap_csf": 0.2241574227809906,
  "tpm_overlap_gm": 0.512071967124939,
  "tpm_overlap_wm": 0.5626121759414673,
  "wm2max": 0.5958998942644927
}