{
  "aor": 0.001121923076923077,
  "aqi": 0.005351727692307693,
  "bids_meta": {
    "EchoTime": 0.027,
    "FlipAngle": 90,
    "MagneticFieldStrength": 3.0,
    "Manufacturer": "Siemens",
    "ManufacturersModelName": "MAGNETOM Trio",
    "ReceiveCoilName": "Siemens 12 channel Head Matrix Coil (Erlangen, Germany)",
    "RepetitionTime": 2.5,
    "TaskName": "rest",
    "modality": "bold",
    "run_id": "1",
    "subject_id": "026",
    "task_id": "rest"
  },
  "dummy_trs": 0,
  "dvars_nstd": 19.076348260542634,
  "dvars_std": 1.2781703051162794,
  "dvars_vstd": 0.950451809689922,
  "efc": 0.4154765527618724,
  "fber": 39539.13671875,
  "fd_mean": 0.07631234151092112,
  "fd_num": 5,
  "fd_perc": 3.8461538461538463,
  "fwhm_avg": 2.5263309288542577,
  "fwhm_x": 2.23053,
  "fwhm_y": 2.9446,
  "fwhm_z": 2.4038627865627746,
  "gcor": 0.014688,
  "gsr_x": -0.017554987221956253,
  "gsr_y": 0.01914394088089466,
  "provenance": {
    "md5sum": "79c040fd642e898cca487cab14050124",
    "settings": {
      "fd_thres": 0.2,
      "hmc_fsl": false
    },
    "software": "mriqc",
    "version": "0.9.6"
  },
  "size_t": 130,
  "size_x": 64,
  "size_y": 64,
  "size_z": 32,
  "snr": 5.016524575689849,
  "spacing_tr": 2.5,
  "spacing_x": 4.0,
  "spacing_y": 4.0,
  "spacing_z": 3.999999523162842,
  "summary_bg_k": 43.842074190168375,
  "summary_bg_mad": 1.8361459970474243,
  "summary_bg_mean": 12.713252067565918,
  "summary_bg_median": 2.884615421295166,
  "summary_bg_n": 84352.0,
  "summary_bg_p05": 1.2461538314819336,
  "summary_bg_p95": 64.0076904296875,
  "summary_bg_stdv": 30.436689376831055,
  "summary_fg_k": 3.648057277154945,
  "summary_fg_mad": 85.3408432006836,
  "summary_fg_mean": 586.2467651367188,
  "summary_fg_median": 597.015380859375,
  "summary_fg_n": 20199.0,
  "summary_fg_p05": 365.0769256591797,
  "summary_fg_p95": 749.2507690429687,
  "summary_fg_stdv": 119.0068130493164,
  "tsnr": 77.15664672851562
}