{
  "aor": 0.0049446969696969705,
  "aqi": 0.007618371893939394,
  "bids_meta": {
    "EchoTime": 0.027,
    "FlipAngle": 90,
    "MagneticFieldStrength": 3.0,
    "Manufacturer": "Siemens",
    "ManufacturersModelName": "MAGNETOM Trio",
    "ReceiveCoilName": "Siemens 12 channel Head Matrix Coil (Erlangen, Germany)",
    "RepetitionTime": 2.5,
    "TaskName": "rest",
    "modality": "bold",
    "run_id": "1",
    "subject_id": "048",
    "task_id": "rest"
  },
  "dummy_trs": 0,
  "dvars_nstd": 18.83119078610687,
  "dvars_std": 1.298383175725192,
  "dvars_vstd": 0.9083666051908398,
  "efc": 0.44383139228125335,
  "fber": 37810.984375,
  "fd_mean": 0.05843666865793033,
  "fd_num": 5,
  "fd_perc": 3.787878787878788,
  "fwhm_avg": 2.588246078485572,
  "fwhm_x": 2.249155,
  "fwhm_y": 3.0478,
  "fwhm_z": 2.4677832354567157,
  "gcor": 0.0247447,
  "gsr_x": -0.01698860339820385,
  "gsr_y": 0.02416023425757885,
  "provenance": {
    "md5sum": "b3df8c9738374f4a6a0cffc85b8f940d",
    "settings": {
      "fd_thres": 0.2,
      "hmc_fsl": false
    },
    "software": "mriqc",
    "version": "0.9.6"
  },
  "size_t": 132,
  "size_x": 64,
  "size_y": 64,
  "size_z": 32,
  "snr": 5.022313949367358,
  "spacing_tr": 2.5,
  "spacing_x": 4.0,
  "spacing_y": 4.0,
  "spacing_z": 3.9999988079071045,
  "summary_bg_k": 30.819513775685422,
  "summary_bg_mad": 2.875349998474121,
  "summary_bg_mean": 22.62907600402832,
  "summary_bg_median": 4.045454502105713,
  "summary_bg_n": 81332.0,
  "summary_bg_p05": 1.6363637447357178,
  "summary_bg_p95": 126.6212158203125,
  "summary_bg_stdv": 54.76543426513672,
  "summary_fg_k": 3.98946578444592,
  "summary_fg_mad": 110.68977355957031,
  "summary_fg_mean": 798.2086791992188,
  "summary_fg_median": 819.6893920898438,
  "summary_fg_n": 22820.0,
  "summary_fg_p05": 467.2591064453125,
  "summary_fg_p95": 997.440966796875,
  "summary_fg_stdv": 163.2059326171875,
  "tsnr": 75.89710235595703
}