{
  "aor": 0.0008827692307692308,
  "aqi": 0.0033401672307692308,
  "bids_meta": {
    "EchoTime": 0.027,
    "FlipAngle": 90,
    "MagneticFieldStrength": 3.0,
    "Manufacturer": "Siemens",
    "ManufacturersModelName": "MAGNETOM Trio",
    "ReceiveCoilName": "Siemens 12 channel Head Matrix Coil (Erlangen, Germany)",
    "RepetitionTime": 2.5,
    "TaskName": "rest",
    "modality": "bold",
    "run_id": "1",
    "subject_id": "019",
    "task_id": "rest"
  },
  "dummy_trs": 0,
  "dvars_nstd": 18.03556732798449,
  "dvars_std": 1.32352367496124,
  "dvars_vstd": 1.0012364661240312,
  "efc": 0.44227670016569565,
  "fber": 35706.5546875,
  "fd_mean": 0.08530948231679525,
  "fd_num": 3,
  "fd_perc": 2.3076923076923075,
  "fwhm_avg": 2.488845426401278,
  "fwhm_x": 2.2282525,
  "fwhm_y": 2.853675,
  "fwhm_z": 2.384608779203833,
  "gcor": 0.0990903,
  "gsr_x": -0.014037390239536762,
  "gsr_y": 0.02153106778860092,
  "provenance": {
    "md5sum": "7b156470ef0529339be8716ba2e81edc",
    "settings": {
      "fd_thres": 0.2,
      "hmc_fsl": false
    },
    "software": "mriqc",
    "version": "0.9.6"
  },
  "size_t": 130,
  "size_x": 64,
  "size_y": 64,
  "size_z": 32,
  "snr": 5.114365979664575,
  "spacing_tr": 2.5,
  "spacing_x": 4.0,
  "spacing_y": 4.0,
  "spacing_z": 3.999997854232788,
  "summary_bg_k": 29.62918400804876,
  "summary_bg_mad": 2.8967766761779785,
  "summary_bg_mean": 21.833179473876953,
  "summary_bg_median": 3.8384616374969482,
  "summary_bg_n": 81908.0,
  "summary_bg_p05": 1.3692307472229004,
  "summary_bg_p95": 119.86269493102978,
  "summary_bg_stdv": 50.573760986328125,
  "summary_fg_k": 4.810413634615981,
  "summary_fg_mad": 103.72514343261719,
  "summary_fg_mean": 740.6818237304688,
  "summary_fg_median": 752.953857421875,
  "summary_fg_n": 22288.0,
  "summary_fg_p05": 480.6361511230469,
  "summary_fg_p95": 931.9180755615231,
  "summary_fg_stdv": 147.22000122070312,
  "tsnr": 98.71023559570312
}