{
  "aor": 0.0009686944444444446,
  "aqi": 0.0028448836944444445,
  "bids_meta": {
    "EchoTime": 0.027,
    "FlipAngle": 90,
    "MagneticFieldStrength": 3.0,
    "Manufacturer": "Siemens",
    "ManufacturersModelName": "MAGNETOM Trio",
    "ReceiveCoilName": "Siemens 12 channel Head Matrix Coil (Erlangen, Germany)",
    "RepetitionTime": 2.5,
    "TaskName": "rest",
    "modality": "bold",
    "run_id": "1",
    "subject_id": "002",
    "task_id": "rest"
  },
  "dummy_trs": 0,
  "dvars_nstd": 13.000801027994438,
  "dvars_std": 1.2533761280501399,
  "dvars_vstd": 0.9785903974930359,
  "efc": 0.4140914280450741,
  "fber": 47514.29296875,
  "fd_mean": 0.04964899183521826,
  "fd_num": 6,
  "fd_perc": 1.6666666666666667,
  "fwhm_avg": 2.4701586056329847,
  "fwhm_x": 2.247305,
  "fwhm_y": 2.810025,
  "fwhm_z": 2.353145816898954,
  "gcor": 0.0314642,
  "gsr_x": -0.01618010178208351,
  "gsr_y": 0.01219426840543747,
  "provenance": {
    "md5sum": "7d2aa10bd8c6d293e8b841b2d935988a",
    "settings": {
      "fd_thres": 0.2,
      "hmc_fsl": false
    },
    "software": "mriqc",
    "version": "0.9.6"
  },
  "size_t": 360,
  "size_x": 64,
  "size_y": 64,
  "size_z": 32,
  "snr": 5.30218975952171,
  "spacing_tr": 2.5,
  "spacing_x": 4.0,
  "spacing_y": 4.0,
  "spacing_z": 4.000002861022949,
  "summary_bg_k": 80.58831705316388,
  "summary_bg_mad": 2.541015625,
  "summary_bg_mean": 13.271716117858887,
  "summary_bg_median": 3.769444465637207,
  "summary_bg_n": 83324.0,
  "summary_bg_p05": 1.4416667222976685,
  "summary_bg_p95": 58.64722442626953,
  "summary_bg_stdv": 34.078975677490234,
  "summary_fg_k": 4.779376916317276,
  "summary_fg_mad": 115.67799377441406,
  "summary_fg_mean": 835.7843017578125,
  "summary_fg_median": 849.4320068359375,
  "summary_fg_n": 21140.0,
  "summary_fg_p05": 552.8925231933595,
  "summary_fg_p95": 1043.2597534179686,
  "summary_fg_stdv": 160.20021057128906,
  "tsnr": 112.56877899169922
}