{
  "aor": 0.007777727272727272,
  "aqi": 0.008359483712121214,
  "bids_meta": {
    "EchoTime": 0.027,
    "FlipAngle": 90,
    "MagneticFieldStrength": 3.0,
    "Manufacturer": "Siemens",
    "ManufacturersModelName": "MAGNETOM Trio",
    "ReceiveCoilName": "Siemens 12 channel Head Matrix Coil (Erlangen, Germany)",
    "RepetitionTime": 2.5,
    "TaskName": "rest",
    "modality": "bold",
    "run_id": "1",
    "subject_id": "057",
    "task_id": "rest"
  },
  "dummy_trs": 0,
  "dvars_nstd": 16.90735208351145,
  "dvars_std": 1.2458328447328246,
  "dvars_vstd": 0.9887917640458013,
  "efc": 0.4504161069909925,
  "fber": 42670.87109375,
  "fd_mean": 0.11232650372886333,
  "fd_num": 18,
  "fd_perc": 13.636363636363637,
  "fwhm_avg": 2.5134410822660223,
  "fwhm_x": 2.2506125,
  "fwhm_y": 2.876550171455751,
  "fwhm_z": 2.4131605753423155,
  "gcor": 0.0437173,
  "gsr_x": -0.018017452210187912,
  "gsr_y": 0.024603575468063354,
  "provenance": {
    "md5sum": "1b26381361f8a3bbf044cc55f369c270",
    "settings": {
      "fd_thres": 0.2,
      "hmc_fsl": false
    },
    "software": "mriqc",
    "version": "0.9.6"
  },
  "size_t": 132,
  "size_x": 64,
  "size_y": 64,
  "size_z": 32,
  "snr": 5.00919460507295,
  "spacing_tr": 2.5,
  "spacing_x": 4.0,
  "spacing_y": 3.999999761581421,
  "spacing_z": 3.9999990463256836,
  "summary_bg_k": 84.2701293047657,
  "summary_bg_mad": 3.1561458110809326,
  "summary_bg_mean": 18.15618896484375,
  "summary_bg_median": 4.242424488067627,
  "summary_bg_n": 78780.0,
  "summary_bg_p05": 1.628787875175476,
  "summary_bg_p95": 88.66894416809095,
  "summary_bg_stdv": 49.85359573364258,
  "summary_fg_k": 4.150361693198316,
  "summary_fg_mad": 137.7809295654297,
  "summary_fg_mean": 905.819091796875,
  "summary_fg_median": 918.2803344726562,
  "summary_fg_n": 24597.0,
  "summary_fg_p05": 589.3000244140626,
  "summary_fg_p95": 1151.4879150390623,
  "summary_fg_stdv": 183.3152313232422,
  "tsnr": 65.5040512084961
}