{
  "aor": 0.0025284210526315787,
  "aqi": 0.0027391847368421055,
  "bids_meta": {
    "EchoTime": 0.027,
    "FlipAngle": 90,
    "MagneticFieldStrength": 3.0,
    "Manufacturer": "Siemens",
    "ManufacturersModelName": "MAGNETOM Trio",
    "ReceiveCoilName": "Siemens 12 channel Head Matrix Coil (Erlangen, Germany)",
    "RepetitionTime": 2.5,
    "TaskName": "rest",
    "modality": "bold",
    "run_id": "1",
    "subject_id": "045",
    "task_id": "rest"
  },
  "dummy_trs": 0,
  "dvars_nstd": 17.190135052651517,
  "dvars_std": 1.3457391838636363,
  "dvars_vstd": 0.9981530412121211,
  "efc": 0.4179090122625708,
  "fber": 46846.83203125,
  "fd_mean": 0.11151103309125471,
  "fd_num": 8,
  "fd_perc": 6.015037593984962,
  "fwhm_avg": 2.4840110236178297,
  "fwhm_x": 2.2398,
  "fwhm_y": 2.8179,
  "fwhm_z": 2.3943330708534885,
  "gcor": 0.0358086,
  "gsr_x": -0.010074916295707226,
  "gsr_y": 0.020153123885393143,
  "provenance": {
    "md5sum": "6c7935b65c8f3af8d50ef8df3d0e4c1c",
    "settings": {
      "fd_thres": 0.2,
      "hmc_fsl": false
    },
    "software": "mriqc",
    "version": "0.9.6"
  },
  "size_t": 133,
  "size_x": 64,
  "size_y": 64,
  "size_z": 32,
  "snr": 4.826196967381385,
  "spacing_tr": 2.5,
  "spacing_x": 4.0,
  "spacing_y": 4.0,
  "spacing_z": 3.9999990463256836,
  "summary_bg_k": 62.00465437728285,
  "summary_bg_mad": 2.0957086086273193,
  "summary_bg_mean": 15.41105842590332,
  "summary_bg_median": 3.481203079223633,
  "summary_bg_n": 83590.0,
  "summary_bg_p05": 1.4661654233932495,
  "summary_bg_p95": 80.63722114563,
  "summary_bg_stdv": 42.80877685546875,
  "summary_fg_k": 3.8740599404060116,
  "summary_fg_mad": 116.47901916503906,
  "summary_fg_mean": 764.76025390625,
  "summary_fg_median": 780.7518920898438,
  "summary_fg_n": 20931.0,
  "summary_fg_p05": 461.6579132080078,
  "summary_fg_p95": 973.26318359375,
  "summary_fg_stdv": 161.76986694335938,
  "tsnr": 104.8245849609375
}