{
  "aor": 0.001613106060606061,
  "aqi": 0.00465646840909091,
  "bids_meta": {
    "EchoTime": 0.027,
    "FlipAngle": 90,
    "MagneticFieldStrength": 3.0,
    "Manufacturer": "Siemens",
    "ManufacturersModelName": "MAGNETOM Trio",
    "ReceiveCoilName": "Siemens 12 channel Head Matrix Coil (Erlangen, Germany)",
    "RepetitionTime": 2.5,
    "TaskName": "rest",
    "modality": "bold",
    "run_id": "2",
    "subject_id": "065",
    "task_id": "rest"
  },
  "dummy_trs": 0,
  "dvars_nstd": 15.184851689770998,
  "dvars_std": 1.1753452165648854,
  "dvars_vstd": 0.9496840891603056,
  "efc": 0.40357032320497144,
  "fber": 47858.890625,
  "fd_mean": 0.06180412690021481,
  "fd_num": 2,
  "fd_perc": 1.5151515151515151,
  "fwhm_avg": 2.524313242181252,
  "fwhm_x": 2.3541975,
  "fwhm_y": 2.924825,
  "fwhm_z": 2.293917226543757,
  "gcor": 0.018615,
  "gsr_x": -0.011955630034208298,
  "gsr_y": 0.018632961437106133,
  "provenance": {
    "md5sum": "74315391d2c2e37b4d23d85d4131b19e",
    "settings": {
      "fd_thres": 0.2,
      "hmc_fsl": false
    },
    "software": "mriqc",
    "version": "0.9.6"
  },
  "size_t": 132,
  "size_x": 64,
  "size_y": 64,
  "size_z": 32,
  "snr": 4.942439952311925,
  "spacing_tr": 2.5,
  "spacing_x": 4.0,
  "spacing_y": 4.0,
  "spacing_z": 4.000000476837158,
  "summary_bg_k": 66.2320567180146,
  "summary_bg_mad": 2.0329620838165283,
  "summary_bg_mean": 12.965934753417969,
  "summary_bg_median": 3.1818182468414307,
  "summary_bg_n": 84781.0,
  "summary_bg_p05": 1.3333333730697632,
  "summary_bg_p95": 65.33333587646484,
  "summary_bg_stdv": 32.164817810058594,
  "summary_fg_k": 3.8468963050368306,
  "summary_fg_mad": 96.75101470947266,
  "summary_fg_mean": 703.6256713867188,
  "summary_fg_median": 721.6439819335938,
  "summary_fg_n": 19759.0,
  "summary_fg_p05": 418.3204650878906,
  "summary_fg_p95": 884.7212463378905,
  "summary_fg_stdv": 146.00596618652344,
  "tsnr": 84.62992095947266
}