{
  "aor": 0.002761893939393939,
  "aqi": 0.0038673228787878787,
  "bids_meta": {
    "EchoTime": 0.027,
    "FlipAngle": 90,
    "MagneticFieldStrength": 3.0,
    "Manufacturer": "Siemens",
    "ManufacturersModelName": "MAGNETOM Trio",
    "ReceiveCoilName": "Siemens 12 channel Head Matrix Coil (Erlangen, Germany)",
    "RepetitionTime": 2.5,
    "TaskName": "rest",
    "modality": "bold",
    "run_id": "2",
    "subject_id": "119",
    "task_id": "rest"
  },
  "dummy_trs": 0,
  "dvars_nstd": 14.948400730610686,
  "dvars_std": 1.1833545296183212,
  "dvars_vstd": 0.9713323474045803,
  "efc": 0.4246397735472792,
  "fber": 41587.9453125,
  "fd_mean": 0.051010042927786776,
  "fd_num": 0,
  "fd_perc": 0.0,
  "fwhm_avg": 2.532801963686372,
  "fwhm_x": 2.2899075,
  "fwhm_y": 2.898250172749172,
  "fwhm_z": 2.4102482183099445,
  "gcor": 0.0316079,
  "gsr_x": -0.010181374847888947,
  "gsr_y": 0.0183807872235775,
  "provenance": {
    "md5sum": "3ad6bf82a3a10a3de2f98b6eba0ccf6d",
    "settings": {
      "fd_thres": 0.2,
      "hmc_fsl": false
    },
    "software": "mriqc",
    "version": "0.9.6"
  },
  "size_t": 132,
  "size_x": 64,
  "size_y": 64,
  "size_z": 32,
  "snr": 5.068270497585503,
  "spacing_tr": 2.5,
  "spacing_x": 4.0,
  "spacing_y": 3.999999761581421,
  "spacing_z": 3.9999988079071045,
  "summary_bg_k": 28.18679819922639,
  "summary_bg_mad": 2.5383949279785156,
  "summary_bg_mean": 19.140432357788086,
  "summary_bg_median": 3.8636364936828613,
  "summary_bg_n": 83437.0,
  "summary_bg_p05": 1.5681818723678589,
  "summary_bg_p95": 110.88485260009756,
  "summary_bg_stdv": 46.20326614379883,
  "summary_fg_k": 3.882997728499011,
  "summary_fg_mad": 119.83242797851562,
  "summary_fg_mean": 805.7699584960938,
  "summary_fg_median": 821.1212158203125,
  "summary_fg_n": 20911.0,
  "summary_fg_p05": 504.2310791015625,
  "summary_fg_p95": 1019.5151672363281,
  "summary_fg_stdv": 162.00823974609375,
  "tsnr": 91.19595336914062
}