{
  "bids_meta": {
    "EchoTime": 0.03,
    "FlipAngle": 8,
    "MagneticFieldStrength": 3.0,
    "Manufacturer": "Siemens",
    "ManufacturersModelName": "MAGNETOM Trio",
    "ReceiveCoilName": "Siemens 12 channel Head Matrix Coil (Erlangen, Germany)",
    "RepetitionTime": 2.4,
    "modality": "T1w",
    "subject_id": "055"
  },
  "cjv": 0.38255767207705516,
  "cnr": 3.4727860121460017,
  "efc": 0.5398612031951516,
  "fber": 1876.3670654296875,
  "fwhm_avg": 3.436453333333333,
  "fwhm_x": 3.42894,
  "fwhm_y": 3.66994,
  "fwhm_z": 3.21048,
  "icvs_csf": 0.1953751136680251,
  "icvs_gm": 0.426209218951028,
  "icvs_wm": 0.3784156673809469,
  "inu_med": 1.1174571514129639,
  "inu_range": 0.33960604369640335,
  "provenance": {
    "md5sum": "b36841988fbcc6026c6e38b88f790547",
    "mriqc_pred": 0,
    "settings": {
      "testing": false
    },
    "software": "mriqc",
    "version": "0.9.6",
    "warnings": {
      "large_rot_frame": true,
      "small_air_mask": false
    }
  },
  "qi_1": 0.0,
  "qi_2": 0.013232915064863415,
  "rpve_csf": 26.564650378794035,
  "rpve_gm": 13.284896805902548,
  "rpve_wm": 18.24478925391572,
  "size_x": 176,
  "size_y": 256,
  "size_z": 256,
  "snr_csf": 2.8840695570297323,
  "snr_gm": 9.140424167592045,
  "snr_total": 10.619062606626533,
  "snr_wm": 19.83269409525782,
  "snrd_csf": 27.33725796662819,
  "snrd_gm": 48.15091412874736,
  "snrd_total": 48.61713293544983,
  "snrd_wm": 70.36322671097393,
  "spacing_x": 1.0,
  "spacing_y": 1.0,
  "spacing_z": 1.0,
  "summary_bg_k": 3.851064144540268,
  "summary_bg_mad": 9.310731887817383,
  "summary_bg_mean": 14.656832695007324,
  "summary_bg_median": 12.131593704223633,
  "summary_bg_n": 3548940.0,
  "summary_bg_p05": 2.588998055458069,
  "summary_bg_p95": 34.90401668548583,
  "summary_bg_stdv": 10.762994766235352,
  "summary_csf_k": 25.117326296624743,
  "summary_csf_mad": 119.53901672363281,
  "summary_csf_mean": 368.85443115234375,
  "summary_csf_median": 388.51434326171875,
  "summary_csf_n": 11352.0,
  "summary_csf_p05": 149.2955062866211,
  "summary_csf_p95": 548.7963348388671,
  "summary_csf_stdv": 134.70452880859375,
  "summary_gm_k": 0.039265890636368095,
  "summary_gm_mad": 73.82931518554688,
  "summary_gm_mean": 686.0,
  "summary_gm_median": 684.31591796875,
  "summary_gm_n": 21122.0,
  "summary_gm_p05": 564.9323120117188,
  "summary_gm_p95": 812.0951782226563,
  "summary_gm_stdv": 74.86520385742188,
  "summary_wm_k": 0.6555372026651738,
  "summary_wm_mad": 46.936161041259766,
  "summary_wm_mean": 999.50830078125,
  "summary_wm_median": 999.9950561523438,
  "summary_wm_n": 218790.0,
  "summary_wm_p05": 916.0834320068359,
  "summary_wm_p95": 1080.6577880859375,
  "summary_wm_stdv": 50.42142868041992,
  "tpm_overlap_csf": 0.21575216948986053,
  "tpm_overlap_gm": 0.5055699348449707,
  "tpm_overlap_wm": 0.5485370755195618,
  "wm2max": 0.5952579638900283
}