{
  "bids_meta": {
    "EchoTime": 0.03,
    "FlipAngle": 8,
    "MagneticFieldStrength": 3.0,
    "Manufacturer": "Siemens",
    "ManufacturersModelName": "MAGNETOM Trio",
    "ReceiveCoilName": "Siemens 12 channel Head Matrix Coil (Erlangen, Germany)",
    "RepetitionTime": 2.4,
    "modality": "T1w",
    "subject_id": "061"
  },
  "cjv": 0.46008150683022964,
  "cnr": 2.8752962843440395,
  "efc": 0.555216467891805,
  "fber": 2254.447265625,
  "fwhm_avg": 3.4485767303043637,
  "fwhm_x": 3.51705,
  "fwhm_y": 3.62569,
  "fwhm_z": 3.2029901909130922,
  "icvs_csf": 0.18814196091442068,
  "icvs_gm": 0.4052956000574156,
  "icvs_wm": 0.40656243902816375,
  "inu_med": 1.0091488361358643,
  "inu_range": 0.37304230928421,
  "provenance": {
    "md5sum": "148a4420c386bb5d5824120d52af9ae9",
    "mriqc_pred": 0,
    "settings": {
      "testing": false
    },
    "software": "mriqc",
    "version": "0.9.6",
    "warnings": {
      "large_rot_frame": true,
      "small_air_mask": false
    }
  },
  "qi_1": 0.0,
  "qi_2": 0.007096750311104417,
  "rpve_csf": 39.83097949668697,
  "rpve_gm": 19.577235609521036,
  "rpve_wm": 23.744567280689907,
  "size_x": 256,
  "size_y": 256,
  "size_z": 256,
  "snr_csf": 3.232416477187468,
  "snr_gm": 10.409205082113491,
  "snr_total": 11.18415235876158,
  "snr_wm": 19.910835516983777,
  "snrd_csf": 25.76835526525919,
  "snrd_gm": 45.844108742066226,
  "snrd_total": 44.35747373904808,
  "snrd_wm": 61.459957209818825,
  "spacing_x": 1.0,
  "spacing_y": 1.0,
  "spacing_z": 0.9999999403953552,
  "summary_bg_k": 4.614376696435155,
  "summary_bg_mad": 10.659794807434082,
  "summary_bg_mean": 16.05561065673828,
  "summary_bg_median": 13.615522384643555,
  "summary_bg_n": 3905464.0,
  "summary_bg_p05": 2.654680752754212,
  "summary_bg_p95": 39.56544971466064,
  "summary_bg_stdv": 12.309932708740234,
  "summary_csf_k": -0.32388669670997805,
  "summary_csf_mad": 143.49061584472656,
  "summary_csf_mean": 430.11871337890625,
  "summary_csf_median": 419.2796936035156,
  "summary_csf_n": 14840.0,
  "summary_csf_p05": 239.8258499145508,
  "summary_csf_p95": 647.5908813476562,
  "summary_csf_stdv": 129.70654296875,
  "summary_gm_k": 0.24462739653025212,
  "summary_gm_mad": 68.60031127929688,
  "summary_gm_mean": 750.1430053710938,
  "summary_gm_median": 745.9344482421875,
  "summary_gm_n": 17546.0,
  "summary_gm_p05": 638.99365234375,
  "summary_gm_p95": 877.4264373779297,
  "summary_gm_stdv": 71.65899658203125,
  "summary_wm_k": 0.3491599154314753,
  "summary_wm_mad": 48.30049133300781,
  "summary_wm_mean": 1000.3554077148438,
  "summary_wm_median": 1000.0216064453125,
  "summary_wm_n": 253332.0,
  "summary_wm_p05": 918.3860626220703,
  "summary_wm_p95": 1083.2740234375,
  "summary_wm_stdv": 50.22489547729492,
  "tpm_overlap_csf": 0.23212002217769623,
  "tpm_overlap_gm": 0.5016825795173645,
  "tpm_overlap_wm": 0.5678202509880066,
  "wm2max": 0.5976951406351235
}