{
  "bids_meta": {
    "EchoTime": 0.03,
    "FlipAngle": 8,
    "MagneticFieldStrength": 3.0,
    "Manufacturer": "Siemens",
    "ManufacturersModelName": "MAGNETOM Trio",
    "ReceiveCoilName": "Siemens 12 channel Head Matrix Coil (Erlangen, Germany)",
    "RepetitionTime": 2.4,
    "modality": "T1w",
    "subject_id": "012"
  },
  "cjv": 0.381199873735207,
  "cnr": 3.5109517770318672,
  "efc": 0.5424252200162412,
  "fber": 1891.32861328125,
  "fwhm_avg": 3.4945400708669467,
  "fwhm_x": 3.56685021260084,
  "fwhm_y": 3.66241,
  "fwhm_z": 3.25436,
  "icvs_csf": 0.18848463057234138,
  "icvs_gm": 0.4289749635637997,
  "icvs_wm": 0.3825404058638589,
  "inu_med": 1.0552160739898682,
  "inu_range": 0.36197726726531987,
  "provenance": {
    "md5sum": "4b4659b1207b76e7a27cf303479746bd",
    "mriqc_pred": 0,
    "settings": {
      "testing": false
    },
    "software": "mriqc",
    "version": "0.9.6",
    "warnings": {
      "large_rot_frame": true,
      "small_air_mask": false
    }
  },
  "qi_1": 0.0,
  "qi_2": 0.010619694769219238,
  "rpve_csf": 41.17740801846659,
  "rpve_gm": 19.72801041590015,
  "rpve_wm": 26.074839299961436,
  "size_x": 256,
  "size_y": 256,
  "size_z": 256,
  "snr_csf": 2.715424637506362,
  "snr_gm": 10.311877131718163,
  "snr_total": 11.353824158912852,
  "snr_wm": 21.034170707514033,
  "snrd_csf": 20.31895334982565,
  "snrd_gm": 42.980695137764926,
  "snrd_total": 41.42771724390214,
  "snrd_wm": 60.98350324411583,
  "spacing_x": 0.9999999403953552,
  "spacing_y": 1.0,
  "spacing_z": 1.0,
  "summary_bg_k": 4.096716004033411,
  "summary_bg_mad": 10.742792129516602,
  "summary_bg_mean": 15.960387229919434,
  "summary_bg_median": 13.711792945861816,
  "summary_bg_n": 3591244.0,
  "summary_bg_p05": 2.7564926862716677,
  "summary_bg_p95": 38.09868373870848,
  "summary_bg_stdv": 11.764062881469727,
  "summary_csf_k": 5.203448176592522,
  "summary_csf_mad": 120.85018157958984,
  "summary_csf_mean": 361.2246398925781,
  "summary_csf_median": 333.18603515625,
  "summary_csf_n": 13401.0,
  "summary_csf_p05": 207.78973388671875,
  "summary_csf_p95": 579.0797729492188,
  "summary_csf_stdv": 122.69668579101562,
  "summary_gm_k": 0.04797464973234211,
  "summary_gm_mad": 67.6033706665039,
  "summary_gm_mean": 706.550537109375,
  "summary_gm_median": 704.7886352539062,
  "summary_gm_n": 22265.0,
  "summary_gm_p05": 595.0358154296875,
  "summary_gm_p95": 821.1274291992187,
  "summary_gm_stdv": 68.34573364257812,
  "summary_wm_k": 0.5478682938139658,
  "summary_wm_mad": 44.929256439208984,
  "summary_wm_mean": 998.87939453125,
  "summary_wm_median": 999.9949951171875,
  "summary_wm_n": 213991.0,
  "summary_wm_p05": 919.0054016113281,
  "summary_wm_p95": 1074.19580078125,
  "summary_wm_stdv": 47.54133987426758,
  "tpm_overlap_csf": 0.24069328606128693,
  "tpm_overlap_gm": 0.5191999077796936,
  "tpm_overlap_wm": 0.5691244006156921,
  "wm2max": 0.6766196699980709
}