{
  "aor": 0.0014537121212121213,
  "aqi": 0.00548780946969697,
  "bids_meta": {
    "EchoTime": 0.027,
    "FlipAngle": 90,
    "MagneticFieldStrength": 3.0,
    "Manufacturer": "Siemens",
    "ManufacturersModelName": "MAGNETOM Trio",
    "ReceiveCoilName": "Siemens 12 channel Head Matrix Coil (Erlangen, Germany)",
    "RepetitionTime": 2.5,
    "TaskName": "rest",
    "modality": "bold",
    "run_id": "1",
    "subject_id": "107",
    "task_id": "rest"
  },
  "dummy_trs": 0,
  "dvars_nstd": 17.905004239083965,
  "dvars_std": 1.2666523245801522,
  "dvars_vstd": 0.93704542129771,
  "efc": 0.4466132304418998,
  "fber": 31569.265625,
  "fd_mean": 0.07896911017424753,
  "fd_num": 10,
  "fd_perc": 7.575757575757576,
  "fwhm_avg": 2.505382402894211,
  "fwhm_x": 2.2526,
  "fwhm_y": 2.8198,
  "fwhm_z": 2.4437472086826317,
  "gcor": 0.0291392,
  "gsr_x": -0.010249679908156395,
  "gsr_y": 0.021044744178652763,
  "provenance": {
    "md5sum": "d26e5e070c2a2c2d6f26c9d5b254f290",
    "settings": {
      "fd_thres": 0.2,
      "hmc_fsl": false
    },
    "software": "mriqc",
    "version": "0.9.6"
  },
  "size_t": 132,
  "size_x": 64,
  "size_y": 64,
  "size_z": 32,
  "snr": 4.925090725768915,
  "spacing_tr": 2.5,
  "spacing_x": 4.0,
  "spacing_y": 4.0,
  "spacing_z": 4.000000476837158,
  "summary_bg_k": 55.0207673244398,
  "summary_bg_mad": 2.8304224014282227,
  "summary_bg_mean": 14.997488021850586,
  "summary_bg_median": 3.75,
  "summary_bg_n": 79809.0,
  "summary_bg_p05": 1.4166667461395264,
  "summary_bg_p95": 70.37879180908203,
  "summary_bg_stdv": 35.46477127075195,
  "summary_fg_k": 3.7743485714714344,
  "summary_fg_mad": 98.36845397949219,
  "summary_fg_mean": 680.4439697265625,
  "summary_fg_median": 694.6818237304688,
  "summary_fg_n": 23921.0,
  "summary_fg_p05": 405.78790283203125,
  "summary_fg_p95": 862.4091186523438,
  "summary_fg_stdv": 141.04660034179688,
  "tsnr": 81.19432067871094
}