{
  "bids_meta": {
    "EchoTime": 0.03,
    "FlipAngle": 8,
    "MagneticFieldStrength": 3.0,
    "Manufacturer": "Siemens",
    "ManufacturersModelName": "MAGNETOM Trio",
    "ReceiveCoilName": "Siemens 12 channel Head Matrix Coil (Erlangen, Germany)",
    "RepetitionTime": 2.4,
    "modality": "T1w",
    "subject_id": "059"
  },
  "cjv": 0.412954410149398,
  "cnr": 3.2314052121849963,
  "efc": 0.5707694115073985,
  "fber": 1793.9947509765625,
  "fwhm_avg": 3.3959799999999998,
  "fwhm_x": 3.4206,
  "fwhm_y": 3.58764,
  "fwhm_z": 3.1797,
  "icvs_csf": 0.18851245401302627,
  "icvs_gm": 0.41887462968292744,
  "icvs_wm": 0.3926129163040463,
  "inu_med": 1.016470193862915,
  "inu_range": 0.3619808971881867,
  "provenance": {
    "md5sum": "5881a54fd8bd93ba6571fc4281a67a12",
    "mriqc_pred": 0,
    "settings": {
      "testing": false
    },
    "software": "mriqc",
    "version": "0.9.6",
    "warnings": {
      "large_rot_frame": true,
      "small_air_mask": false
    }
  },
  "qi_1": 0.0,
  "qi_2": 0.006698121068444053,
  "rpve_csf": 35.255462344687686,
  "rpve_gm": 16.94825624505921,
  "rpve_wm": 21.428837291740518,
  "size_x": 256,
  "size_y": 256,
  "size_z": 256,
  "snr_csf": 3.3216401707021044,
  "snr_gm": 10.328428674917372,
  "snr_total": 11.144120993448388,
  "snr_wm": 19.78229413472569,
  "snrd_csf": 18.969019258852363,
  "snrd_gm": 42.51486133743664,
  "snrd_total": 40.2078102111714,
  "snrd_wm": 59.1395500372252,
  "spacing_x": 1.0,
  "spacing_y": 1.0,
  "spacing_z": 1.0,
  "summary_bg_k": 3.9767855751975425,
  "summary_bg_mad": 11.077932357788086,
  "summary_bg_mean": 17.19560432434082,
  "summary_bg_median": 14.185464859008789,
  "summary_bg_n": 3857096.0,
  "summary_bg_p05": 3.0147542357444763,
  "summary_bg_p95": 42.015127182006836,
  "summary_bg_stdv": 12.967903137207031,
  "summary_csf_k": 3.7767290473694786,
  "summary_csf_mad": 68.41361999511719,
  "summary_csf_mean": 338.9802551269531,
  "summary_csf_median": 320.75384521484375,
  "summary_csf_n": 23152.0,
  "summary_csf_p05": 221.13825149536132,
  "summary_csf_p95": 532.3250274658203,
  "summary_csf_stdv": 96.56281280517578,
  "summary_gm_k": 0.13744301038435047,
  "summary_gm_mad": 67.63829803466797,
  "summary_gm_mean": 719.8893432617188,
  "summary_gm_median": 718.8988037109375,
  "summary_gm_n": 16353.0,
  "summary_gm_p05": 606.4268554687501,
  "summary_gm_p95": 836.7766967773438,
  "summary_gm_stdv": 69.60176086425781,
  "summary_wm_k": 0.4403676881426244,
  "summary_wm_mad": 48.44844436645508,
  "summary_wm_mean": 1000.1203002929688,
  "summary_wm_median": 1000.0115356445312,
  "summary_wm_n": 257428.0,
  "summary_wm_p05": 917.6379364013673,
  "summary_wm_p95": 1082.9000061035158,
  "summary_wm_stdv": 50.55073928833008,
  "tpm_overlap_csf": 0.23108167946338654,
  "tpm_overlap_gm": 0.4942355155944824,
  "tpm_overlap_wm": 0.5441291928291321,
  "wm2max": 0.6273459489374262
}