{
  "bids_meta": {
    "EchoTime": 0.03,
    "FlipAngle": 8,
    "MagneticFieldStrength": 3.0,
    "Manufacturer": "Siemens",
    "ManufacturersModelName": "MAGNETOM Trio",
    "ReceiveCoilName": "Siemens 12 channel Head Matrix Coil (Erlangen, Germany)",
    "RepetitionTime": 2.4,
    "modality": "T1w",
    "subject_id": "046"
  },
  "cjv": 0.43764928870146247,
  "cnr": 2.9714749927693234,
  "efc": 0.5778964673650844,
  "fber": 1551.10205078125,
  "fwhm_avg": 3.224816666666667,
  "fwhm_x": 3.25614,
  "fwhm_y": 3.45499,
  "fwhm_z": 2.96332,
  "icvs_csf": 0.21416176493800368,
  "icvs_gm": 0.40266288238338077,
  "icvs_wm": 0.3831753526786155,
  "inu_med": 1.169938564300537,
  "inu_range": 0.3454887866973877,
  "provenance": {
    "md5sum": "1981c63041ddc2cae14532dc18c09530",
    "mriqc_pred": 0,
    "settings": {
      "testing": false
    },
    "software": "mriqc",
    "version": "0.9.6",
    "warnings": {
      "large_rot_frame": true,
      "small_air_mask": false
    }
  },
  "qi_1": 0.0,
  "qi_2": 0.004829415857893279,
  "rpve_csf": 25.59361720210777,
  "rpve_gm": 13.794163700204367,
  "rpve_wm": 18.198244396850775,
  "size_x": 176,
  "size_y": 256,
  "size_z": 256,
  "snr_csf": 2.3203347699700814,
  "snr_gm": 8.468538620098679,
  "snr_total": 9.269302187189458,
  "snr_wm": 17.019033171499615,
  "snrd_csf": 18.183676209639355,
  "snrd_gm": 40.926895108809894,
  "snrd_total": 39.277271227853056,
  "snrd_wm": 58.721242365109916,
  "spacing_x": 1.0,
  "spacing_y": 1.0,
  "spacing_z": 1.0,
  "summary_bg_k": 4.154601714357088,
  "summary_bg_mad": 11.156574249267578,
  "summary_bg_mean": 17.470172882080078,
  "summary_bg_median": 15.111513137817383,
  "summary_bg_n": 3837226.0,
  "summary_bg_p05": 0.0,
  "summary_bg_p95": 42.5988655090332,
  "summary_bg_stdv": 13.21517562866211,
  "summary_csf_k": -0.8715613716808819,
  "summary_csf_mad": 162.50033569335938,
  "summary_csf_mean": 315.31317138671875,
  "summary_csf_median": 309.6569519042969,
  "summary_csf_n": 7146.0,
  "summary_csf_p05": 123.0488166809082,
  "summary_csf_p95": 533.4338531494141,
  "summary_csf_stdv": 133.44422912597656,
  "summary_gm_k": 0.38315946581048665,
  "summary_gm_mad": 76.60372924804688,
  "summary_gm_mean": 699.5960693359375,
  "summary_gm_median": 696.9601440429688,
  "summary_gm_n": 10462.0,
  "summary_gm_p05": 566.0454742431641,
  "summary_gm_p95": 839.5397125244141,
  "summary_gm_stdv": 82.2959976196289,
  "summary_wm_k": 0.5115979959333714,
  "summary_wm_mad": 56.015785217285156,
  "summary_wm_mean": 1001.2714233398438,
  "summary_wm_median": 999.987060546875,
  "summary_wm_n": 209130.0,
  "summary_wm_p05": 907.4455444335938,
  "summary_wm_p95": 1099.3780700683594,
  "summary_wm_stdv": 58.75684356689453,
  "tpm_overlap_csf": 0.20249709486961365,
  "tpm_overlap_gm": 0.48122018575668335,
  "tpm_overlap_wm": 0.5733829140663147,
  "wm2max": 0.5683215415201975
}