{
  "aor": 0.0023484615384615384,
  "aqi": 0.002930053846153846,
  "bids_meta": {
    "EchoTime": 0.027,
    "FlipAngle": 90,
    "MagneticFieldStrength": 3.0,
    "Manufacturer": "Siemens",
    "ManufacturersModelName": "MAGNETOM Trio",
    "ReceiveCoilName": "Siemens 12 channel Head Matrix Coil (Erlangen, Germany)",
    "RepetitionTime": 2.5,
    "TaskName": "rest",
    "modality": "bold",
    "run_id": "2",
    "subject_id": "028",
    "task_id": "rest"
  },
  "dummy_trs": 0,
  "dvars_nstd": 20.321776086666663,
  "dvars_std": 1.4816644834883719,
  "dvars_vstd": 1.0314304215503876,
  "efc": 0.42072026576002536,
  "fber": 46328.83984375,
  "fd_mean": 0.10906093340459035,
  "fd_num": 8,
  "fd_perc": 6.153846153846154,
  "fwhm_avg": 2.4235626370790846,
  "fwhm_x": 2.1818325,
  "fwhm_y": 2.78905,
  "fwhm_z": 2.2998054112372537,
  "gcor": 0.0512123,
  "gsr_x": -0.014044541865587234,
  "gsr_y": 0.018849408254027367,
  "provenance": {
    "md5sum": "e818e4df738b429661edca84dfae0478",
    "settings": {
      "fd_thres": 0.2,
      "hmc_fsl": false
    },
    "software": "mriqc",
    "version": "0.9.6"
  },
  "size_t": 130,
  "size_x": 64,
  "size_y": 64,
  "size_z": 32,
  "snr": 5.132517934018676,
  "spacing_tr": 2.5,
  "spacing_x": 4.0,
  "spacing_y": 4.0,
  "spacing_z": 3.9999992847442627,
  "summary_bg_k": 35.42971098907316,
  "summary_bg_mad": 2.337949752807617,
  "summary_bg_mean": 15.749290466308594,
  "summary_bg_median": 3.569230794906616,
  "summary_bg_n": 83479.0,
  "summary_bg_p05": 1.3461538553237915,
  "summary_bg_p95": 85.38538284301751,
  "summary_bg_stdv": 39.204383850097656,
  "summary_fg_k": 4.719211738485137,
  "summary_fg_mad": 109.1537857055664,
  "summary_fg_mean": 781.3916625976562,
  "summary_fg_median": 796.3192138671875,
  "summary_fg_n": 20748.0,
  "summary_fg_p05": 503.0988433837891,
  "summary_fg_p95": 981.4788513183593,
  "summary_fg_stdv": 155.1480255126953,
  "tsnr": 112.90969848632812
}