{
  "bids_meta": {
    "EchoTime": 0.03,
    "FlipAngle": 8,
    "MagneticFieldStrength": 3.0,
    "Manufacturer": "Siemens",
    "ManufacturersModelName": "MAGNETOM Trio",
    "ReceiveCoilName": "Siemens 12 channel Head Matrix Coil (Erlangen, Germany)",
    "RepetitionTime": 2.4,
    "modality": "T1w",
    "subject_id": "028"
  },
  "cjv": 0.506259452795048,
  "cnr": 2.6348080827876856,
  "efc": 0.5608228707404838,
  "fber": 2170.558837890625,
  "fwhm_avg": 3.4248034745097247,
  "fwhm_x": 3.512050209334505,
  "fwhm_y": 3.593590214194668,
  "fwhm_z": 3.16877,
  "icvs_csf": 0.18079346254176276,
  "icvs_gm": 0.4320043187163932,
  "icvs_wm": 0.38720221874184396,
  "inu_med": 0.9597463607788086,
  "inu_range": 0.4449361145496368,
  "provenance": {
    "md5sum": "b738270d39b50ac5c4fc81a725029d6c",
    "mriqc_pred": 0,
    "settings": {
      "testing": false
    },
    "software": "mriqc",
    "version": "0.9.6",
    "warnings": {
      "large_rot_frame": true,
      "small_air_mask": false
    }
  },
  "qi_1": 0.0,
  "qi_2": 0.01516871842281921,
  "rpve_csf": 40.917808219178085,
  "rpve_gm": 18.811086140625974,
  "rpve_wm": 24.37005226582574,
  "size_x": 256,
  "size_y": 256,
  "size_z": 256,
  "snr_csf": 2.9277896364853344,
  "snr_gm": 10.402809525845905,
  "snr_total": 10.42818509936257,
  "snr_wm": 17.95395613575647,
  "snrd_csf": 20.553979477690802,
  "snrd_gm": 44.96352858178291,
  "snrd_total": 41.65861801125801,
  "snrd_wm": 59.4583459743003,
  "spacing_x": 0.9999999403953552,
  "spacing_y": 0.9999999403953552,
  "spacing_z": 1.0,
  "summary_bg_k": 4.054489462528992,
  "summary_bg_mad": 11.018630981445312,
  "summary_bg_mean": 17.367191314697266,
  "summary_bg_median": 14.612214088439941,
  "summary_bg_n": 3864700.0,
  "summary_bg_p05": 0.0,
  "summary_bg_p95": 42.497065162658686,
  "summary_bg_stdv": 13.201233863830566,
  "summary_csf_k": 5.725943547944633,
  "summary_csf_mad": 92.95196533203125,
  "summary_csf_mean": 373.16339111328125,
  "summary_csf_median": 345.6940002441406,
  "summary_csf_n": 15784.0,
  "summary_csf_p05": 234.84343338012695,
  "summary_csf_p95": 601.3860534667966,
  "summary_csf_stdv": 118.06963348388672,
  "summary_gm_k": 0.05847186116815983,
  "summary_gm_mad": 70.47274017333984,
  "summary_gm_mean": 759.43505859375,
  "summary_gm_median": 756.2341918945312,
  "summary_gm_n": 15287.0,
  "summary_gm_p05": 643.3706848144532,
  "summary_gm_p95": 885.2864929199219,
  "summary_gm_stdv": 72.69281005859375,
  "summary_wm_k": 0.3632573886769652,
  "summary_wm_mad": 52.94620132446289,
  "summary_wm_mean": 998.4705810546875,
  "summary_wm_median": 1000.0201416015625,
  "summary_wm_n": 223637.0,
  "summary_wm_p05": 903.5905639648437,
  "summary_wm_p95": 1087.4870117187497,
  "summary_wm_stdv": 55.69902801513672,
  "tpm_overlap_csf": 0.24565564095973969,
  "tpm_overlap_gm": 0.5092136263847351,
  "tpm_overlap_wm": 0.5567981600761414,
  "wm2max": 0.5949126475217147
}