{
  "aor": 0.0015126515151515153,
  "aqi": 0.0028709635606060605,
  "bids_meta": {
    "EchoTime": 0.027,
    "FlipAngle": 90,
    "MagneticFieldStrength": 3.0,
    "Manufacturer": "Siemens",
    "ManufacturersModelName": "MAGNETOM Trio",
    "ReceiveCoilName": "Siemens 12 channel Head Matrix Coil (Erlangen, Germany)",
    "RepetitionTime": 2.5,
    "TaskName": "rest",
    "modality": "bold",
    "run_id": "1",
    "subject_id": "094",
    "task_id": "rest"
  },
  "dummy_trs": 0,
  "dvars_nstd": 17.034338558091598,
  "dvars_std": 1.325159704656488,
  "dvars_vstd": 0.9966307097709923,
  "efc": 0.45252597066759137,
  "fber": 36071.61328125,
  "fd_mean": 0.0565272182642715,
  "fd_num": 1,
  "fd_perc": 0.7575757575757576,
  "fwhm_avg": 2.532403535862048,
  "fwhm_x": 2.2331425,
  "fwhm_y": 2.9493001757919894,
  "fwhm_z": 2.414767931794154,
  "gcor": 0.0385577,
  "gsr_x": -0.013021658174693584,
  "gsr_y": 0.025178201496601105,
  "provenance": {
    "md5sum": "f4368bd227ba96ea0b9504af09816894",
    "settings": {
      "fd_thres": 0.2,
      "hmc_fsl": false
    },
    "software": "mriqc",
    "version": "0.9.6"
  },
  "size_t": 132,
  "size_x": 64,
  "size_y": 64,
  "size_z": 32,
  "snr": 5.007329982463761,
  "spacing_tr": 2.5,
  "spacing_x": 4.0,
  "spacing_y": 3.999999761581421,
  "spacing_z": 3.9999992847442627,
  "summary_bg_k": 29.024720146455373,
  "summary_bg_mad": 3.043827533721924,
  "summary_bg_mean": 20.749238967895508,
  "summary_bg_median": 4.757575988769531,
  "summary_bg_n": 79299.0,
  "summary_bg_p05": 1.954545497894287,
  "summary_bg_p95": 111.78106155395501,
  "summary_bg_stdv": 48.20539474487305,
  "summary_fg_k": 4.386942385524987,
  "summary_fg_mad": 128.71682739257812,
  "summary_fg_mean": 919.2405395507812,
  "summary_fg_median": 941.102294921875,
  "summary_fg_n": 24334.0,
  "summary_fg_p05": 565.839404296875,
  "summary_fg_p95": 1155.4796081542966,
  "summary_fg_stdv": 187.94107055664062,
  "tsnr": 105.94823455810547
}