{
  "bids_meta": {
    "EchoTime": 0.03,
    "FlipAngle": 8,
    "MagneticFieldStrength": 3.0,
    "Manufacturer": "Siemens",
    "ManufacturersModelName": "MAGNETOM Trio",
    "ReceiveCoilName": "Siemens 12 channel Head Matrix Coil (Erlangen, Germany)",
    "RepetitionTime": 2.4,
    "modality": "T1w",
    "subject_id": "048"
  },
  "cjv": 0.4244067196814968,
  "cnr": 3.068546530035735,
  "efc": 0.5931508647850383,
  "fber": 1308.5694580078125,
  "fwhm_avg": 3.2477199999999997,
  "fwhm_x": 3.25206,
  "fwhm_y": 3.46249,
  "fwhm_z": 3.02861,
  "icvs_csf": 0.18937486053202054,
  "icvs_gm": 0.4248513568828984,
  "icvs_wm": 0.3857737825850811,
  "inu_med": 1.1118428707122803,
  "inu_range": 0.43412943184375763,
  "provenance": {
    "md5sum": "f69ad5f172243e5d1cdcefc8ae102014",
    "mriqc_pred": 0,
    "settings": {
      "testing": false
    },
    "software": "mriqc",
    "version": "0.9.6",
    "warnings": {
      "large_rot_frame": true,
      "small_air_mask": false
    }
  },
  "qi_1": 0.0,
  "qi_2": 0.0031306716924326635,
  "rpve_csf": 23.679313929313928,
  "rpve_gm": 11.44503302042335,
  "rpve_wm": 15.19326246547415,
  "size_x": 176,
  "size_y": 256,
  "size_z": 256,
  "snr_csf": 2.809630408179419,
  "snr_gm": 8.492872732601382,
  "snr_total": 9.727736555571802,
  "snr_wm": 17.880706525934603,
  "snrd_csf": 23.81082848904714,
  "snrd_gm": 40.18173495519917,
  "snrd_total": 40.643967771108144,
  "snrd_wm": 57.93933986907811,
  "spacing_x": 1.0,
  "spacing_y": 1.0,
  "spacing_z": 1.0,
  "summary_bg_k": 4.165130353983425,
  "summary_bg_mad": 11.307323455810547,
  "summary_bg_mean": 18.115398406982422,
  "summary_bg_median": 15.977595329284668,
  "summary_bg_n": 3604749.0,
  "summary_bg_p05": 3.1732672214508058,
  "summary_bg_p95": 43.5251235961914,
  "summary_bg_stdv": 13.435772895812988,
  "summary_csf_k": 0.7293891959432419,
  "summary_csf_mad": 153.87020874023438,
  "summary_csf_mean": 385.15631103515625,
  "summary_csf_median": 410.962890625,
  "summary_csf_n": 12957.0,
  "summary_csf_p05": 145.04449462890625,
  "summary_csf_p95": 590.6771728515624,
  "summary_csf_stdv": 146.26373291015625,
  "summary_gm_k": 0.39183773898321084,
  "summary_gm_mad": 76.72955322265625,
  "summary_gm_mean": 696.0283203125,
  "summary_gm_median": 693.5164794921875,
  "summary_gm_n": 19975.0,
  "summary_gm_p05": 565.3163146972656,
  "summary_gm_p95": 834.9017150878906,
  "summary_gm_stdv": 81.65660095214844,
  "summary_wm_k": 0.41175417157244665,
  "summary_wm_mad": 53.34571838378906,
  "summary_wm_mean": 998.7026977539062,
  "summary_wm_median": 1000.0037841796875,
  "summary_wm_n": 246802.0,
  "summary_wm_p05": 904.769564819336,
  "summary_wm_p95": 1088.0528930664063,
  "summary_wm_stdv": 55.926300048828125,
  "tpm_overlap_csf": 0.21586258709430695,
  "tpm_overlap_gm": 0.5032025575637817,
  "tpm_overlap_wm": 0.5640887022018433,
  "wm2max": 0.5703501698925556
}