{
  "aor": 0.0029447727272727273,
  "aqi": 0.00330205303030303,
  "bids_meta": {
    "EchoTime": 0.027,
    "FlipAngle": 90,
    "MagneticFieldStrength": 3.0,
    "Manufacturer": "Siemens",
    "ManufacturersModelName": "MAGNETOM Trio",
    "ReceiveCoilName": "Siemens 12 channel Head Matrix Coil (Erlangen, Germany)",
    "RepetitionTime": 2.5,
    "TaskName": "rest",
    "modality": "bold",
    "run_id": "2",
    "subject_id": "106",
    "task_id": "rest"
  },
  "dummy_trs": 0,
  "dvars_nstd": 20.620755166793877,
  "dvars_std": 1.301258459160306,
  "dvars_vstd": 1.0005855595419846,
  "efc": 0.3865589303199805,
  "fber": 50761.95703125,
  "fd_mean": 0.14701381602761335,
  "fd_num": 28,
  "fd_perc": 21.21212121212121,
  "fwhm_avg": 2.4432843639950743,
  "fwhm_x": 2.180115,
  "fwhm_y": 2.7586751644298535,
  "fwhm_z": 2.391062927555369,
  "gcor": 0.0344401,
  "gsr_x": -0.01891910657286644,
  "gsr_y": 0.016803720965981483,
  "provenance": {
    "md5sum": "0581c2f62bc5ef0174c1e318983bedc6",
    "settings": {
      "fd_thres": 0.2,
      "hmc_fsl": false
    },
    "software": "mriqc",
    "version": "0.9.6"
  },
  "size_t": 132,
  "size_x": 64,
  "size_y": 64,
  "size_z": 32,
  "snr": 5.055597648607415,
  "spacing_tr": 2.5,
  "spacing_x": 4.0,
  "spacing_y": 3.999999761581421,
  "spacing_z": 3.9999992847442627,
  "summary_bg_k": 51.24830196892403,
  "summary_bg_mad": 2.774263858795166,
  "summary_bg_mean": 15.725207328796387,
  "summary_bg_median": 4.4166669845581055,
  "summary_bg_n": 87001.0,
  "summary_bg_p05": 1.7878788709640503,
  "summary_bg_p95": 72.73484802246094,
  "summary_bg_stdv": 39.472251892089844,
  "summary_fg_k": 4.052127628494805,
  "summary_fg_mad": 158.85189819335938,
  "summary_fg_mean": 1026.107666015625,
  "summary_fg_median": 1036.39013671875,
  "summary_fg_n": 18288.0,
  "summary_fg_p05": 703.1397888183594,
  "summary_fg_p95": 1307.8371948242182,
  "summary_fg_stdv": 204.99293518066406,
  "tsnr": 90.99929809570312
}