{
  "aor": 0.0010763076923076922,
  "aqi": 0.005784875615384616,
  "bids_meta": {
    "EchoTime": 0.027,
    "FlipAngle": 90,
    "MagneticFieldStrength": 3.0,
    "Manufacturer": "Siemens",
    "ManufacturersModelName": "MAGNETOM Trio",
    "ReceiveCoilName": "Siemens 12 channel Head Matrix Coil (Erlangen, Germany)",
    "RepetitionTime": 2.5,
    "TaskName": "rest",
    "modality": "bold",
    "run_id": "1",
    "subject_id": "027",
    "task_id": "rest"
  },
  "dummy_trs": 0,
  "dvars_nstd": 22.27588378550388,
  "dvars_std": 1.4089384884496126,
  "dvars_vstd": 0.9302227939534885,
  "efc": 0.40157743413622415,
  "fber": 33152.68359375,
  "fd_mean": 0.09421922690983991,
  "fd_num": 14,
  "fd_perc": 10.76923076923077,
  "fwhm_avg": 2.527172140047534,
  "fwhm_x": 2.3747125,
  "fwhm_y": 2.8242,
  "fwhm_z": 2.382603920142603,
  "gcor": 0.0169345,
  "gsr_x": -0.014067722484469414,
  "gsr_y": 0.014560377225279808,
  "provenance": {
    "md5sum": "c62a4d556f44e83a4fd1e709b24e471e",
    "settings": {
      "fd_thres": 0.2,
      "hmc_fsl": false
    },
    "software": "mriqc",
    "version": "0.9.6"
  },
  "size_t": 130,
  "size_x": 64,
  "size_y": 64,
  "size_z": 32,
  "snr": 4.278790077708357,
  "spacing_tr": 2.5,
  "spacing_x": 4.0,
  "spacing_y": 4.0,
  "spacing_z": 3.999997615814209,
  "summary_bg_k": 55.555261417960274,
  "summary_bg_mad": 2.7143027782440186,
  "summary_bg_mean": 16.634193420410156,
  "summary_bg_median": 3.8384616374969482,
  "summary_bg_n": 86534.0,
  "summary_bg_p05": 1.4769231081008911,
  "summary_bg_p95": 85.48731079101556,
  "summary_bg_stdv": 40.13150405883789,
  "summary_fg_k": 2.798124693668302,
  "summary_fg_mad": 123.88850402832031,
  "summary_fg_mean": 710.7365112304688,
  "summary_fg_median": 731.0076904296875,
  "summary_fg_n": 18463.0,
  "summary_fg_p05": 345.9115386962891,
  "summary_fg_p95": 929.107666015625,
  "summary_fg_stdv": 170.83985900878906,
  "tsnr": 71.47406768798828
}