{
  "aor": 0.0019024242424242426,
  "aqi": 0.002396428181818182,
  "bids_meta": {
    "EchoTime": 0.027,
    "FlipAngle": 90,
    "MagneticFieldStrength": 3.0,
    "Manufacturer": "Siemens",
    "ManufacturersModelName": "MAGNETOM Trio",
    "ReceiveCoilName": "Siemens 12 channel Head Matrix Coil (Erlangen, Germany)",
    "RepetitionTime": 2.5,
    "TaskName": "rest",
    "modality": "bold",
    "run_id": "2",
    "subject_id": "052",
    "task_id": "rest"
  },
  "dummy_trs": 0,
  "dvars_nstd": 14.10570815137405,
  "dvars_std": 1.2489365505343513,
  "dvars_vstd": 0.9736779456488551,
  "efc": 0.3917896811123221,
  "fber": 44294.765625,
  "fd_mean": 0.0780172934377519,
  "fd_num": 5,
  "fd_perc": 3.787878787878788,
  "fwhm_avg": 2.5655708333333336,
  "fwhm_x": 2.327335,
  "fwhm_y": 3.002175,
  "fwhm_z": 2.3672025,
  "gcor": 0.0258384,
  "gsr_x": -0.015563908033072948,
  "gsr_y": 0.013395583257079124,
  "provenance": {
    "md5sum": "9a3149137a69d187ee30e82395eaeea0",
    "settings": {
      "fd_thres": 0.2,
      "hmc_fsl": false
    },
    "software": "mriqc",
    "version": "0.9.6"
  },
  "size_t": 132,
  "size_x": 64,
  "size_y": 64,
  "size_z": 32,
  "snr": 4.844857788336099,
  "spacing_tr": 2.5,
  "spacing_x": 4.0,
  "spacing_y": 4.0,
  "spacing_z": 4.0,
  "summary_bg_k": 42.87705823751729,
  "summary_bg_mad": 2.628249406814575,
  "summary_bg_mean": 16.73853874206543,
  "summary_bg_median": 3.856060743331909,
  "summary_bg_n": 86906.0,
  "summary_bg_p05": 1.651515245437622,
  "summary_bg_p95": 78.28787994384766,
  "summary_bg_stdv": 41.03834915161133,
  "summary_fg_k": 3.751119838285671,
  "summary_fg_mad": 121.12409973144531,
  "summary_fg_mean": 820.7998657226562,
  "summary_fg_median": 841.1364135742188,
  "summary_fg_n": 18099.0,
  "summary_fg_p05": 483.4159301757812,
  "summary_fg_p95": 1040.3348876953125,
  "summary_fg_stdv": 173.60946655273438,
  "tsnr": 104.9442367553711
}