{
  "aor": 0.004660227272727272,
  "aqi": 0.0036308363636363633,
  "bids_meta": {
    "EchoTime": 0.027,
    "FlipAngle": 90,
    "MagneticFieldStrength": 3.0,
    "Manufacturer": "Siemens",
    "ManufacturersModelName": "MAGNETOM Trio",
    "ReceiveCoilName": "Siemens 12 channel Head Matrix Coil (Erlangen, Germany)",
    "RepetitionTime": 2.5,
    "TaskName": "rest",
    "modality": "bold",
    "run_id": "1",
    "subject_id": "099",
    "task_id": "rest"
  },
  "dummy_trs": 0,
  "dvars_nstd": 17.815175078091613,
  "dvars_std": 1.3501309983206105,
  "dvars_vstd": 1.0125578930534356,
  "efc": 0.44386547172302226,
  "fber": 34040.61328125,
  "fd_mean": 0.07633013966540338,
  "fd_num": 4,
  "fd_perc": 3.0303030303030303,
  "fwhm_avg": 2.4664304153228542,
  "fwhm_x": 2.2414625,
  "fwhm_y": 2.835175,
  "fwhm_z": 2.3226537459685628,
  "gcor": 0.0912758,
  "gsr_x": -0.010023869574069977,
  "gsr_y": 0.017854545265436172,
  "provenance": {
    "md5sum": "7306e4ed8bee8f12c1e6872dd8f948c1",
    "settings": {
      "fd_thres": 0.2,
      "hmc_fsl": false
    },
    "software": "mriqc",
    "version": "0.9.6"
  },
  "size_t": 132,
  "size_x": 64,
  "size_y": 64,
  "size_z": 32,
  "snr": 5.1682056259005345,
  "spacing_tr": 2.5,
  "spacing_x": 4.0,
  "spacing_y": 4.0,
  "spacing_z": 3.999997854232788,
  "summary_bg_k": 59.20290999918836,
  "summary_bg_mad": 2.774263858795166,
  "summary_bg_mean": 13.282492637634277,
  "summary_bg_median": 3.75,
  "summary_bg_n": 78856.0,
  "summary_bg_p05": 1.4166667461395264,
  "summary_bg_p95": 60.189395904541016,
  "summary_bg_stdv": 27.748640060424805,
  "summary_fg_k": 4.070238931975849,
  "summary_fg_mad": 104.86044311523438,
  "summary_fg_mean": 722.1006469726562,
  "summary_fg_median": 732.1439819335938,
  "summary_fg_n": 24265.0,
  "summary_fg_p05": 476.392431640625,
  "summary_fg_p95": 915.1970092773438,
  "summary_fg_stdv": 141.66017150878906,
  "tsnr": 90.3692855834961
}