{
  "aor": 0.0031003611111111106,
  "aqi": 0.0026263463333333335,
  "bids_meta": {
    "EchoTime": 0.027,
    "FlipAngle": 90,
    "MagneticFieldStrength": 3.0,
    "Manufacturer": "Siemens",
    "ManufacturersModelName": "MAGNETOM Trio",
    "ReceiveCoilName": "Siemens 12 channel Head Matrix Coil (Erlangen, Germany)",
    "RepetitionTime": 2.5,
    "TaskName": "rest",
    "modality": "bold",
    "run_id": "1",
    "subject_id": "081",
    "task_id": "rest"
  },
  "dummy_trs": 0,
  "dvars_nstd": 14.005060299777154,
  "dvars_std": 1.2709512458495829,
  "dvars_vstd": 1.0121137971030632,
  "efc": 0.40444545808915267,
  "fber": 37432.8046875,
  "fd_mean": 0.07555413380287718,
  "fd_num": 6,
  "fd_perc": 1.6666666666666667,
  "fwhm_avg": 2.5187568590061327,
  "fwhm_x": 2.21998,
  "fwhm_y": 2.9161,
  "fwhm_z": 2.4201905770183982,
  "gcor": 0.0086716,
  "gsr_x": -0.029040871188044548,
  "gsr_y": 0.021102692931890488,
  "provenance": {
    "md5sum": "4ac71619ed38da0ed43de3f433194d21",
    "settings": {
      "fd_thres": 0.2,
      "hmc_fsl": false
    },
    "software": "mriqc",
    "version": "0.9.6"
  },
  "size_t": 360,
  "size_x": 64,
  "size_y": 64,
  "size_z": 32,
  "snr": 4.949450442096571,
  "spacing_tr": 2.5,
  "spacing_x": 4.0,
  "spacing_y": 4.0,
  "spacing_z": 3.9999990463256836,
  "summary_bg_k": 26.73997896960768,
  "summary_bg_mad": 2.433938980102539,
  "summary_bg_mean": 18.926607131958008,
  "summary_bg_median": 3.788888931274414,
  "summary_bg_n": 86979.0,
  "summary_bg_p05": 1.6777777671813965,
  "summary_bg_p95": 107.54805908203117,
  "summary_bg_stdv": 46.27251052856445,
  "summary_fg_k": 3.903700131004652,
  "summary_fg_mad": 112.26802825927734,
  "summary_fg_mean": 746.8488159179688,
  "summary_fg_median": 763.0069580078125,
  "summary_fg_n": 18074.0,
  "summary_fg_p05": 458.1457092285156,
  "summary_fg_p95": 946.9814239501951,
  "summary_fg_stdv": 154.15567016601562,
  "tsnr": 101.43733978271484
}