{
  "bids_meta": {
    "EchoTime": 0.03,
    "FlipAngle": 8,
    "MagneticFieldStrength": 3.0,
    "Manufacturer": "Siemens",
    "ManufacturersModelName": "MAGNETOM Trio",
    "ReceiveCoilName": "Siemens 12 channel Head Matrix Coil (Erlangen, Germany)",
    "RepetitionTime": 2.4,
    "modality": "T1w",
    "subject_id": "114"
  },
  "cjv": 0.39354332542320597,
  "cnr": 3.3005356248644873,
  "efc": 0.5640265824013334,
  "fber": 1561.1773681640625,
  "fwhm_avg": 3.3438133333333333,
  "fwhm_x": 3.3807,
  "fwhm_y": 3.54095,
  "fwhm_z": 3.10979,
  "icvs_csf": 0.1889025771713886,
  "icvs_gm": 0.405278800050718,
  "icvs_wm": 0.40581862277789343,
  "inu_med": 0.9536218643188477,
  "inu_range": 0.350629061460495,
  "provenance": {
    "md5sum": "29ba6a02d0c07d54d1b1769d70797814",
    "mriqc_pred": 0,
    "settings": {
      "testing": false
    },
    "software": "mriqc",
    "version": "0.9.6",
    "warnings": {
      "large_rot_frame": true,
      "small_air_mask": false
    }
  },
  "qi_1": 0.0,
  "qi_2": 0.013554201164491485,
  "rpve_csf": 25.48933358294443,
  "rpve_gm": 12.769220916383901,
  "rpve_wm": 16.13842313064636,
  "size_x": 176,
  "size_y": 256,
  "size_z": 256,
  "snr_csf": 2.4834486716063964,
  "snr_gm": 7.8473489067263955,
  "snr_total": 10.014181002051176,
  "snr_wm": 19.711745427820738,
  "snrd_csf": 24.48061286155954,
  "snrd_gm": 44.43974420480871,
  "snrd_total": 45.084213598412646,
  "snrd_wm": 66.33228372886968,
  "spacing_x": 1.0,
  "spacing_y": 1.0,
  "spacing_z": 1.0,
  "summary_bg_k": 3.5786079866401748,
  "summary_bg_mad": 9.87654972076416,
  "summary_bg_mean": 15.92232894897461,
  "summary_bg_median": 13.743212699890137,
  "summary_bg_n": 3873989.0,
  "summary_bg_p05": 2.6463290691375736,
  "summary_bg_p95": 38.40769805908203,
  "summary_bg_stdv": 11.724493026733398,
  "summary_csf_k": -0.9488363558300761,
  "summary_csf_mad": 183.87667846679688,
  "summary_csf_mean": 354.5201110839844,
  "summary_csf_median": 369.05902099609375,
  "summary_csf_n": 8934.0,
  "summary_csf_p05": 128.62932815551758,
  "summary_csf_p95": 580.9969085693359,
  "summary_csf_stdv": 148.59915161132812,
  "summary_gm_k": 0.20419675295210338,
  "summary_gm_mad": 81.4960708618164,
  "summary_gm_mean": 672.7661743164062,
  "summary_gm_median": 669.9541625976562,
  "summary_gm_n": 19723.0,
  "summary_gm_p05": 536.8827880859375,
  "summary_gm_p95": 821.3154968261716,
  "summary_gm_stdv": 85.37114715576172,
  "summary_wm_k": 0.44775531177698413,
  "summary_wm_mad": 48.389896392822266,
  "summary_wm_mean": 999.695556640625,
  "summary_wm_median": 999.9965209960938,
  "summary_wm_n": 268325.0,
  "summary_wm_p05": 915.7700317382812,
  "summary_wm_p95": 1081.9894287109373,
  "summary_wm_stdv": 50.73090362548828,
  "tpm_overlap_csf": 0.21763169765472412,
  "tpm_overlap_gm": 0.5013588070869446,
  "tpm_overlap_wm": 0.5725749731063843,
  "wm2max": 0.5853097683756773
}