{
  "bids_meta": {
    "EchoTime": 0.03,
    "FlipAngle": 8,
    "MagneticFieldStrength": 3.0,
    "Manufacturer": "Siemens",
    "ManufacturersModelName": "MAGNETOM Trio",
    "ReceiveCoilName": "Siemens 12 channel Head Matrix Coil (Erlangen, Germany)",
    "RepetitionTime": 2.4,
    "modality": "T1w",
    "subject_id": "032"
  },
  "cjv": 0.3906564007755273,
  "cnr": 3.2460082909365595,
  "efc": 0.5695278827542137,
  "fber": 1422.712890625,
  "fwhm_avg": 3.300826666666667,
  "fwhm_x": 3.31063,
  "fwhm_y": 3.52334,
  "fwhm_z": 3.06851,
  "icvs_csf": 0.18626931648763634,
  "icvs_gm": 0.42580983664613653,
  "icvs_wm": 0.38792084686622713,
  "inu_med": 1.0253125429153442,
  "inu_range": 0.42481866478919983,
  "provenance": {
    "md5sum": "2e9cedeb372f3370f6f524e5e0f7f186",
    "mriqc_pred": 0,
    "settings": {
      "testing": false
    },
    "software": "mriqc",
    "version": "0.9.6",
    "warnings": {
      "large_rot_frame": true,
      "small_air_mask": false
    }
  },
  "qi_1": 0.0,
  "qi_2": 0.024194490878085027,
  "rpve_csf": 25.811155146497907,
  "rpve_gm": 12.249626769071453,
  "rpve_wm": 16.499747149852972,
  "size_x": 176,
  "size_y": 256,
  "size_z": 256,
  "snr_csf": 2.318376220093179,
  "snr_gm": 8.309968950046153,
  "snr_total": 9.441620726304139,
  "snr_wm": 17.69651700877309,
  "snrd_csf": 22.022998156234937,
  "snrd_gm": 40.49070288555949,
  "snrd_total": 40.803627131904626,
  "snrd_wm": 59.89718035391945,
  "spacing_x": 1.0,
  "spacing_y": 1.0,
  "spacing_z": 1.0,
  "summary_bg_k": 3.0183884656099975,
  "summary_bg_mad": 10.937743186950684,
  "summary_bg_mean": 16.869731903076172,
  "summary_bg_median": 14.626251220703125,
  "summary_bg_n": 3652959.0,
  "summary_bg_p05": 2.782643294334413,
  "summary_bg_p95": 40.4384578704834,
  "summary_bg_stdv": 12.34574031829834,
  "summary_csf_k": -1.1619911672205023,
  "summary_csf_mad": 211.43035888671875,
  "summary_csf_mean": 357.1448669433594,
  "summary_csf_median": 367.68206787109375,
  "summary_csf_n": 7392.0,
  "summary_csf_p05": 128.20381393432618,
  "summary_csf_p95": 595.0816864013672,
  "summary_csf_stdv": 158.58392333984375,
  "summary_gm_k": 0.7810586297594013,
  "summary_gm_mad": 72.51032257080078,
  "summary_gm_mean": 680.12109375,
  "summary_gm_median": 676.0072021484375,
  "summary_gm_n": 18021.0,
  "summary_gm_p05": 553.2611083984375,
  "summary_gm_p95": 822.41455078125,
  "summary_gm_stdv": 81.34668731689453,
  "summary_wm_k": 0.37563075566100546,
  "summary_wm_mad": 54.061683654785156,
  "summary_wm_mean": 998.775146484375,
  "summary_wm_median": 1000.0054931640625,
  "summary_wm_n": 232893.0,
  "summary_wm_p05": 903.4458984375,
  "summary_wm_p95": 1089.226708984375,
  "summary_wm_stdv": 56.50848388671875,
  "tpm_overlap_csf": 0.22141778469085693,
  "tpm_overlap_gm": 0.5106936693191528,
  "tpm_overlap_wm": 0.5677786469459534,
  "wm2max": 0.5921768159851661
}