{
  "aor": 0.002873939393939394,
  "aqi": 0.0056686475,
  "bids_meta": {
    "EchoTime": 0.027,
    "FlipAngle": 90,
    "MagneticFieldStrength": 3.0,
    "Manufacturer": "Siemens",
    "ManufacturersModelName": "MAGNETOM Trio",
    "ReceiveCoilName": "Siemens 12 channel Head Matrix Coil (Erlangen, Germany)",
    "RepetitionTime": 2.5,
    "TaskName": "rest",
    "modality": "bold",
    "run_id": "1",
    "subject_id": "054",
    "task_id": "rest"
  },
  "dummy_trs": 0,
  "dvars_nstd": 19.952129437175564,
  "dvars_std": 1.3054519297709928,
  "dvars_vstd": 0.954167683053435,
  "efc": 0.39628819603995674,
  "fber": 49192.15234375,
  "fd_mean": 0.1335565787262067,
  "fd_num": 22,
  "fd_perc": 16.666666666666668,
  "fwhm_avg": 2.4505808333333334,
  "fwhm_x": 2.2088425,
  "fwhm_y": 2.797775,
  "fwhm_z": 2.345125,
  "gcor": 0.0468259,
  "gsr_x": -0.00910161342471838,
  "gsr_y": 0.016069384291768074,
  "provenance": {
    "md5sum": "e6a8ccdfdaf6899369ff57648e263107",
    "settings": {
      "fd_thres": 0.2,
      "hmc_fsl": false
    },
    "software": "mriqc",
    "version": "0.9.6"
  },
  "size_t": 132,
  "size_x": 64,
  "size_y": 64,
  "size_z": 32,
  "snr": 4.82605558674747,
  "spacing_tr": 2.5,
  "spacing_x": 4.0,
  "spacing_y": 4.0,
  "spacing_z": 4.0,
  "summary_bg_k": 66.97690890340411,
  "summary_bg_mad": 2.3811488151550293,
  "summary_bg_mean": 13.097461700439453,
  "summary_bg_median": 3.704545497894287,
  "summary_bg_n": 85331.0,
  "summary_bg_p05": 1.6060606241226196,
  "summary_bg_p95": 61.064395904541016,
  "summary_bg_stdv": 32.531253814697266,
  "summary_fg_k": 3.846082399285865,
  "summary_fg_mad": 127.79580688476562,
  "summary_fg_mean": 835.1912231445312,
  "summary_fg_median": 856.189453125,
  "summary_fg_n": 19362.0,
  "summary_fg_p05": 488.71289215087893,
  "summary_fg_p95": 1063.3269348144531,
  "summary_fg_stdv": 177.4051971435547,
  "tsnr": 74.5162582397461
}