{
  "aor": 0.0010070454545454547,
  "aqi": 0.002240656212121212,
  "bids_meta": {
    "EchoTime": 0.027,
    "FlipAngle": 90,
    "MagneticFieldStrength": 3.0,
    "Manufacturer": "Siemens",
    "ManufacturersModelName": "MAGNETOM Trio",
    "ReceiveCoilName": "Siemens 12 channel Head Matrix Coil (Erlangen, Germany)",
    "RepetitionTime": 2.5,
    "TaskName": "rest",
    "modality": "bold",
    "run_id": "1",
    "subject_id": "050",
    "task_id": "rest"
  },
  "dummy_trs": 0,
  "dvars_nstd": 18.94322171816793,
  "dvars_std": 1.3425893217557259,
  "dvars_vstd": 0.9865022380916032,
  "efc": 0.4103572540481957,
  "fber": 43684.36328125,
  "fd_mean": 0.1689053960479185,
  "fd_num": 48,
  "fd_perc": 36.36363636363637,
  "fwhm_avg": 2.4904031003874616,
  "fwhm_x": 2.2061175,
  "fwhm_y": 2.838000169157992,
  "fwhm_z": 2.4270916320043927,
  "gcor": 0.0167464,
  "gsr_x": -0.014643257483839989,
  "gsr_y": 0.015693489462137222,
  "provenance": {
    "md5sum": "ea8001aea57d36efb28031230fc10c1c",
    "settings": {
      "fd_thres": 0.2,
      "hmc_fsl": false
    },
    "software": "mriqc",
    "version": "0.9.6"
  },
  "size_t": 132,
  "size_x": 64,
  "size_y": 64,
  "size_z": 32,
  "snr": 4.772284212928763,
  "spacing_tr": 2.5,
  "spacing_x": 4.0,
  "spacing_y": 3.999999761581421,
  "spacing_z": 4.000001430511475,
  "summary_bg_k": 55.14408618314639,
  "summary_bg_mad": 2.3586857318878174,
  "summary_bg_mean": 15.115565299987793,
  "summary_bg_median": 3.78787899017334,
  "summary_bg_n": 84247.0,
  "summary_bg_p05": 1.6060606241226196,
  "summary_bg_p95": 74.60606384277321,
  "summary_bg_stdv": 40.09633255004883,
  "summary_fg_k": 3.7302627910844546,
  "summary_fg_mad": 125.45960235595703,
  "summary_fg_mean": 808.7191772460938,
  "summary_fg_median": 824.1439819335938,
  "summary_fg_n": 20351.0,
  "summary_fg_p05": 486.8863830566406,
  "summary_fg_p95": 1036.9886474609375,
  "summary_fg_stdv": 172.6895751953125,
  "tsnr": 112.42877197265625
}