{
  "bids_meta": {
    "EchoTime": 0.03,
    "FlipAngle": 8,
    "MagneticFieldStrength": 3.0,
    "Manufacturer": "Siemens",
    "ManufacturersModelName": "MAGNETOM Trio",
    "ReceiveCoilName": "Siemens 12 channel Head Matrix Coil (Erlangen, Germany)",
    "RepetitionTime": 2.4,
    "modality": "T1w",
    "subject_id": "011"
  },
  "cjv": 0.40569391242142766,
  "cnr": 3.2593088177043477,
  "efc": 0.5751223521758528,
  "fber": 1678.878173828125,
  "fwhm_avg": 3.6387033333333334,
  "fwhm_x": 3.66731,
  "fwhm_y": 3.81496,
  "fwhm_z": 3.43384,
  "icvs_csf": 0.18603093051058903,
  "icvs_gm": 0.4285662041390166,
  "icvs_wm": 0.38540286535039436,
  "inu_med": 1.0353302955627441,
  "inu_range": 0.5303884148597713,
  "provenance": {
    "md5sum": "8351c11dc6b8d65951ea7a33fa1ac736",
    "mriqc_pred": 0,
    "settings": {
      "testing": false
    },
    "software": "mriqc",
    "version": "0.9.6",
    "warnings": {
      "large_rot_frame": true,
      "small_air_mask": false
    }
  },
  "qi_1": 0.0,
  "qi_2": 0.009130257326213137,
  "rpve_csf": 35.288483910131944,
  "rpve_gm": 16.471273944999865,
  "rpve_wm": 21.24704459796594,
  "size_x": 256,
  "size_y": 256,
  "size_z": 256,
  "snr_csf": 2.9533357034168968,
  "snr_gm": 11.123634339095455,
  "snr_total": 10.442390616388304,
  "snr_wm": 17.25020180665256,
  "snrd_csf": 17.880280268472248,
  "snrd_gm": 41.69415853510822,
  "snrd_total": 39.30907526271101,
  "snrd_wm": 58.35278698455257,
  "spacing_x": 1.0,
  "spacing_y": 1.0,
  "spacing_z": 1.0,
  "summary_bg_k": 4.072940290157135,
  "summary_bg_mad": 11.227289199829102,
  "summary_bg_mean": 18.02597999572754,
  "summary_bg_median": 14.770456314086914,
  "summary_bg_n": 4220674.0,
  "summary_bg_p05": 3.243957471847535,
  "summary_bg_p95": 43.96774692535397,
  "summary_bg_stdv": 13.620742797851562,
  "summary_csf_k": 1.5700997327562316,
  "summary_csf_mad": 79.95475006103516,
  "summary_csf_mean": 329.2158203125,
  "summary_csf_median": 306.4202880859375,
  "summary_csf_n": 18854.0,
  "summary_csf_p05": 198.7945671081543,
  "summary_csf_p95": 540.5859863281247,
  "summary_csf_stdv": 103.75121307373047,
  "summary_gm_k": 0.2780739283180993,
  "summary_gm_mad": 61.16539764404297,
  "summary_gm_mean": 714.908447265625,
  "summary_gm_median": 714.526611328125,
  "summary_gm_n": 22105.0,
  "summary_gm_p05": 608.2303466796875,
  "summary_gm_p95": 821.2493408203126,
  "summary_gm_stdv": 64.2335433959961,
  "summary_wm_k": 0.4139243396008201,
  "summary_wm_mad": 54.653900146484375,
  "summary_wm_mean": 998.5626220703125,
  "summary_wm_median": 1000.0110473632812,
  "summary_wm_n": 239534.0,
  "summary_wm_p05": 899.9370056152344,
  "summary_wm_p95": 1091.3404235839844,
  "summary_wm_stdv": 57.970855712890625,
  "tpm_overlap_csf": 0.2224251925945282,
  "tpm_overlap_gm": 0.49211522936820984,
  "tpm_overlap_wm": 0.5295392274856567,
  "wm2max": 0.5991621294368621
}