{
  "aor": 0.0016878461538461537,
  "aqi": 0.0036705826923076924,
  "bids_meta": {
    "EchoTime": 0.027,
    "FlipAngle": 90,
    "MagneticFieldStrength": 3.0,
    "Manufacturer": "Siemens",
    "ManufacturersModelName": "MAGNETOM Trio",
    "ReceiveCoilName": "Siemens 12 channel Head Matrix Coil (Erlangen, Germany)",
    "RepetitionTime": 2.5,
    "TaskName": "rest",
    "modality": "bold",
    "run_id": "2",
    "subject_id": "015",
    "task_id": "rest"
  },
  "dummy_trs": 0,
  "dvars_nstd": 18.870336806279067,
  "dvars_std": 1.3634609032558136,
  "dvars_vstd": 1.0150740996124028,
  "efc": 0.4446816900911647,
  "fber": 31958.494140625,
  "fd_mean": 0.1058972639126076,
  "fd_num": 12,
  "fd_perc": 9.23076923076923,
  "fwhm_avg": 2.5563820056007724,
  "fwhm_x": 2.402205,
  "fwhm_y": 2.829925,
  "fwhm_z": 2.437016016802318,
  "gcor": 0.0540006,
  "gsr_x": -0.009609535336494446,
  "gsr_y": 0.017687354236841202,
  "provenance": {
    "md5sum": "0d0bce7c0ba680e52e4cf5cda4a71df2",
    "settings": {
      "fd_thres": 0.2,
      "hmc_fsl": false
    },
    "software": "mriqc",
    "version": "0.9.6"
  },
  "size_t": 130,
  "size_x": 64,
  "size_y": 64,
  "size_z": 32,
  "snr": 4.6032633507487315,
  "spacing_tr": 2.5,
  "spacing_x": 4.0,
  "spacing_y": 4.0,
  "spacing_z": 3.9999983310699463,
  "summary_bg_k": 51.590640614807306,
  "summary_bg_mad": 2.8283486366271973,
  "summary_bg_mean": 17.364852905273438,
  "summary_bg_median": 4.069230556488037,
  "summary_bg_n": 80423.0,
  "summary_bg_p05": 1.692307710647583,
  "summary_bg_p95": 87.13076782226562,
  "summary_bg_stdv": 43.938621520996094,
  "summary_fg_k": 3.2290340233956965,
  "summary_fg_mad": 118.02655029296875,
  "summary_fg_mean": 738.8756713867188,
  "summary_fg_median": 761.3884887695312,
  "summary_fg_n": 23292.0,
  "summary_fg_p05": 410.07770385742185,
  "summary_fg_p95": 948.6134613037109,
  "summary_fg_stdv": 165.39834594726562,
  "tsnr": 91.11276245117188
}