{
  "bids_meta": {
    "EchoTime": 0.03,
    "FlipAngle": 8,
    "MagneticFieldStrength": 3.0,
    "Manufacturer": "Siemens",
    "ManufacturersModelName": "MAGNETOM Trio",
    "ReceiveCoilName": "Siemens 12 channel Head Matrix Coil (Erlangen, Germany)",
    "RepetitionTime": 2.4,
    "modality": "T1w",
    "subject_id": "042"
  },
  "cjv": 0.4167054968712493,
  "cnr": 3.0967687177444834,
  "efc": 0.5932926226689644,
  "fber": 1166.7427978515625,
  "fwhm_avg": 3.3451966666666664,
  "fwhm_x": 3.37512,
  "fwhm_y": 3.5411,
  "fwhm_z": 3.11937,
  "icvs_csf": 0.19360592390687553,
  "icvs_gm": 0.40709271069171377,
  "icvs_wm": 0.39930136540141065,
  "inu_med": 1.0547902584075928,
  "inu_range": 0.42792175412178035,
  "provenance": {
    "md5sum": "6e97cc97c3dc0aa892e02a9f87523b50",
    "mriqc_pred": 0,
    "settings": {
      "testing": false
    },
    "software": "mriqc",
    "version": "0.9.6",
    "warnings": {
      "large_rot_frame": true,
      "small_air_mask": false
    }
  },
  "qi_1": 0.0,
  "qi_2": 0.030568188942664692,
  "rpve_csf": 24.43061203122229,
  "rpve_gm": 12.349594875124104,
  "rpve_wm": 15.850785854616896,
  "size_x": 176,
  "size_y": 256,
  "size_z": 256,
  "snr_csf": 2.598313492338818,
  "snr_gm": 8.19387647522169,
  "snr_total": 9.602529609540094,
  "snr_wm": 18.015398861059772,
  "snrd_csf": 19.390784293437534,
  "snrd_gm": 33.20196747216202,
  "snrd_total": 33.670346488375294,
  "snrd_wm": 48.418287699526346,
  "spacing_x": 1.0,
  "spacing_y": 1.0,
  "spacing_z": 1.0,
  "summary_bg_k": 2.7201014884455086,
  "summary_bg_mad": 13.530900955200195,
  "summary_bg_mean": 20.389728546142578,
  "summary_bg_median": 17.26663589477539,
  "summary_bg_n": 3692736.0,
  "summary_bg_p05": 3.50359845161438,
  "summary_bg_p95": 48.328941345214844,
  "summary_bg_stdv": 14.638361930847168,
  "summary_csf_k": -1.008119660760185,
  "summary_csf_mad": 188.21859741210938,
  "summary_csf_mean": 379.6793518066406,
  "summary_csf_median": 400.4888000488281,
  "summary_csf_n": 9107.0,
  "summary_csf_p05": 139.65198974609376,
  "summary_csf_p95": 606.0516052246094,
  "summary_csf_stdv": 154.12567138671875,
  "summary_gm_k": 0.39693998635396577,
  "summary_gm_mad": 77.58387756347656,
  "summary_gm_mean": 688.755126953125,
  "summary_gm_median": 685.7389526367188,
  "summary_gm_n": 15963.0,
  "summary_gm_p05": 555.1327941894532,
  "summary_gm_p95": 832.4491882324219,
  "summary_gm_stdv": 83.68657684326172,
  "summary_wm_k": 0.3216452579857507,
  "summary_wm_mad": 53.37467575073242,
  "summary_wm_mean": 999.6076049804688,
  "summary_wm_median": 1000.0101928710938,
  "summary_wm_n": 255167.0,
  "summary_wm_p05": 906.9603393554687,
  "summary_wm_p95": 1089.5390869140624,
  "summary_wm_stdv": 55.50852584838867,
  "tpm_overlap_csf": 0.21805007755756378,
  "tpm_overlap_gm": 0.4970647394657135,
  "tpm_overlap_wm": 0.5705118775367737,
  "wm2max": 0.5988646822334742
}