{
  "bids_meta": {
    "EchoTime": 0.03,
    "FlipAngle": 8,
    "MagneticFieldStrength": 3.0,
    "Manufacturer": "Siemens",
    "ManufacturersModelName": "MAGNETOM Trio",
    "ReceiveCoilName": "Siemens 12 channel Head Matrix Coil (Erlangen, Germany)",
    "RepetitionTime": 2.4,
    "modality": "T1w",
    "subject_id": "091"
  },
  "cjv": 0.43506866535973643,
  "cnr": 3.0822978882458703,
  "efc": 0.5490553836156571,
  "fber": 1978.1168212890625,
  "fwhm_avg": 3.4898801420658914,
  "fwhm_x": 3.5006802086568003,
  "fwhm_y": 3.6497302175408732,
  "fwhm_z": 3.31923,
  "icvs_csf": 0.19253830972313285,
  "icvs_gm": 0.40824805816351184,
  "icvs_wm": 0.3992136321133553,
  "inu_med": 1.0715175867080688,
  "inu_range": 0.3572395831346512,
  "provenance": {
    "md5sum": "3cd99b4ac56fdd9cf639802cb93a7e51",
    "mriqc_pred": 0,
    "settings": {
      "testing": false
    },
    "software": "mriqc",
    "version": "0.9.6",
    "warnings": {
      "large_rot_frame": true,
      "small_air_mask": false
    }
  },
  "qi_1": 0.0,
  "qi_2": 0.005149810864967201,
  "rpve_csf": 42.65521415983449,
  "rpve_gm": 21.078785481359766,
  "rpve_wm": 25.90878287702793,
  "size_x": 256,
  "size_y": 256,
  "size_z": 256,
  "snr_csf": 3.4217102328835973,
  "snr_gm": 10.809653954603942,
  "snr_total": 11.659215624600572,
  "snr_wm": 20.746282686314174,
  "snrd_csf": 23.58115989123919,
  "snrd_gm": 48.55204529239121,
  "snrd_total": 45.93316200179007,
  "snrd_wm": 65.66628082173983,
  "spacing_x": 0.9999999403953552,
  "spacing_y": 0.9999999403953552,
  "spacing_z": 1.0,
  "summary_bg_k": 4.319578457278417,
  "summary_bg_mad": 9.976723670959473,
  "summary_bg_mean": 15.861334800720215,
  "summary_bg_median": 13.103378295898438,
  "summary_bg_n": 3946368.0,
  "summary_bg_p05": 2.6892179369926454,
  "summary_bg_p95": 39.05700798034668,
  "summary_bg_stdv": 12.170666694641113,
  "summary_csf_k": 5.6630411519024175,
  "summary_csf_mad": 88.72945404052734,
  "summary_csf_mean": 373.8697814941406,
  "summary_csf_median": 359.1049499511719,
  "summary_csf_n": 17420.0,
  "summary_csf_p05": 233.97295913696288,
  "summary_csf_p95": 566.4679534912109,
  "summary_csf_stdv": 104.94595336914062,
  "summary_gm_k": 0.05026516245754742,
  "summary_gm_mad": 67.62567138671875,
  "summary_gm_mean": 740.6111450195312,
  "summary_gm_median": 739.373291015625,
  "summary_gm_n": 11570.0,
  "summary_gm_p05": 629.2584686279297,
  "summary_gm_p95": 854.2838226318358,
  "summary_gm_stdv": 68.39639282226562,
  "summary_wm_k": 0.5044637650930808,
  "summary_wm_mad": 45.76348876953125,
  "summary_wm_mean": 1000.5191040039062,
  "summary_wm_median": 999.9968872070312,
  "summary_wm_n": 224767.0,
  "summary_wm_p05": 922.2855163574218,
  "summary_wm_p95": 1079.8415161132812,
  "summary_wm_stdv": 48.201148986816406,
  "tpm_overlap_csf": 0.24630102515220642,
  "tpm_overlap_gm": 0.512866735458374,
  "tpm_overlap_wm": 0.5870409607887268,
  "wm2max": 0.6635048828651343
}