{
  "bids_meta": {
    "EchoTime": 0.03,
    "FlipAngle": 8,
    "MagneticFieldStrength": 3.0,
    "Manufacturer": "Siemens",
    "ManufacturersModelName": "MAGNETOM Trio",
    "ReceiveCoilName": "Siemens 12 channel Head Matrix Coil (Erlangen, Germany)",
    "RepetitionTime": 2.4,
    "modality": "T1w",
    "subject_id": "043"
  },
  "cjv": 0.3694063643367507,
  "cnr": 3.5015356577525147,
  "efc": 0.537288234864236,
  "fber": 1443.517333984375,
  "fwhm_avg": 3.2651167322584036,
  "fwhm_x": 3.30134019677521,
  "fwhm_y": 3.50697,
  "fwhm_z": 2.98704,
  "icvs_csf": 0.19289327888035068,
  "icvs_gm": 0.4272847722608634,
  "icvs_wm": 0.3798219488587859,
  "inu_med": 1.1834208965301514,
  "inu_range": 0.3055903911590576,
  "provenance": {
    "md5sum": "45594e3af4427d48a76ab8f543703fca",
    "mriqc_pred": 0,
    "settings": {
      "testing": false
    },
    "software": "mriqc",
    "version": "0.9.6",
    "warnings": {
      "large_rot_frame": true,
      "small_air_mask": false
    }
  },
  "qi_1": 0.0,
  "qi_2": 0.03319488098625783,
  "rpve_csf": 31.56026962181876,
  "rpve_gm": 15.664817382628641,
  "rpve_wm": 21.54036925445142,
  "size_x": 176,
  "size_y": 256,
  "size_z": 256,
  "snr_csf": 2.738654875153937,
  "snr_gm": 8.807063825919387,
  "snr_total": 10.224458168289459,
  "snr_wm": 19.127655803795054,
  "snrd_csf": 21.811543657618575,
  "snrd_gm": 42.778167785277034,
  "snrd_total": 42.718904796497895,
  "snrd_wm": 63.567002946598095,
  "spacing_x": 0.9999999403953552,
  "spacing_y": 1.0,
  "spacing_z": 1.0,
  "summary_bg_k": 2.502402158587553,
  "summary_bg_mad": 10.306008338928223,
  "summary_bg_mean": 17.078044891357422,
  "summary_bg_median": 15.188915252685547,
  "summary_bg_n": 3558404.0,
  "summary_bg_p05": 0.0,
  "summary_bg_p95": 40.44305305480957,
  "summary_bg_stdv": 12.318413734436035,
  "summary_csf_k": -0.928263506310461,
  "summary_csf_mad": 157.18991088867188,
  "summary_csf_mean": 335.3058166503906,
  "summary_csf_median": 343.11932373046875,
  "summary_csf_n": 7478.0,
  "summary_csf_p05": 147.5831687927246,
  "summary_csf_p95": 527.7112915039063,
  "summary_csf_stdv": 125.27915954589844,
  "summary_gm_k": 0.3041797509677502,
  "summary_gm_mad": 71.01551055908203,
  "summary_gm_mean": 673.6678466796875,
  "summary_gm_median": 672.9471435546875,
  "summary_gm_n": 13851.0,
  "summary_gm_p05": 546.849853515625,
  "summary_gm_p95": 802.8965148925781,
  "summary_gm_stdv": 76.40717315673828,
  "summary_wm_k": 0.4372903738512792,
  "summary_wm_mad": 49.79182434082031,
  "summary_wm_mean": 999.0421752929688,
  "summary_wm_median": 999.9781494140625,
  "summary_wm_n": 184170.0,
  "summary_wm_p05": 911.5878295898438,
  "summary_wm_p95": 1082.8081970214844,
  "summary_wm_stdv": 52.27903747558594,
  "tpm_overlap_csf": 0.22669027745723724,
  "tpm_overlap_gm": 0.5166439414024353,
  "tpm_overlap_wm": 0.5866323709487915,
  "wm2max": 0.5734943197238055
}