{
  "bids_meta": {
    "EchoTime": 0.03,
    "FlipAngle": 8,
    "MagneticFieldStrength": 3.0,
    "Manufacturer": "Siemens",
    "ManufacturersModelName": "MAGNETOM Trio",
    "ReceiveCoilName": "Siemens 12 channel Head Matrix Coil (Erlangen, Germany)",
    "RepetitionTime": 2.4,
    "modality": "T1w",
    "subject_id": "096"
  },
  "cjv": 0.37807962780521404,
  "cnr": 3.46367781381355,
  "efc": 0.5347685277473232,
  "fber": 1731.8134765625,
  "fwhm_avg": 3.246066731552684,
  "fwhm_x": 3.265820194658053,
  "fwhm_y": 3.44703,
  "fwhm_z": 3.02535,
  "icvs_csf": 0.19232420930011274,
  "icvs_gm": 0.4468524536277475,
  "icvs_wm": 0.36082333707213976,
  "inu_med": 1.1194872856140137,
  "inu_range": 0.37707906365394583,
  "provenance": {
    "md5sum": "bf7041ec1799c6d0814b6ff7d9f02a85",
    "mriqc_pred": 0,
    "settings": {
      "testing": false
    },
    "software": "mriqc",
    "version": "0.9.6",
    "warnings": {
      "large_rot_frame": true,
      "small_air_mask": false
    }
  },
  "qi_1": 0.0,
  "qi_2": 0.0075192594673405356,
  "rpve_csf": 27.566722212322468,
  "rpve_gm": 13.104369354268263,
  "rpve_wm": 19.168928118612484,
  "size_x": 176,
  "size_y": 256,
  "size_z": 256,
  "snr_csf": 3.0688106289521495,
  "snr_gm": 8.760435799003861,
  "snr_total": 9.975686734941837,
  "snr_wm": 18.0978137768695,
  "snrd_csf": 27.06082881147822,
  "snrd_gm": 44.704772747667455,
  "snrd_total": 46.143291695956016,
  "snrd_wm": 66.66427352872239,
  "spacing_x": 0.9999999403953552,
  "spacing_y": 1.0,
  "spacing_z": 1.0,
  "summary_bg_k": 3.7666379476422645,
  "summary_bg_mad": 9.82739543914795,
  "summary_bg_mean": 15.600943565368652,
  "summary_bg_median": 12.765036582946777,
  "summary_bg_n": 3690759.0,
  "summary_bg_p05": 2.774274253845215,
  "summary_bg_p95": 37.38181610107421,
  "summary_bg_stdv": 11.491469383239746,
  "summary_csf_k": -0.7808131018151712,
  "summary_csf_mad": 123.882080078125,
  "summary_csf_mean": 369.8477783203125,
  "summary_csf_median": 405.9268798828125,
  "summary_csf_n": 9602.0,
  "summary_csf_p05": 141.97149810791015,
  "summary_csf_p95": 542.6686248779297,
  "summary_csf_stdv": 132.26809692382812,
  "summary_gm_k": 0.19714341788485656,
  "summary_gm_mad": 73.01309204101562,
  "summary_gm_mean": 671.6116333007812,
  "summary_gm_median": 670.595458984375,
  "summary_gm_n": 17622.0,
  "summary_gm_p05": 545.3804595947266,
  "summary_gm_p95": 799.1033477783203,
  "summary_gm_stdv": 76.54601287841797,
  "summary_wm_k": 0.6012752362304008,
  "summary_wm_mad": 51.52793884277344,
  "summary_wm_mean": 998.7516479492188,
  "summary_wm_median": 999.9996948242188,
  "summary_wm_n": 190261.0,
  "summary_wm_p05": 905.2447509765625,
  "summary_wm_p95": 1086.7657470703125,
  "summary_wm_stdv": 55.255130767822266,
  "tpm_overlap_csf": 0.21724887192249298,
  "tpm_overlap_gm": 0.5114479660987854,
  "tpm_overlap_wm": 0.54405277967453,
  "wm2max": 0.5873074489411375
}