{
  "aor": 0.002912196969696971,
  "aqi": 0.006218563030303031,
  "bids_meta": {
    "EchoTime": 0.027,
    "FlipAngle": 90,
    "MagneticFieldStrength": 3.0,
    "Manufacturer": "Siemens",
    "ManufacturersModelName": "MAGNETOM Trio",
    "ReceiveCoilName": "Siemens 12 channel Head Matrix Coil (Erlangen, Germany)",
    "RepetitionTime": 2.5,
    "TaskName": "rest",
    "modality": "bold",
    "run_id": "2",
    "subject_id": "068",
    "task_id": "rest"
  },
  "dummy_trs": 0,
  "dvars_nstd": 19.209767720229006,
  "dvars_std": 1.3105108264885497,
  "dvars_vstd": 0.9429284951908393,
  "efc": 0.3951841766430053,
  "fber": 41046.265625,
  "fd_mean": 0.12156931166463385,
  "fd_num": 14,
  "fd_perc": 10.606060606060606,
  "fwhm_avg": 2.5238808333333336,
  "fwhm_x": 2.3455525,
  "fwhm_y": 2.78235,
  "fwhm_z": 2.44374,
  "gcor": 0.0347754,
  "gsr_x": -0.008311545476317406,
  "gsr_y": 0.012694554403424263,
  "provenance": {
    "md5sum": "f772e05ad315c4d0e9a3f8015dea82a2",
    "settings": {
      "fd_thres": 0.2,
      "hmc_fsl": false
    },
    "software": "mriqc",
    "version": "0.9.6"
  },
  "size_t": 132,
  "size_x": 64,
  "size_y": 64,
  "size_z": 32,
  "snr": 4.911139037321712,
  "spacing_tr": 2.5,
  "spacing_x": 4.0,
  "spacing_y": 4.0,
  "spacing_z": 4.0,
  "summary_bg_k": 45.897746975375654,
  "summary_bg_mad": 2.5720903873443604,
  "summary_bg_mean": 17.159482955932617,
  "summary_bg_median": 4.378787994384766,
  "summary_bg_n": 86226.0,
  "summary_bg_p05": 2.060606002807617,
  "summary_bg_p95": 83.26515197753906,
  "summary_bg_stdv": 43.74329376220703,
  "summary_fg_k": 4.092086818327927,
  "summary_fg_mad": 132.69290161132812,
  "summary_fg_mean": 901.5166625976562,
  "summary_fg_median": 925.8636474609375,
  "summary_fg_n": 18695.0,
  "summary_fg_p05": 539.4553283691406,
  "summary_fg_p95": 1137.8826049804688,
  "summary_fg_stdv": 188.51815795898438,
  "tsnr": 77.07562255859375
}