{
  "aor": 0.003469242424242424,
  "aqi": 0.005798716590909091,
  "bids_meta": {
    "EchoTime": 0.027,
    "FlipAngle": 90,
    "MagneticFieldStrength": 3.0,
    "Manufacturer": "Siemens",
    "ManufacturersModelName": "MAGNETOM Trio",
    "ReceiveCoilName": "Siemens 12 channel Head Matrix Coil (Erlangen, Germany)",
    "RepetitionTime": 2.5,
    "TaskName": "rest",
    "modality": "bold",
    "run_id": "2",
    "subject_id": "094",
    "task_id": "rest"
  },
  "dummy_trs": 0,
  "dvars_nstd": 19.219951782442756,
  "dvars_std": 1.3336498299999995,
  "dvars_vstd": 0.9958402254961833,
  "efc": 0.4523623836242725,
  "fber": 35909.0546875,
  "fd_mean": 0.09154579845999139,
  "fd_num": 8,
  "fd_perc": 6.0606060606060606,
  "fwhm_avg": 2.5363252031081713,
  "fwhm_x": 2.2345025,
  "fwhm_y": 2.950325175853084,
  "fwhm_z": 2.4241479334714295,
  "gcor": 0.032087,
  "gsr_x": -0.01359989121556282,
  "gsr_y": 0.025614596903324127,
  "provenance": {
    "md5sum": "fef27bf17344f4a6f9028c454ef89c2a",
    "settings": {
      "fd_thres": 0.2,
      "hmc_fsl": false
    },
    "software": "mriqc",
    "version": "0.9.6"
  },
  "size_t": 132,
  "size_x": 64,
  "size_y": 64,
  "size_z": 32,
  "snr": 5.012280658594344,
  "spacing_tr": 2.5,
  "spacing_x": 4.0,
  "spacing_y": 3.999999761581421,
  "spacing_z": 3.9999992847442627,
  "summary_bg_k": 29.278985753948902,
  "summary_bg_mad": 3.122450351715088,
  "summary_bg_mean": 21.474790573120117,
  "summary_bg_median": 4.803030490875244,
  "summary_bg_n": 79507.0,
  "summary_bg_p05": 1.946969747543335,
  "summary_bg_p95": 117.16667175292969,
  "summary_bg_stdv": 50.408233642578125,
  "summary_fg_k": 4.529849011428016,
  "summary_fg_mad": 129.2390899658203,
  "summary_fg_mean": 925.348388671875,
  "summary_fg_median": 946.57958984375,
  "summary_fg_n": 24134.0,
  "summary_fg_p05": 567.852651977539,
  "summary_fg_p95": 1162.3034790039062,
  "summary_fg_stdv": 188.84815979003906,
  "tsnr": 76.5811538696289
}