{
  "bids_meta": {
    "EchoTime": 0.03,
    "FlipAngle": 8,
    "MagneticFieldStrength": 3.0,
    "Manufacturer": "Siemens",
    "ManufacturersModelName": "MAGNETOM Trio",
    "ReceiveCoilName": "Siemens 12 channel Head Matrix Coil (Erlangen, Germany)",
    "RepetitionTime": 2.4,
    "modality": "T1w",
    "subject_id": "027"
  },
  "cjv": 0.4952199761679075,
  "cnr": 2.7313535690588147,
  "efc": 0.5635873106554902,
  "fber": 2148.301025390625,
  "fwhm_avg": 3.38687,
  "fwhm_x": 3.49789,
  "fwhm_y": 3.52566,
  "fwhm_z": 3.13706,
  "icvs_csf": 0.20319938988882086,
  "icvs_gm": 0.4210499223729706,
  "icvs_wm": 0.3757506877382085,
  "inu_med": 1.083582878112793,
  "inu_range": 0.4510589659214017,
  "provenance": {
    "md5sum": "e6240c2df34740bcde2fdf9fa1a6eed1",
    "mriqc_pred": 0,
    "settings": {
      "testing": false
    },
    "software": "mriqc",
    "version": "0.9.6",
    "warnings": {
      "large_rot_frame": true,
      "small_air_mask": false
    }
  },
  "qi_1": 0.0,
  "qi_2": 0.0027480896008533124,
  "rpve_csf": 42.06549636620952,
  "rpve_gm": 21.28117839272166,
  "rpve_wm": 27.7350272804859,
  "size_x": 256,
  "size_y": 256,
  "size_z": 256,
  "snr_csf": 3.272661771414678,
  "snr_gm": 10.352482897146878,
  "snr_total": 10.440028830468085,
  "snr_wm": 17.6949418228427,
  "snrd_csf": 20.833995353605093,
  "snrd_gm": 44.01089796175319,
  "snrd_total": 41.2586308859027,
  "snrd_wm": 58.93099934234982,
  "spacing_x": 1.0,
  "spacing_y": 1.0,
  "spacing_z": 1.0,
  "summary_bg_k": 4.89718910322918,
  "summary_bg_mad": 11.117277145385742,
  "summary_bg_mean": 17.911121368408203,
  "summary_bg_median": 14.820697784423828,
  "summary_bg_n": 4259460.0,
  "summary_bg_p05": 3.0909899353981034,
  "summary_bg_p95": 44.56508388519286,
  "summary_bg_stdv": 13.954771041870117,
  "summary_csf_k": 1.2314373629426862,
  "summary_csf_mad": 94.3323974609375,
  "summary_csf_mean": 370.506591796875,
  "summary_csf_median": 353.54058837890625,
  "summary_csf_n": 19376.0,
  "summary_csf_p05": 225.95135498046875,
  "summary_csf_p95": 576.4279632568359,
  "summary_csf_stdv": 108.02566528320312,
  "summary_gm_k": 0.1286397325287707,
  "summary_gm_mad": 70.7430419921875,
  "summary_gm_mean": 747.3402099609375,
  "summary_gm_median": 746.8389282226562,
  "summary_gm_n": 12155.0,
  "summary_gm_p05": 628.8366882324219,
  "summary_gm_p95": 867.2705261230469,
  "summary_gm_stdv": 72.13807678222656,
  "summary_wm_k": 0.2729817449604037,
  "summary_wm_mad": 54.63937759399414,
  "summary_wm_mean": 1001.5856323242188,
  "summary_wm_median": 1000.0242309570312,
  "summary_wm_n": 189597.0,
  "summary_wm_p05": 911.4762084960937,
  "summary_wm_p95": 1097.47841796875,
  "summary_wm_stdv": 56.51454544067383,
  "tpm_overlap_csf": 0.2308495044708252,
  "tpm_overlap_gm": 0.4976806044578552,
  "tpm_overlap_wm": 0.5448177456855774,
  "wm2max": 0.5957054029728963
}