{
  "aor": 0.0028078195488721804,
  "aqi": 0.003946432781954888,
  "bids_meta": {
    "EchoTime": 0.027,
    "FlipAngle": 90,
    "MagneticFieldStrength": 3.0,
    "Manufacturer": "Siemens",
    "ManufacturersModelName": "MAGNETOM Trio",
    "ReceiveCoilName": "Siemens 12 channel Head Matrix Coil (Erlangen, Germany)",
    "RepetitionTime": 2.5,
    "TaskName": "rest",
    "modality": "bold",
    "run_id": "2",
    "subject_id": "029",
    "task_id": "rest"
  },
  "dummy_trs": 0,
  "dvars_nstd": 20.53181711840909,
  "dvars_std": 1.5444417607575756,
  "dvars_vstd": 1.0160035706060606,
  "efc": 0.4393334210222951,
  "fber": 35085.1015625,
  "fd_mean": 0.06747316565796287,
  "fd_num": 3,
  "fd_perc": 2.255639097744361,
  "fwhm_avg": 2.417492602034366,
  "fwhm_x": 2.11692,
  "fwhm_y": 2.795050166597972,
  "fwhm_z": 2.3405076395051267,
  "gcor": 0.0428409,
  "gsr_x": -0.015032855793833733,
  "gsr_y": 0.018166597932577133,
  "provenance": {
    "md5sum": "020698afbfbe8923e2a77a17a65710bb",
    "settings": {
      "fd_thres": 0.2,
      "hmc_fsl": false
    },
    "software": "mriqc",
    "version": "0.9.6"
  },
  "size_t": 133,
  "size_x": 64,
  "size_y": 64,
  "size_z": 32,
  "snr": 5.349068277323229,
  "spacing_tr": 2.5,
  "spacing_x": 4.0,
  "spacing_y": 3.999999761581421,
  "spacing_z": 3.999999761581421,
  "summary_bg_k": 37.97811778997186,
  "summary_bg_mad": 2.5193092823028564,
  "summary_bg_mean": 16.66489028930664,
  "summary_bg_median": 3.8496241569519043,
  "summary_bg_n": 81033.0,
  "summary_bg_p05": 1.6165413856506348,
  "summary_bg_p95": 88.9804534912109,
  "summary_bg_stdv": 40.21512222290039,
  "summary_fg_k": 4.706031433725588,
  "summary_fg_mad": 99.36783599853516,
  "summary_fg_mean": 733.9009399414062,
  "summary_fg_median": 748.3082885742188,
  "summary_fg_n": 22875.0,
  "summary_fg_p05": 482.33009338378906,
  "summary_fg_p95": 914.8632019042968,
  "summary_fg_stdv": 139.8920135498047,
  "tsnr": 102.82058715820312
}