{
  "bids_meta": {
    "EchoTime": 0.03,
    "FlipAngle": 8,
    "MagneticFieldStrength": 3.0,
    "Manufacturer": "Siemens",
    "ManufacturersModelName": "MAGNETOM Trio",
    "ReceiveCoilName": "Siemens 12 channel Head Matrix Coil (Erlangen, Germany)",
    "RepetitionTime": 2.4,
    "modality": "T1w",
    "subject_id": "041"
  },
  "cjv": 0.382267318439788,
  "cnr": 3.4089263337044984,
  "efc": 0.5450391849817151,
  "fber": 1340.5770263671875,
  "fwhm_avg": 3.2930533989371895,
  "fwhm_x": 3.3019501968115685,
  "fwhm_y": 3.48287,
  "fwhm_z": 3.09434,
  "icvs_csf": 0.18552110011794165,
  "icvs_gm": 0.4391323789948429,
  "icvs_wm": 0.37534652088721543,
  "inu_med": 1.1881153583526611,
  "inu_range": 0.3980901837348938,
  "provenance": {
    "md5sum": "5e8b52cd4e1eede884624af17f08b923",
    "mriqc_pred": 0,
    "settings": {
      "testing": false
    },
    "software": "mriqc",
    "version": "0.9.6",
    "warnings": {
      "large_rot_frame": true,
      "small_air_mask": false
    }
  },
  "qi_1": 0.0,
  "qi_2": 0.004022063046513704,
  "rpve_csf": 30.137012932349815,
  "rpve_gm": 14.034298680905296,
  "rpve_wm": 19.398401156149575,
  "size_x": 176,
  "size_y": 256,
  "size_z": 256,
  "snr_csf": 2.5689768199697247,
  "snr_gm": 9.077489844078245,
  "snr_total": 10.186521357589475,
  "snr_wm": 18.913097408720454,
  "snrd_csf": 18.569183608602,
  "snrd_gm": 38.25869293349299,
  "snrd_total": 37.614364072645266,
  "snrd_wm": 56.01521567584081,
  "spacing_x": 0.9999999403953552,
  "spacing_y": 1.0,
  "spacing_z": 1.0,
  "summary_bg_k": 13.608754724877638,
  "summary_bg_mad": 11.695426940917969,
  "summary_bg_mean": 18.565170288085938,
  "summary_bg_median": 15.569945335388184,
  "summary_bg_n": 3762444.0,
  "summary_bg_p05": 3.3558515310287484,
  "summary_bg_p95": 43.55938262939449,
  "summary_bg_stdv": 13.80350112915039,
  "summary_csf_k": 0.8202953135346616,
  "summary_csf_mad": 153.60662841796875,
  "summary_csf_mean": 336.251708984375,
  "summary_csf_median": 331.4951477050781,
  "summary_csf_n": 12773.0,
  "summary_csf_p05": 152.4073974609375,
  "summary_csf_p95": 545.5641967773438,
  "summary_csf_stdv": 129.0327606201172,
  "summary_gm_k": 0.31733378885390673,
  "summary_gm_mad": 71.32661437988281,
  "summary_gm_mean": 685.1397094726562,
  "summary_gm_median": 682.990234375,
  "summary_gm_n": 15181.0,
  "summary_gm_p05": 565.027099609375,
  "summary_gm_p95": 814.1150512695312,
  "summary_gm_stdv": 75.23751068115234,
  "summary_wm_k": 0.5570612110868627,
  "summary_wm_mad": 49.847389221191406,
  "summary_wm_mean": 998.1285400390625,
  "summary_wm_median": 999.9778442382812,
  "summary_wm_n": 193878.0,
  "summary_wm_p05": 908.2653900146485,
  "summary_wm_p95": 1081.0000549316405,
  "summary_wm_stdv": 52.87210464477539,
  "tpm_overlap_csf": 0.23726236820220947,
  "tpm_overlap_gm": 0.515008807182312,
  "tpm_overlap_wm": 0.5567644238471985,
  "wm2max": 0.5637070799360883
}