{
  "bids_meta": {
    "EchoTime": 0.03,
    "FlipAngle": 8,
    "MagneticFieldStrength": 3.0,
    "Manufacturer": "Siemens",
    "ManufacturersModelName": "MAGNETOM Trio",
    "ReceiveCoilName": "Siemens 12 channel Head Matrix Coil (Erlangen, Germany)",
    "RepetitionTime": 2.4,
    "modality": "T1w",
    "subject_id": "033"
  },
  "cjv": 0.38198078200152374,
  "cnr": 3.373444947232969,
  "efc": 0.550780329504597,
  "fber": 1503.4847412109375,
  "fwhm_avg": 3.353986733331883,
  "fwhm_x": 3.355370199995649,
  "fwhm_y": 3.5607,
  "fwhm_z": 3.14589,
  "icvs_csf": 0.18608925524628453,
  "icvs_gm": 0.412789775987406,
  "icvs_wm": 0.4011209687663095,
  "inu_med": 1.0486713647842407,
  "inu_range": 0.40352240204811096,
  "provenance": {
    "md5sum": "9aaf3249783c8d173bcd30ea181bab8f",
    "mriqc_pred": 0,
    "settings": {
      "testing": false
    },
    "software": "mriqc",
    "version": "0.9.6",
    "warnings": {
      "large_rot_frame": true,
      "small_air_mask": false
    }
  },
  "qi_1": 0.0,
  "qi_2": 0.012341508268472873,
  "rpve_csf": 26.37727036964465,
  "rpve_gm": 12.753306772908367,
  "rpve_wm": 16.15422910831493,
  "size_x": 176,
  "size_y": 256,
  "size_z": 256,
  "snr_csf": 2.5978850026255667,
  "snr_gm": 8.663326789177454,
  "snr_total": 10.227053223548877,
  "snr_wm": 19.41994787884361,
  "snrd_csf": 21.190901877438762,
  "snrd_gm": 41.394564670734155,
  "snrd_total": 41.14048392124746,
  "snrd_wm": 60.83598521556945,
  "spacing_x": 0.9999999403953552,
  "spacing_y": 1.0,
  "spacing_z": 1.0,
  "summary_bg_k": 3.0625900266463626,
  "summary_bg_mad": 10.768831253051758,
  "summary_bg_mean": 16.98334312438965,
  "summary_bg_median": 14.214730262756348,
  "summary_bg_n": 3868561.0,
  "summary_bg_p05": 3.0370099544525146,
  "summary_bg_p95": 40.57179260253906,
  "summary_bg_stdv": 12.415576934814453,
  "summary_csf_k": -0.2602547787512095,
  "summary_csf_mad": 160.92605590820312,
  "summary_csf_mean": 339.1671142578125,
  "summary_csf_median": 348.3263244628906,
  "summary_csf_n": 10365.0,
  "summary_csf_p05": 137.26828308105468,
  "summary_csf_p95": 546.9684326171875,
  "summary_csf_stdv": 134.0742645263672,
  "summary_gm_k": 0.4653732112534379,
  "summary_gm_mad": 72.810302734375,
  "summary_gm_mean": 681.367919921875,
  "summary_gm_median": 680.4248657226562,
  "summary_gm_n": 14855.0,
  "summary_gm_p05": 553.786767578125,
  "summary_gm_p95": 812.3926269531249,
  "summary_gm_stdv": 78.5381851196289,
  "summary_wm_k": 0.48226458492874524,
  "summary_wm_mad": 49.25897216796875,
  "summary_wm_mean": 999.5540771484375,
  "summary_wm_median": 999.9940185546875,
  "summary_wm_n": 243998.0,
  "summary_wm_p05": 914.1750823974609,
  "summary_wm_p95": 1082.6914367675781,
  "summary_wm_stdv": 51.4930305480957,
  "tpm_overlap_csf": 0.22895672917366028,
  "tpm_overlap_gm": 0.5040918588638306,
  "tpm_overlap_wm": 0.5714259147644043,
  "wm2max": 0.5761914282666603
}