{
  "bids_meta": {
    "EchoTime": 0.03,
    "FlipAngle": 8,
    "MagneticFieldStrength": 3.0,
    "Manufacturer": "Siemens",
    "ManufacturersModelName": "MAGNETOM Trio",
    "ReceiveCoilName": "Siemens 12 channel Head Matrix Coil (Erlangen, Germany)",
    "RepetitionTime": 2.4,
    "modality": "T1w",
    "subject_id": "010"
  },
  "cjv": 0.514925874454986,
  "cnr": 2.596042763731604,
  "efc": 0.5461219535802783,
  "fber": 2312.61669921875,
  "fwhm_avg": 3.4746034046107575,
  "fwhm_x": 3.587510213832272,
  "fwhm_y": 3.62659,
  "fwhm_z": 3.20971,
  "icvs_csf": 0.17812091050468887,
  "icvs_gm": 0.4227850556898787,
  "icvs_wm": 0.39909403380543246,
  "inu_med": 0.9991633296012878,
  "inu_range": 0.3740017056465149,
  "provenance": {
    "md5sum": "cd5d05d392349f212a80ff58c618a626",
    "mriqc_pred": 0,
    "settings": {
      "testing": false
    },
    "software": "mriqc",
    "version": "0.9.6",
    "warnings": {
      "large_rot_frame": true,
      "small_air_mask": false
    }
  },
  "qi_1": 0.0,
  "qi_2": 0.00505608999379404,
  "rpve_csf": 43.97113040548012,
  "rpve_gm": 20.165326214442437,
  "rpve_wm": 25.23262908811779,
  "size_x": 256,
  "size_y": 256,
  "size_z": 256,
  "snr_csf": 2.9456084079899285,
  "snr_gm": 10.229192178339563,
  "snr_total": 11.252629399256023,
  "snr_wm": 20.58308761143857,
  "snrd_csf": 24.541683875876565,
  "snrd_gm": 50.080797228217094,
  "snrd_total": 46.666153071252005,
  "snrd_wm": 65.37597810966237,
  "spacing_x": 0.9999999403953552,
  "spacing_y": 1.0,
  "spacing_z": 1.0,
  "summary_bg_k": 5.369532593906602,
  "summary_bg_mad": 10.02106761932373,
  "summary_bg_mean": 15.879417419433594,
  "summary_bg_median": 12.984383583068848,
  "summary_bg_n": 3881291.0,
  "summary_bg_p05": 2.7292062044143677,
  "summary_bg_p95": 39.36446952819824,
  "summary_bg_stdv": 12.389395713806152,
  "summary_csf_k": 3.120178150490392,
  "summary_csf_mad": 136.9312286376953,
  "summary_csf_mean": 402.7243347167969,
  "summary_csf_median": 375.3934020996094,
  "summary_csf_n": 16027.0,
  "summary_csf_p05": 239.3206329345703,
  "summary_csf_p95": 617.3573547363278,
  "summary_csf_stdv": 127.437744140625,
  "summary_gm_k": -0.03679107173658691,
  "summary_gm_mad": 74.28874206542969,
  "summary_gm_mean": 770.5637817382812,
  "summary_gm_median": 766.0436401367188,
  "summary_gm_n": 18204.0,
  "summary_gm_p05": 654.2141235351562,
  "summary_gm_p95": 902.6760986328125,
  "summary_gm_stdv": 74.88593292236328,
  "summary_wm_k": 0.39623357666957393,
  "summary_wm_mad": 46.1820068359375,
  "summary_wm_mean": 1000.0860595703125,
  "summary_wm_median": 1000.0010986328125,
  "summary_wm_n": 236528.0,
  "summary_wm_p05": 920.4993499755859,
  "summary_wm_p95": 1080.3105529785157,
  "summary_wm_stdv": 48.583526611328125,
  "tpm_overlap_csf": 0.2485027313232422,
  "tpm_overlap_gm": 0.5197198390960693,
  "tpm_overlap_wm": 0.5812944769859314,
  "wm2max": 0.6108076577815127
}