{
  "aor": 0.0019613636363636365,
  "aqi": 0.002634036287878788,
  "bids_meta": {
    "EchoTime": 0.027,
    "FlipAngle": 90,
    "MagneticFieldStrength": 3.0,
    "Manufacturer": "Siemens",
    "ManufacturersModelName": "MAGNETOM Trio",
    "ReceiveCoilName": "Siemens 12 channel Head Matrix Coil (Erlangen, Germany)",
    "RepetitionTime": 2.5,
    "TaskName": "rest",
    "modality": "bold",
    "run_id": "2",
    "subject_id": "105",
    "task_id": "rest"
  },
  "dummy_trs": 0,
  "dvars_nstd": 16.122587371450386,
  "dvars_std": 1.4112034038931298,
  "dvars_vstd": 0.9817448117557251,
  "efc": 0.39199312765386435,
  "fber": 51936.015625,
  "fd_mean": 0.045491828279129676,
  "fd_num": 2,
  "fd_perc": 1.5151515151515151,
  "fwhm_avg": 2.539830989156281,
  "fwhm_x": 2.2889175,
  "fwhm_y": 2.8183251679852708,
  "fwhm_z": 2.5122502994835734,
  "gcor": 0.0210251,
  "gsr_x": -0.012172291986644268,
  "gsr_y": 0.010983488522469997,
  "provenance": {
    "md5sum": "922cdc7b33939ff4c868573b5e3067ef",
    "settings": {
      "fd_thres": 0.2,
      "hmc_fsl": false
    },
    "software": "mriqc",
    "version": "0.9.6"
  },
  "size_t": 132,
  "size_x": 64,
  "size_y": 64,
  "size_z": 32,
  "snr": 4.933394845868521,
  "spacing_tr": 2.5,
  "spacing_x": 4.0,
  "spacing_y": 3.999999761581421,
  "spacing_z": 3.999999523162842,
  "summary_bg_k": 63.718556110916666,
  "summary_bg_mad": 2.4990832805633545,
  "summary_bg_mean": 13.382285118103027,
  "summary_bg_median": 4.0492424964904785,
  "summary_bg_n": 85568.0,
  "summary_bg_p05": 1.89393949508667,
  "summary_bg_p95": 58.497349739074664,
  "summary_bg_stdv": 32.809879302978516,
  "summary_fg_k": 4.308582986189475,
  "summary_fg_mad": 132.10887145996094,
  "summary_fg_mean": 932.8040161132812,
  "summary_fg_median": 958.3636474609375,
  "summary_fg_n": 19303.0,
  "summary_fg_p05": 551.4848815917969,
  "summary_fg_p95": 1173.3999755859375,
  "summary_fg_stdv": 194.2554473876953,
  "tsnr": 118.37979125976562
}