{
  "aor": 0.0021443125,
  "aqi": 0.0035383753749999997,
  "bids_meta": {
    "EchoTime": 0.027,
    "FlipAngle": 90,
    "MagneticFieldStrength": 3.0,
    "Manufacturer": "Siemens",
    "ManufacturersModelName": "MAGNETOM Trio",
    "ReceiveCoilName": "Siemens 12 channel Head Matrix Coil (Erlangen, Germany)",
    "RepetitionTime": 2.5,
    "TaskName": "rest",
    "modality": "bold",
    "run_id": "1",
    "subject_id": "073",
    "task_id": "rest"
  },
  "dummy_trs": 0,
  "dvars_nstd": 15.283755764300638,
  "dvars_std": 1.3065591015240086,
  "dvars_vstd": 0.9802649530271395,
  "efc": 0.38835718600257163,
  "fber": 47598.18359375,
  "fd_mean": 0.042017286784058236,
  "fd_num": 7,
  "fd_perc": 1.4583333333333333,
  "fwhm_avg": 2.4561602332305608,
  "fwhm_x": 2.183305,
  "fwhm_y": 2.8374,
  "fwhm_z": 2.3477756996916828,
  "gcor": 0.0192338,
  "gsr_x": -0.019878461956977844,
  "gsr_y": 0.014517937786877155,
  "provenance": {
    "md5sum": "d50a72c87115277291a20d7accfc6ca7",
    "settings": {
      "fd_thres": 0.2,
      "hmc_fsl": false
    },
    "software": "mriqc",
    "version": "0.9.6"
  },
  "size_t": 480,
  "size_x": 64,
  "size_y": 64,
  "size_z": 32,
  "snr": 5.177832825667753,
  "spacing_tr": 2.5,
  "spacing_x": 4.0,
  "spacing_y": 4.0,
  "spacing_z": 3.9999988079071045,
  "summary_bg_k": 70.7758304196085,
  "summary_bg_mad": 2.0694656372070312,
  "summary_bg_mean": 13.445100784301758,
  "summary_bg_median": 3.379166841506958,
  "summary_bg_n": 87203.0,
  "summary_bg_p05": 1.620833396911621,
  "summary_bg_p95": 62.636879348754846,
  "summary_bg_stdv": 35.24017333984375,
  "summary_fg_k": 5.1596143007183475,
  "summary_fg_mad": 97.12899780273438,
  "summary_fg_mean": 747.1323852539062,
  "summary_fg_median": 761.4791870117188,
  "summary_fg_n": 18045.0,
  "summary_fg_p05": 481.9371032714844,
  "summary_fg_p95": 929.676708984375,
  "summary_fg_stdv": 147.0611572265625,
  "tsnr": 100.40963745117188
}