{
  "bids_meta": {
    "EchoTime": 0.03,
    "FlipAngle": 8,
    "MagneticFieldStrength": 3.0,
    "Manufacturer": "Siemens",
    "ManufacturersModelName": "MAGNETOM Trio",
    "ReceiveCoilName": "Siemens 12 channel Head Matrix Coil (Erlangen, Germany)",
    "RepetitionTime": 2.4,
    "modality": "T1w",
    "subject_id": "080"
  },
  "cjv": 0.41150740345061815,
  "cnr": 3.209935055197093,
  "efc": 0.5597689545061488,
  "fber": 1839.254150390625,
  "fwhm_avg": 3.715026741530105,
  "fwhm_x": 3.7680002245903146,
  "fwhm_y": 3.88412,
  "fwhm_z": 3.49296,
  "icvs_csf": 0.17371708154641838,
  "icvs_gm": 0.44038417053094503,
  "icvs_wm": 0.3858987479226366,
  "inu_med": 1.024836540222168,
  "inu_range": 0.44411078393459325,
  "provenance": {
    "md5sum": "a74503e1f804ada3e43d38bb91376c59",
    "mriqc_pred": 0,
    "settings": {
      "testing": false
    },
    "software": "mriqc",
    "version": "0.9.6",
    "warnings": {
      "large_rot_frame": true,
      "small_air_mask": false
    }
  },
  "qi_1": 0.0,
  "qi_2": 0.032529300562210685,
  "rpve_csf": 41.00071470674919,
  "rpve_gm": 18.008168784680464,
  "rpve_wm": 23.74937596238412,
  "size_x": 256,
  "size_y": 256,
  "size_z": 256,
  "snr_csf": 2.7656818050835703,
  "snr_gm": 11.11866672174832,
  "snr_total": 10.82316033423856,
  "snr_wm": 18.58513247588379,
  "snrd_csf": 19.519095249080802,
  "snrd_gm": 44.08223510836146,
  "snrd_total": 41.45924948748208,
  "snrd_wm": 60.77641810500399,
  "spacing_x": 0.9999999403953552,
  "spacing_y": 1.0,
  "spacing_z": 1.0,
  "summary_bg_k": 4.50257999189791,
  "summary_bg_mad": 10.779643058776855,
  "summary_bg_mean": 17.03873062133789,
  "summary_bg_median": 14.472469329833984,
  "summary_bg_n": 3951402.0,
  "summary_bg_p05": 0.0,
  "summary_bg_p95": 41.976939582824684,
  "summary_bg_stdv": 13.121824264526367,
  "summary_csf_k": 1.3218191478889292,
  "summary_csf_mad": 77.71595001220703,
  "summary_csf_mean": 356.8026123046875,
  "summary_csf_median": 321.1680603027344,
  "summary_csf_n": 17159.0,
  "summary_csf_p05": 227.38173065185546,
  "summary_csf_p95": 600.6384399414061,
  "summary_csf_stdv": 116.12279510498047,
  "summary_gm_k": 0.26501570331725155,
  "summary_gm_mad": 62.72383117675781,
  "summary_gm_mean": 728.7638549804688,
  "summary_gm_median": 725.3310546875,
  "summary_gm_n": 25317.0,
  "summary_gm_p05": 627.02041015625,
  "summary_gm_p95": 843.697326660156,
  "summary_gm_stdv": 65.23414611816406,
  "summary_wm_k": 0.5276023226046451,
  "summary_wm_mad": 50.311832427978516,
  "summary_wm_mean": 999.2733764648438,
  "summary_wm_median": 1000.0178833007812,
  "summary_wm_n": 233107.0,
  "summary_wm_p05": 909.1371093749999,
  "summary_wm_p95": 1086.3497802734373,
  "summary_wm_stdv": 53.80729675292969,
  "tpm_overlap_csf": 0.2378770262002945,
  "tpm_overlap_gm": 0.520888090133667,
  "tpm_overlap_wm": 0.5608522891998291,
  "wm2max": 0.6200966954924242
}