{
  "bids_meta": {
    "EchoTime": 0.03,
    "FlipAngle": 8,
    "MagneticFieldStrength": 3.0,
    "Manufacturer": "Siemens",
    "ManufacturersModelName": "MAGNETOM Trio",
    "ReceiveCoilName": "Siemens 12 channel Head Matrix Coil (Erlangen, Germany)",
    "RepetitionTime": 2.4,
    "modality": "T1w",
    "subject_id": "078"
  },
  "cjv": 0.43501862598655405,
  "cnr": 3.0518786805327793,
  "efc": 0.550802263829788,
  "fber": 2162.805908203125,
  "fwhm_avg": 3.3902933333333336,
  "fwhm_x": 3.48484,
  "fwhm_y": 3.57577,
  "fwhm_z": 3.11027,
  "icvs_csf": 0.19530904564874743,
  "icvs_gm": 0.432463223588593,
  "icvs_wm": 0.3722277307626596,
  "inu_med": 1.035186529159546,
  "inu_range": 0.33503037691116333,
  "provenance": {
    "md5sum": "c6321f9c87078b55af1943a336304fed",
    "mriqc_pred": 0,
    "settings": {
      "testing": false
    },
    "software": "mriqc",
    "version": "0.9.6",
    "warnings": {
      "large_rot_frame": true,
      "small_air_mask": false
    }
  },
  "qi_1": 0.0,
  "qi_2": 0.00499000526444806,
  "rpve_csf": 47.056423224876234,
  "rpve_gm": 22.877631696505276,
  "rpve_wm": 30.88696836777887,
  "size_x": 256,
  "size_y": 256,
  "size_z": 256,
  "snr_csf": 3.3949725754940805,
  "snr_gm": 11.767570848867885,
  "snr_total": 12.190670791098162,
  "snr_wm": 21.40946894893252,
  "snrd_csf": 23.40255641261134,
  "snrd_gm": 47.22047698137422,
  "snrd_total": 44.39122559830034,
  "snrd_wm": 62.55064340091546,
  "spacing_x": 1.0,
  "spacing_y": 1.0,
  "spacing_z": 1.0,
  "summary_bg_k": 4.427419788293558,
  "summary_bg_mad": 10.473785400390625,
  "summary_bg_mean": 16.366132736206055,
  "summary_bg_median": 14.032604217529297,
  "summary_bg_n": 3229237.0,
  "summary_bg_p05": 2.7398762702941895,
  "summary_bg_p95": 39.78492202758787,
  "summary_bg_stdv": 12.336028099060059,
  "summary_csf_k": 1.092940774862626,
  "summary_csf_mad": 93.60836029052734,
  "summary_csf_mean": 393.6561584472656,
  "summary_csf_median": 374.1409606933594,
  "summary_csf_n": 14835.0,
  "summary_csf_p05": 250.53618621826172,
  "summary_csf_p95": 605.2122619628906,
  "summary_csf_stdv": 110.20069885253906,
  "summary_gm_k": -0.004408015060694215,
  "summary_gm_mad": 62.37032699584961,
  "summary_gm_mean": 754.8236694335938,
  "summary_gm_median": 754.9224243164062,
  "summary_gm_n": 14270.0,
  "summary_gm_p05": 647.5040893554688,
  "summary_gm_p95": 860.9995483398436,
  "summary_gm_stdv": 64.1505355834961,
  "summary_wm_k": 0.4362525039154108,
  "summary_wm_mad": 44.246726989746094,
  "summary_wm_mean": 998.7732543945312,
  "summary_wm_median": 1000.0086059570312,
  "summary_wm_n": 173868.0,
  "summary_wm_p05": 919.7762145996094,
  "summary_wm_p95": 1073.30576171875,
  "summary_wm_stdv": 46.70857238769531,
  "tpm_overlap_csf": 0.24062657356262207,
  "tpm_overlap_gm": 0.5126850605010986,
  "tpm_overlap_wm": 0.5584031343460083,
  "wm2max": 0.6372628238347423
}