{
  "aor": 0.0025264393939393942,
  "aqi": 0.002547659696969697,
  "bids_meta": {
    "EchoTime": 0.027,
    "FlipAngle": 90,
    "MagneticFieldStrength": 3.0,
    "Manufacturer": "Siemens",
    "ManufacturersModelName": "MAGNETOM Trio",
    "ReceiveCoilName": "Siemens 12 channel Head Matrix Coil (Erlangen, Germany)",
    "RepetitionTime": 2.5,
    "TaskName": "rest",
    "modality": "bold",
    "run_id": "1",
    "subject_id": "119",
    "task_id": "rest"
  },
  "dummy_trs": 0,
  "dvars_nstd": 14.854098530839696,
  "dvars_std": 1.3105954634351142,
  "dvars_vstd": 1.0045442110687024,
  "efc": 0.4288259078991028,
  "fber": 38623.9453125,
  "fd_mean": 0.04142666672634754,
  "fd_num": 0,
  "fd_perc": 0.0,
  "fwhm_avg": 2.530643629046455,
  "fwhm_x": 2.297045,
  "fwhm_y": 2.8976751727148993,
  "fwhm_z": 2.397210714424465,
  "gcor": 0.0419679,
  "gsr_x": -0.011723538860678673,
  "gsr_y": 0.01698998548090458,
  "provenance": {
    "md5sum": "7330065db1c203bf5cf0c33629378ff2",
    "settings": {
      "fd_thres": 0.2,
      "hmc_fsl": false
    },
    "software": "mriqc",
    "version": "0.9.6"
  },
  "size_t": 132,
  "size_x": 64,
  "size_y": 64,
  "size_z": 32,
  "snr": 4.970649265929611,
  "spacing_tr": 2.5,
  "spacing_x": 4.0,
  "spacing_y": 3.999999761581421,
  "spacing_z": 3.9999988079071045,
  "summary_bg_k": 27.520218786060116,
  "summary_bg_mad": 2.6507129669189453,
  "summary_bg_mean": 19.363018035888672,
  "summary_bg_median": 3.9621212482452393,
  "summary_bg_n": 82922.0,
  "summary_bg_p05": 1.5909091234207153,
  "summary_bg_p95": 109.96932487487791,
  "summary_bg_stdv": 45.960208892822266,
  "summary_fg_k": 3.8394570113839137,
  "summary_fg_mad": 119.21473693847656,
  "summary_fg_mean": 792.9891357421875,
  "summary_fg_median": 810.3106079101562,
  "summary_fg_n": 21316.0,
  "summary_fg_p05": 488.1269226074219,
  "summary_fg_p95": 1007.0492706298828,
  "summary_fg_stdv": 163.01524353027344,
  "tsnr": 108.01309204101562
}