{
  "aor": 0.0017280303030303033,
  "aqi": 0.002608078636363636,
  "bids_meta": {
    "EchoTime": 0.027,
    "FlipAngle": 90,
    "MagneticFieldStrength": 3.0,
    "Manufacturer": "Siemens",
    "ManufacturersModelName": "MAGNETOM Trio",
    "ReceiveCoilName": "Siemens 12 channel Head Matrix Coil (Erlangen, Germany)",
    "RepetitionTime": 2.5,
    "TaskName": "rest",
    "modality": "bold",
    "run_id": "2",
    "subject_id": "115",
    "task_id": "rest"
  },
  "dummy_trs": 0,
  "dvars_nstd": 19.23244457351145,
  "dvars_std": 1.4577492730534358,
  "dvars_vstd": 1.0025439915267171,
  "efc": 0.40141579285448403,
  "fber": 46532.03515625,
  "fd_mean": 0.1065461317424012,
  "fd_num": 7,
  "fd_perc": 5.303030303030303,
  "fwhm_avg": 2.5137289673328875,
  "fwhm_x": 2.2650125,
  "fwhm_y": 2.767975,
  "fwhm_z": 2.5081994019986626,
  "gcor": 0.0234906,
  "gsr_x": -0.01589321345090866,
  "gsr_y": 0.01872803270816803,
  "provenance": {
    "md5sum": "93e4b3230ada27b3c523abd43dd200b5",
    "settings": {
      "fd_thres": 0.2,
      "hmc_fsl": false
    },
    "software": "mriqc",
    "version": "0.9.6"
  },
  "size_t": 132,
  "size_x": 64,
  "size_y": 64,
  "size_z": 32,
  "snr": 4.916413735020927,
  "spacing_tr": 2.5,
  "spacing_x": 4.0,
  "spacing_y": 4.0,
  "spacing_z": 4.000000953674316,
  "summary_bg_k": 67.571547264992,
  "summary_bg_mad": 3.2123050689697266,
  "summary_bg_mean": 19.987825393676758,
  "summary_bg_median": 4.977272987365723,
  "summary_bg_n": 85456.0,
  "summary_bg_p05": 2.007575750350952,
  "summary_bg_p95": 94.0549259185791,
  "summary_bg_stdv": 54.121376037597656,
  "summary_fg_k": 3.924540414887958,
  "summary_fg_mad": 159.66053771972656,
  "summary_fg_mean": 1090.0885009765625,
  "summary_fg_median": 1116.5985107421875,
  "summary_fg_n": 19601.0,
  "summary_fg_p05": 650.8560791015625,
  "summary_fg_p95": 1376.007568359375,
  "summary_fg_stdv": 227.1106719970703,
  "tsnr": 117.59770202636719
}