{
  "bids_meta": {
    "EchoTime": 0.03,
    "FlipAngle": 8,
    "MagneticFieldStrength": 3.0,
    "Manufacturer": "Siemens",
    "ManufacturersModelName": "MAGNETOM Trio",
    "ReceiveCoilName": "Siemens 12 channel Head Matrix Coil (Erlangen, Germany)",
    "RepetitionTime": 2.4,
    "modality": "T1w",
    "subject_id": "089"
  },
  "cjv": 0.42083814579181633,
  "cnr": 3.1708197406701735,
  "efc": 0.5435809248389636,
  "fber": 1981.47265625,
  "fwhm_avg": 3.496256666666667,
  "fwhm_x": 3.52326,
  "fwhm_y": 3.71008,
  "fwhm_z": 3.25543,
  "icvs_csf": 0.17837253068433775,
  "icvs_gm": 0.4330214834249201,
  "icvs_wm": 0.38860598589074213,
  "inu_med": 1.04255211353302,
  "inu_range": 0.34407577514648424,
  "provenance": {
    "md5sum": "8cfd6804a3e9b1a247b24267aa9e54ac",
    "mriqc_pred": 0,
    "settings": {
      "testing": false
    },
    "software": "mriqc",
    "version": "0.9.6",
    "warnings": {
      "large_rot_frame": true,
      "small_air_mask": false
    }
  },
  "qi_1": 0.0,
  "qi_2": 0.02941027617085483,
  "rpve_csf": 49.35496723165844,
  "rpve_gm": 22.30481804498379,
  "rpve_wm": 28.85180400575458,
  "size_x": 256,
  "size_y": 256,
  "size_z": 256,
  "snr_csf": 2.834823021996711,
  "snr_gm": 11.450318630576753,
  "snr_total": 11.931323640636885,
  "snr_wm": 21.508829269337195,
  "snrd_csf": 23.025996141050094,
  "snrd_gm": 47.92723391603941,
  "snrd_total": 45.12782190838332,
  "snrd_wm": 64.43023566806043,
  "spacing_x": 1.0,
  "spacing_y": 1.0,
  "spacing_z": 1.0,
  "summary_bg_k": 4.050946184843246,
  "summary_bg_mad": 10.16818904876709,
  "summary_bg_mean": 15.976840019226074,
  "summary_bg_median": 13.538860321044922,
  "summary_bg_n": 3212301.0,
  "summary_bg_p05": 0.0,
  "summary_bg_p95": 38.62450408935547,
  "summary_bg_stdv": 11.98597526550293,
  "summary_csf_k": -0.23065740381936495,
  "summary_csf_mad": 127.97386932373047,
  "summary_csf_mean": 388.7918701171875,
  "summary_csf_median": 357.38006591796875,
  "summary_csf_n": 18390.0,
  "summary_csf_p05": 230.4577621459961,
  "summary_csf_p95": 612.7611175537108,
  "summary_csf_stdv": 126.0644302368164,
  "summary_gm_k": 0.06853030506202717,
  "summary_gm_mad": 63.740901947021484,
  "summary_gm_mean": 745.2205200195312,
  "summary_gm_median": 743.865234375,
  "summary_gm_n": 18312.0,
  "summary_gm_p05": 640.1296539306641,
  "summary_gm_p95": 853.5185943603516,
  "summary_gm_stdv": 64.96281433105469,
  "summary_wm_k": 0.4290395545240657,
  "summary_wm_mad": 44.051944732666016,
  "summary_wm_mean": 999.3623046875,
  "summary_wm_median": 1000.0037231445312,
  "summary_wm_n": 193452.0,
  "summary_wm_p05": 921.8559417724609,
  "summary_wm_p95": 1074.8727722167969,
  "summary_wm_stdv": 46.49258804321289,
  "tpm_overlap_csf": 0.24298834800720215,
  "tpm_overlap_gm": 0.5102574229240417,
  "tpm_overlap_wm": 0.5493596196174622,
  "wm2max": 0.6160246002973617
}