{
  "aor": 0.006096060606060606,
  "aqi": 0.004037387272727274,
  "bids_meta": {
    "EchoTime": 0.027,
    "FlipAngle": 90,
    "MagneticFieldStrength": 3.0,
    "Manufacturer": "Siemens",
    "ManufacturersModelName": "MAGNETOM Trio",
    "ReceiveCoilName": "Siemens 12 channel Head Matrix Coil (Erlangen, Germany)",
    "RepetitionTime": 2.5,
    "TaskName": "rest",
    "modality": "bold",
    "run_id": "2",
    "subject_id": "110",
    "task_id": "rest"
  },
  "dummy_trs": 0,
  "dvars_nstd": 18.81972369702291,
  "dvars_std": 1.3716664896946564,
  "dvars_vstd": 0.9938409964122136,
  "efc": 0.3948522239948433,
  "fber": 42111.30859375,
  "fd_mean": 0.08063844672473741,
  "fd_num": 6,
  "fd_perc": 4.545454545454546,
  "fwhm_avg": 2.6669920143091144,
  "fwhm_x": 2.42442,
  "fwhm_y": 3.076925,
  "fwhm_z": 2.4996310429273425,
  "gcor": 0.00842093,
  "gsr_x": -0.01873365230858326,
  "gsr_y": 0.017859866842627525,
  "provenance": {
    "md5sum": "c7e9f6aef3e41b0564e1971f6308419e",
    "settings": {
      "fd_thres": 0.2,
      "hmc_fsl": false
    },
    "software": "mriqc",
    "version": "0.9.6"
  },
  "size_t": 132,
  "size_x": 64,
  "size_y": 64,
  "size_z": 32,
  "snr": 4.670801730891621,
  "spacing_tr": 2.5,
  "spacing_x": 4.0,
  "spacing_y": 4.0,
  "spacing_z": 3.9999983310699463,
  "summary_bg_k": 62.01935652879804,
  "summary_bg_mad": 3.493100643157959,
  "summary_bg_mean": 18.988670349121094,
  "summary_bg_median": 4.9242424964904785,
  "summary_bg_n": 86052.0,
  "summary_bg_p05": 1.9696969985961914,
  "summary_bg_p95": 91.63561019897458,
  "summary_bg_stdv": 47.69306564331055,
  "summary_fg_k": 2.8240425239380187,
  "summary_fg_mad": 172.97024536132812,
  "summary_fg_mean": 1029.0665283203125,
  "summary_fg_median": 1056.5985107421875,
  "summary_fg_n": 18988.0,
  "summary_fg_p05": 598.1901519775391,
  "summary_fg_p95": 1326.1288635253904,
  "summary_fg_stdv": 226.2075653076172,
  "tsnr": 82.10123443603516
}