{
  "bids_meta": {
    "EchoTime": 0.03,
    "FlipAngle": 8,
    "MagneticFieldStrength": 3.0,
    "Manufacturer": "Siemens",
    "ManufacturersModelName": "MAGNETOM Trio",
    "ReceiveCoilName": "Siemens 12 channel Head Matrix Coil (Erlangen, Germany)",
    "RepetitionTime": 2.4,
    "modality": "T1w",
    "subject_id": "108"
  },
  "cjv": 0.37881611877043925,
  "cnr": 3.4977782678323996,
  "efc": 0.5363068460774305,
  "fber": 1744.75146484375,
  "fwhm_avg": 3.31052,
  "fwhm_x": 3.36741,
  "fwhm_y": 3.49612,
  "fwhm_z": 3.06803,
  "icvs_csf": 0.1855632563188891,
  "icvs_gm": 0.43779586294740713,
  "icvs_wm": 0.3766408807337038,
  "inu_med": 1.1336870193481445,
  "inu_range": 0.33243852853775024,
  "provenance": {
    "md5sum": "6d434fd95c3d21fc9cedfb7b6e51eca9",
    "mriqc_pred": 0,
    "settings": {
      "testing": false
    },
    "software": "mriqc",
    "version": "0.9.6",
    "warnings": {
      "large_rot_frame": true,
      "small_air_mask": false
    }
  },
  "qi_1": 0.0,
  "qi_2": 0.007483704574176102,
  "rpve_csf": 31.205092658161654,
  "rpve_gm": 14.716038252495402,
  "rpve_wm": 20.525798600547613,
  "size_x": 176,
  "size_y": 256,
  "size_z": 256,
  "snr_csf": 2.8167047274096526,
  "snr_gm": 8.856806947518688,
  "snr_total": 10.237697321626532,
  "snr_wm": 19.039580289951257,
  "snrd_csf": 24.197443172685816,
  "snrd_gm": 44.66987425181336,
  "snrd_total": 45.047858306200546,
  "snrd_wm": 66.27625749410247,
  "spacing_x": 1.0,
  "spacing_y": 1.0,
  "spacing_z": 1.0,
  "summary_bg_k": 3.3213279335222357,
  "summary_bg_mad": 9.884679794311523,
  "summary_bg_mean": 16.27657127380371,
  "summary_bg_median": 14.266549110412598,
  "summary_bg_n": 3517060.0,
  "summary_bg_p05": 2.725980019569397,
  "summary_bg_p95": 38.562885475158666,
  "summary_bg_stdv": 11.726606369018555,
  "summary_csf_k": -0.9773051049693637,
  "summary_csf_mad": 154.54336547851562,
  "summary_csf_mean": 341.3940734863281,
  "summary_csf_median": 365.0903625488281,
  "summary_csf_n": 10195.0,
  "summary_csf_p05": 139.66089019775393,
  "summary_csf_p95": 530.8404479980468,
  "summary_csf_stdv": 129.60977172851562,
  "summary_gm_k": 0.09257307821469851,
  "summary_gm_mad": 73.93302154541016,
  "summary_gm_mean": 674.716796875,
  "summary_gm_median": 673.9778442382812,
  "summary_gm_n": 20541.0,
  "summary_gm_p05": 548.690673828125,
  "summary_gm_p95": 802.786865234375,
  "summary_gm_stdv": 76.09530639648438,
  "summary_wm_k": 0.5206554633935876,
  "summary_wm_mad": 49.559715270996094,
  "summary_wm_mean": 997.9740600585938,
  "summary_wm_median": 999.974365234375,
  "summary_wm_n": 192386.0,
  "summary_wm_p05": 908.0070190429688,
  "summary_wm_p95": 1080.2057800292969,
  "summary_wm_stdv": 52.52068328857422,
  "tpm_overlap_csf": 0.22788186371326447,
  "tpm_overlap_gm": 0.5181540250778198,
  "tpm_overlap_wm": 0.5670723915100098,
  "wm2max": 0.5997118010036077
}