{
  "bids_meta": {
    "EchoTime": 0.03,
    "FlipAngle": 8,
    "MagneticFieldStrength": 3.0,
    "Manufacturer": "Siemens",
    "ManufacturersModelName": "MAGNETOM Trio",
    "ReceiveCoilName": "Siemens 12 channel Head Matrix Coil (Erlangen, Germany)",
    "RepetitionTime": 2.4,
    "modality": "T1w",
    "subject_id": "085"
  },
  "cjv": 0.43083862074402085,
  "cnr": 3.1376419285283426,
  "efc": 0.5441597668278221,
  "fber": 2120.66064453125,
  "fwhm_avg": 3.5046601366229932,
  "fwhm_x": 3.638530216873301,
  "fwhm_y": 3.63752,
  "fwhm_z": 3.237930192995679,
  "icvs_csf": 0.1914296656199349,
  "icvs_gm": 0.4035330294228249,
  "icvs_wm": 0.4050373049572402,
  "inu_med": 0.9776144027709961,
  "inu_range": 0.3224642693996428,
  "provenance": {
    "md5sum": "e9ac9a1d78949dc1367f37d2fbd732e5",
    "mriqc_pred": 0,
    "settings": {
      "testing": false
    },
    "software": "mriqc",
    "version": "0.9.6",
    "warnings": {
      "large_rot_frame": true,
      "small_air_mask": false
    }
  },
  "qi_1": 0.0,
  "qi_2": 0.02874771370660323,
  "rpve_csf": 40.35555775804136,
  "rpve_gm": 20.147402169840262,
  "rpve_wm": 24.52778655087162,
  "size_x": 256,
  "size_y": 256,
  "size_z": 256,
  "snr_csf": 3.744668205058835,
  "snr_gm": 10.920403456431652,
  "snr_total": 12.23177145502924,
  "snr_wm": 22.030242703597228,
  "snrd_csf": 30.016657947837714,
  "snrd_gm": 48.67560857712379,
  "snrd_total": 48.11538315826124,
  "snrd_wm": 65.6538829498222,
  "spacing_x": 0.9999999403953552,
  "spacing_y": 1.0,
  "spacing_z": 0.9999999403953552,
  "summary_bg_k": 3.1591603327655227,
  "summary_bg_mad": 9.978647232055664,
  "summary_bg_mean": 15.392912864685059,
  "summary_bg_median": 13.485443115234375,
  "summary_bg_n": 3395194.0,
  "summary_bg_p05": 2.676260304450989,
  "summary_bg_p95": 36.58107337951658,
  "summary_bg_stdv": 11.124573707580566,
  "summary_csf_k": 0.5190413642485407,
  "summary_csf_mad": 135.73406982421875,
  "summary_csf_mean": 451.04925537109375,
  "summary_csf_median": 457.19586181640625,
  "summary_csf_n": 15980.0,
  "summary_csf_p05": 261.05714263916013,
  "summary_csf_p95": 640.1254089355468,
  "summary_csf_stdv": 122.08866882324219,
  "summary_gm_k": -0.07475022926195685,
  "summary_gm_mad": 68.15943145751953,
  "summary_gm_mean": 742.1692504882812,
  "summary_gm_median": 741.3978881835938,
  "summary_gm_n": 11055.0,
  "summary_gm_p05": 630.4314270019531,
  "summary_gm_p95": 854.7275390625,
  "summary_gm_stdv": 67.88800048828125,
  "summary_wm_k": 0.4388956207725849,
  "summary_wm_mad": 43.2567138671875,
  "summary_wm_mean": 999.4317626953125,
  "summary_wm_median": 1000.0008544921875,
  "summary_wm_n": 238276.0,
  "summary_wm_p05": 924.1465454101562,
  "summary_wm_p95": 1072.8462524414062,
  "summary_wm_stdv": 45.39208984375,
  "tpm_overlap_csf": 0.22957642376422882,
  "tpm_overlap_gm": 0.5061983466148376,
  "tpm_overlap_wm": 0.5730616450309753,
  "wm2max": 0.6419501899746011
}