{
  "bids_meta": {
    "EchoTime": 0.03,
    "FlipAngle": 8,
    "MagneticFieldStrength": 3.0,
    "Manufacturer": "Siemens",
    "ManufacturersModelName": "MAGNETOM Trio",
    "ReceiveCoilName": "Siemens 12 channel Head Matrix Coil (Erlangen, Germany)",
    "RepetitionTime": 2.4,
    "modality": "T1w",
    "subject_id": "112"
  },
  "cjv": 0.38039771332651645,
  "cnr": 3.457965550706712,
  "efc": 0.5377189639223839,
  "fber": 1813.54345703125,
  "fwhm_avg": 3.4032401395001095,
  "fwhm_x": 3.399540202628386,
  "fwhm_y": 3.621730215871943,
  "fwhm_z": 3.18845,
  "icvs_csf": 0.2031715864507099,
  "icvs_gm": 0.41947438058245257,
  "icvs_wm": 0.3773540329668375,
  "inu_med": 1.128639578819275,
  "inu_range": 0.36102790832519527,
  "provenance": {
    "md5sum": "8033f04c16069d1840659ac87e817bc4",
    "mriqc_pred": 0,
    "settings": {
      "testing": false
    },
    "software": "mriqc",
    "version": "0.9.6",
    "warnings": {
      "large_rot_frame": true,
      "small_air_mask": false
    }
  },
  "qi_1": 0.0,
  "qi_2": 0.0059396493896719795,
  "rpve_csf": 27.691008925763768,
  "rpve_gm": 14.264962366791483,
  "rpve_wm": 19.240421984988107,
  "size_x": 176,
  "size_y": 256,
  "size_z": 256,
  "snr_csf": 2.733372232421316,
  "snr_gm": 9.071751189289072,
  "snr_total": 10.163363315161542,
  "snr_wm": 18.68496652377424,
  "snrd_csf": 24.835957094237795,
  "snrd_gm": 47.92956726400279,
  "snrd_total": 47.77681950419045,
  "snrd_wm": 70.56493415433076,
  "spacing_x": 0.9999999403953552,
  "spacing_y": 0.9999999403953552,
  "spacing_z": 1.0,
  "summary_bg_k": 3.778928505028359,
  "summary_bg_mad": 9.284212112426758,
  "summary_bg_mean": 15.957496643066406,
  "summary_bg_median": 13.235904693603516,
  "summary_bg_n": 3588766.0,
  "summary_bg_p05": 2.4714842438697815,
  "summary_bg_p95": 38.18274116516113,
  "summary_bg_stdv": 11.634546279907227,
  "summary_csf_k": -0.6807422238797334,
  "summary_csf_mad": 154.1646270751953,
  "summary_csf_mean": 347.10455322265625,
  "summary_csf_median": 351.96075439453125,
  "summary_csf_n": 11754.0,
  "summary_csf_p05": 147.1648727416992,
  "summary_csf_p95": 545.2278747558594,
  "summary_csf_stdv": 128.75881958007812,
  "summary_gm_k": 0.35829687483334727,
  "summary_gm_mad": 70.62481689453125,
  "summary_gm_mean": 680.37451171875,
  "summary_gm_median": 679.22998046875,
  "summary_gm_n": 12558.0,
  "summary_gm_p05": 558.9127716064453,
  "summary_gm_p95": 807.3900848388671,
  "summary_gm_stdv": 74.87010192871094,
  "summary_wm_k": 0.3765327541373611,
  "summary_wm_mad": 51.397361755371094,
  "summary_wm_mean": 999.4672241210938,
  "summary_wm_median": 1000.0052490234375,
  "summary_wm_n": 193625.0,
  "summary_wm_p05": 910.6133666992187,
  "summary_wm_p95": 1085.9616455078126,
  "summary_wm_stdv": 53.51910400390625,
  "tpm_overlap_csf": 0.2254711240530014,
  "tpm_overlap_gm": 0.5023808479309082,
  "tpm_overlap_wm": 0.5506019592285156,
  "wm2max": 0.5767219649376122
}