{
  "aor": 0.0029428787878787873,
  "aqi": 0.004009474545454544,
  "bids_meta": {
    "EchoTime": 0.027,
    "FlipAngle": 90,
    "MagneticFieldStrength": 3.0,
    "Manufacturer": "Siemens",
    "ManufacturersModelName": "MAGNETOM Trio",
    "ReceiveCoilName": "Siemens 12 channel Head Matrix Coil (Erlangen, Germany)",
    "RepetitionTime": 2.5,
    "TaskName": "rest",
    "modality": "bold",
    "run_id": "2",
    "subject_id": "053",
    "task_id": "rest"
  },
  "dummy_trs": 0,
  "dvars_nstd": 12.631966991374048,
  "dvars_std": 1.1872432119083973,
  "dvars_vstd": 0.9569309465648854,
  "efc": 0.392122692483696,
  "fber": 56155.8046875,
  "fd_mean": 0.048953441100793756,
  "fd_num": 0,
  "fd_perc": 0.0,
  "fwhm_avg": 2.490829262968909,
  "fwhm_x": 2.2180875,
  "fwhm_y": 2.830875,
  "fwhm_z": 2.423525288906728,
  "gcor": 0.0236226,
  "gsr_x": -0.016163142397999763,
  "gsr_y": 0.013416214846074581,
  "provenance": {
    "md5sum": "2c178ed8428ce6981f00fc5f6c2a724b",
    "settings": {
      "fd_thres": 0.2,
      "hmc_fsl": false
    },
    "software": "mriqc",
    "version": "0.9.6"
  },
  "size_t": 132,
  "size_x": 64,
  "size_y": 64,
  "size_z": 32,
  "snr": 5.0648134087362395,
  "spacing_tr": 2.5,
  "spacing_x": 4.0,
  "spacing_y": 4.0,
  "spacing_z": 3.999999523162842,
  "summary_bg_k": 50.09810229864156,
  "summary_bg_mad": 2.358685255050659,
  "summary_bg_mean": 13.689868927001953,
  "summary_bg_median": 3.704545497894287,
  "summary_bg_n": 86181.0,
  "summary_bg_p05": 1.4924242496490479,
  "summary_bg_p95": 63.70454788208008,
  "summary_bg_stdv": 33.90945053100586,
  "summary_fg_k": 4.064735366091405,
  "summary_fg_mad": 130.8452606201172,
  "summary_fg_mean": 892.78857421875,
  "summary_fg_median": 912.8447265625,
  "summary_fg_n": 18824.0,
  "summary_fg_p05": 555.1170806884766,
  "summary_fg_p95": 1125.0829956054686,
  "summary_fg_stdv": 180.2278594970703,
  "tsnr": 95.11360168457031
}