{
  "bids_meta": {
    "EchoTime": 0.03,
    "FlipAngle": 8,
    "MagneticFieldStrength": 3.0,
    "Manufacturer": "Siemens",
    "ManufacturersModelName": "MAGNETOM Trio",
    "ReceiveCoilName": "Siemens 12 channel Head Matrix Coil (Erlangen, Germany)",
    "RepetitionTime": 2.4,
    "modality": "T1w",
    "subject_id": "090"
  },
  "cjv": 0.3940417981634481,
  "cnr": 3.4037273685638474,
  "efc": 0.5549558805165802,
  "fber": 1996.8138427734375,
  "fwhm_avg": 3.540280071552798,
  "fwhm_x": 3.6013702146583926,
  "fwhm_y": 3.69953,
  "fwhm_z": 3.31994,
  "icvs_csf": 0.19176635122236216,
  "icvs_gm": 0.43915836602023106,
  "icvs_wm": 0.36907528275740675,
  "inu_med": 1.0333194732666016,
  "inu_range": 0.38902601897716516,
  "provenance": {
    "md5sum": "a78b480800f1e4d6eaa7a3f16f615cd3",
    "mriqc_pred": 0,
    "settings": {
      "testing": false
    },
    "software": "mriqc",
    "version": "0.9.6",
    "warnings": {
      "large_rot_frame": true,
      "small_air_mask": false
    }
  },
  "qi_1": 0.0,
  "qi_2": 0.014874365494892643,
  "rpve_csf": 38.77058021540041,
  "rpve_gm": 18.545564047091183,
  "rpve_wm": 25.616183607120774,
  "size_x": 256,
  "size_y": 256,
  "size_z": 256,
  "snr_csf": 3.2508777243377622,
  "snr_gm": 11.25611768494955,
  "snr_total": 11.582715686569394,
  "snr_wm": 20.24115165042087,
  "snrd_csf": 25.517141773514044,
  "snrd_gm": 46.94191070435682,
  "snrd_total": 45.83712356202873,
  "snrd_wm": 65.05231820821533,
  "spacing_x": 0.9999999403953552,
  "spacing_y": 1.0,
  "spacing_z": 1.0,
  "summary_bg_k": 4.036857719727946,
  "summary_bg_mad": 10.070913314819336,
  "summary_bg_mean": 15.669315338134766,
  "summary_bg_median": 13.548675537109375,
  "summary_bg_n": 3776119.0,
  "summary_bg_p05": 0.0,
  "summary_bg_p95": 38.057864761352526,
  "summary_bg_stdv": 11.813882827758789,
  "summary_csf_k": 0.33156807083901096,
  "summary_csf_mad": 129.52047729492188,
  "summary_csf_mean": 408.1369323730469,
  "summary_csf_median": 392.255615234375,
  "summary_csf_n": 15963.0,
  "summary_csf_p05": 241.3924606323242,
  "summary_csf_p95": 615.0112854003904,
  "summary_csf_stdv": 120.65766906738281,
  "summary_gm_k": 0.052002548382900304,
  "summary_gm_mad": 63.36586380004883,
  "summary_gm_mean": 722.968017578125,
  "summary_gm_median": 721.602294921875,
  "summary_gm_n": 20929.0,
  "summary_gm_p05": 618.9851684570312,
  "summary_gm_p95": 831.0101928710935,
  "summary_gm_stdv": 64.10603332519531,
  "summary_wm_k": 0.5417909327592554,
  "summary_wm_mad": 46.33439636230469,
  "summary_wm_mean": 1000.0132446289062,
  "summary_wm_median": 999.9998168945312,
  "summary_wm_n": 213193.0,
  "summary_wm_p05": 918.9707885742187,
  "summary_wm_p95": 1081.0547607421877,
  "summary_wm_stdv": 49.404178619384766,
  "tpm_overlap_csf": 0.23637840151786804,
  "tpm_overlap_gm": 0.526668906211853,
  "tpm_overlap_wm": 0.5692996978759766,
  "wm2max": 0.593126084321039
}