{
  "aor": 0.004547272727272727,
  "aqi": 0.006389522803030304,
  "bids_meta": {
    "EchoTime": 0.027,
    "FlipAngle": 90,
    "MagneticFieldStrength": 3.0,
    "Manufacturer": "Siemens",
    "ManufacturersModelName": "MAGNETOM Trio",
    "ReceiveCoilName": "Siemens 12 channel Head Matrix Coil (Erlangen, Germany)",
    "RepetitionTime": 2.5,
    "TaskName": "rest",
    "modality": "bold",
    "run_id": "2",
    "subject_id": "066",
    "task_id": "rest"
  },
  "dummy_trs": 0,
  "dvars_nstd": 21.899238018549614,
  "dvars_std": 1.2691331755725188,
  "dvars_vstd": 0.977764507175572,
  "efc": 0.4009782540265343,
  "fber": 45690.78125,
  "fd_mean": 0.17734893095189624,
  "fd_num": 36,
  "fd_perc": 27.272727272727273,
  "fwhm_avg": 2.6444981353380754,
  "fwhm_x": 2.3891625,
  "fwhm_y": 3.052975,
  "fwhm_z": 2.4913569060142264,
  "gcor": 0.051988,
  "gsr_x": -0.014796806499361992,
  "gsr_y": 0.01428519282490015,
  "provenance": {
    "md5sum": "481de3e0dff10a18464c39d2ac913423",
    "settings": {
      "fd_thres": 0.2,
      "hmc_fsl": false
    },
    "software": "mriqc",
    "version": "0.9.6"
  },
  "size_t": 132,
  "size_x": 64,
  "size_y": 64,
  "size_z": 32,
  "snr": 4.419883707644694,
  "spacing_tr": 2.5,
  "spacing_x": 4.0,
  "spacing_y": 4.0,
  "spacing_z": 4.000000953674316,
  "summary_bg_k": 50.48955269243724,
  "summary_bg_mad": 2.1340489387512207,
  "summary_bg_mean": 12.581737518310547,
  "summary_bg_median": 3.3106062412261963,
  "summary_bg_n": 85085.0,
  "summary_bg_p05": 1.5303031206130981,
  "summary_bg_p95": 63.463639068603605,
  "summary_bg_stdv": 30.146944046020508,
  "summary_fg_k": 2.9820579714695006,
  "summary_fg_mad": 112.30712127685547,
  "summary_fg_mean": 711.4189453125,
  "summary_fg_median": 738.5758056640625,
  "summary_fg_n": 19634.0,
  "summary_fg_p05": 352.3712310791016,
  "summary_fg_p95": 917.0538177490233,
  "summary_fg_stdv": 167.09873962402344,
  "tsnr": 61.96559143066406
}