{
  "aor": 0.0015948872180451127,
  "aqi": 0.004317879172932331,
  "bids_meta": {
    "EchoTime": 0.027,
    "FlipAngle": 90,
    "MagneticFieldStrength": 3.0,
    "Manufacturer": "Siemens",
    "ManufacturersModelName": "MAGNETOM Trio",
    "ReceiveCoilName": "Siemens 12 channel Head Matrix Coil (Erlangen, Germany)",
    "RepetitionTime": 2.5,
    "TaskName": "rest",
    "modality": "bold",
    "run_id": "2",
    "subject_id": "031",
    "task_id": "rest"
  },
  "dummy_trs": 0,
  "dvars_nstd": 22.179447867651504,
  "dvars_std": 1.6307394797727273,
  "dvars_vstd": 0.9852094040151516,
  "efc": 0.4129415974085996,
  "fber": 42218.90625,
  "fd_mean": 0.047915080883945145,
  "fd_num": 0,
  "fd_perc": 0.0,
  "fwhm_avg": 2.469399543888749,
  "fwhm_x": 2.1771475,
  "fwhm_y": 2.857775,
  "fwhm_z": 2.373276131666246,
  "gcor": 0.03774,
  "gsr_x": -0.01879662461578846,
  "gsr_y": 0.0193495973944664,
  "provenance": {
    "md5sum": "d4c714f2f6b670904dcc7533b7e60b9f",
    "settings": {
      "fd_thres": 0.2,
      "hmc_fsl": false
    },
    "software": "mriqc",
    "version": "0.9.6"
  },
  "size_t": 133,
  "size_x": 64,
  "size_y": 64,
  "size_z": 32,
  "snr": 5.4705651915966795,
  "spacing_tr": 2.5,
  "spacing_x": 4.0,
  "spacing_y": 4.0,
  "spacing_z": 3.999998092651367,
  "summary_bg_k": 42.44663934201041,
  "summary_bg_mad": 2.24062442779541,
  "summary_bg_mean": 15.275215148925781,
  "summary_bg_median": 3.6842105388641357,
  "summary_bg_n": 84430.0,
  "summary_bg_p05": 1.5112782716751099,
  "summary_bg_p95": 81.94473876953131,
  "summary_bg_stdv": 36.65321350097656,
  "summary_fg_k": 5.330333757007995,
  "summary_fg_mad": 97.51734161376953,
  "summary_fg_mean": 770.5892944335938,
  "summary_fg_median": 784.0977783203125,
  "summary_fg_n": 20168.0,
  "summary_fg_p05": 519.5402374267578,
  "summary_fg_p95": 955.8988830566406,
  "summary_fg_stdv": 143.32675170898438,
  "tsnr": 107.90152740478516
}