{
  "aor": 0.0018330303030303031,
  "aqi": 0.0033922161363636365,
  "bids_meta": {
    "EchoTime": 0.027,
    "FlipAngle": 90,
    "MagneticFieldStrength": 3.0,
    "Manufacturer": "Siemens",
    "ManufacturersModelName": "MAGNETOM Trio",
    "ReceiveCoilName": "Siemens 12 channel Head Matrix Coil (Erlangen, Germany)",
    "RepetitionTime": 2.5,
    "TaskName": "rest",
    "modality": "bold",
    "run_id": "1",
    "subject_id": "064",
    "task_id": "rest"
  },
  "dummy_trs": 0,
  "dvars_nstd": 15.870961873587788,
  "dvars_std": 1.3137242764885493,
  "dvars_vstd": 0.9608566054198471,
  "efc": 0.3776219043181027,
  "fber": 55766.11328125,
  "fd_mean": 0.05853851001634423,
  "fd_num": 1,
  "fd_perc": 0.7575757575757576,
  "fwhm_avg": 2.424032217980724,
  "fwhm_x": 2.2322475,
  "fwhm_y": 2.6741,
  "fwhm_z": 2.365749153942172,
  "gcor": 0.0321585,
  "gsr_x": -0.016364360228180885,
  "gsr_y": 0.012419179081916809,
  "provenance": {
    "md5sum": "c7ec71559f4a2a08f3fdb2becb14fc7c",
    "settings": {
      "fd_thres": 0.2,
      "hmc_fsl": false
    },
    "software": "mriqc",
    "version": "0.9.6"
  },
  "size_t": 132,
  "size_x": 64,
  "size_y": 64,
  "size_z": 32,
  "snr": 5.329158562834095,
  "spacing_tr": 2.5,
  "spacing_x": 4.0,
  "spacing_y": 4.0,
  "spacing_z": 4.000001430511475,
  "summary_bg_k": 56.29642344795052,
  "summary_bg_mad": 2.257599115371704,
  "summary_bg_mean": 13.879658699035645,
  "summary_bg_median": 3.5833334922790527,
  "summary_bg_n": 88324.0,
  "summary_bg_p05": 1.5378788709640503,
  "summary_bg_p95": 64.69696807861328,
  "summary_bg_stdv": 35.384315490722656,
  "summary_fg_k": 4.843916858219444,
  "summary_fg_mad": 119.38323974609375,
  "summary_fg_mean": 861.583740234375,
  "summary_fg_median": 875.0264892578125,
  "summary_fg_n": 17318.0,
  "summary_fg_p05": 575.9140289306641,
  "summary_fg_p95": 1074.1591796875,
  "summary_fg_stdv": 164.19125366210938,
  "tsnr": 106.23861694335938
}