{
  "bids_meta": {
    "EchoTime": 0.03,
    "FlipAngle": 8,
    "MagneticFieldStrength": 3.0,
    "Manufacturer": "Siemens",
    "ManufacturersModelName": "MAGNETOM Trio",
    "ReceiveCoilName": "Siemens 12 channel Head Matrix Coil (Erlangen, Germany)",
    "RepetitionTime": 2.4,
    "modality": "T1w",
    "subject_id": "008"
  },
  "cjv": 0.3960041229173983,
  "cnr": 3.411782547920462,
  "efc": 0.5375592498485432,
  "fber": 2024.7515869140625,
  "fwhm_avg": 3.554306813413907,
  "fwhm_x": 3.6648602184426915,
  "fwhm_y": 3.7211702217990292,
  "fwhm_z": 3.27689,
  "icvs_csf": 0.19911888208164108,
  "icvs_gm": 0.4160563780799072,
  "icvs_wm": 0.38482473983845167,
  "inu_med": 1.09639310836792,
  "inu_range": 0.37980401515960693,
  "provenance": {
    "md5sum": "041507efb72864db5d11cfa67c773a94",
    "mriqc_pred": 0,
    "settings": {
      "testing": false
    },
    "software": "mriqc",
    "version": "0.9.6",
    "warnings": {
      "large_rot_frame": true,
      "small_air_mask": false
    }
  },
  "qi_1": 0.0,
  "qi_2": 0.007373192899508563,
  "rpve_csf": 41.88063074927817,
  "rpve_gm": 21.277913165015143,
  "rpve_wm": 27.70942384059822,
  "size_x": 256,
  "size_y": 256,
  "size_z": 256,
  "snr_csf": 3.0456149497683502,
  "snr_gm": 10.406839953770254,
  "snr_total": 11.330585041563937,
  "snr_wm": 20.539300221153212,
  "snrd_csf": 21.550155961593138,
  "snrd_gm": 44.63349418893441,
  "snrd_total": 42.98753446944122,
  "snrd_wm": 62.77895325779611,
  "spacing_x": 0.9999999403953552,
  "spacing_y": 0.9999999403953552,
  "spacing_z": 1.0,
  "summary_bg_k": 5.052049075264849,
  "summary_bg_mad": 10.435640335083008,
  "summary_bg_mean": 15.609264373779297,
  "summary_bg_median": 13.163789749145508,
  "summary_bg_n": 3760570.0,
  "summary_bg_p05": 2.665129578113556,
  "summary_bg_p95": 37.890273094177246,
  "summary_bg_stdv": 11.816658020019531,
  "summary_csf_k": 1.1532441074625925,
  "summary_csf_mad": 116.476806640625,
  "summary_csf_mean": 364.9462890625,
  "summary_csf_median": 343.27154541015625,
  "summary_csf_n": 14141.0,
  "summary_csf_p05": 213.9390411376953,
  "summary_csf_p95": 562.2576904296875,
  "summary_csf_stdv": 112.70610809326172,
  "summary_gm_k": 0.033275568170525904,
  "summary_gm_mad": 67.55540466308594,
  "summary_gm_mean": 709.4923095703125,
  "summary_gm_median": 710.965087890625,
  "summary_gm_n": 21376.0,
  "summary_gm_p05": 595.4048309326172,
  "summary_gm_p95": 820.6310272216797,
  "summary_gm_stdv": 68.31549835205078,
  "summary_wm_k": 0.29633172467067403,
  "summary_wm_mad": 46.90494155883789,
  "summary_wm_mean": 999.2715454101562,
  "summary_wm_median": 1000.0033569335938,
  "summary_wm_n": 204457.0,
  "summary_wm_p05": 917.8418212890625,
  "summary_wm_p95": 1078.148193359375,
  "summary_wm_stdv": 48.68719482421875,
  "tpm_overlap_csf": 0.24066060781478882,
  "tpm_overlap_gm": 0.51302570104599,
  "tpm_overlap_wm": 0.5768086314201355,
  "wm2max": 0.6353517205564456
}