{
  "aor": 0.0040342105263157894,
  "aqi": 0.004355899473684211,
  "bids_meta": {
    "EchoTime": 0.027,
    "FlipAngle": 90,
    "MagneticFieldStrength": 3.0,
    "Manufacturer": "Siemens",
    "ManufacturersModelName": "MAGNETOM Trio",
    "ReceiveCoilName": "Siemens 12 channel Head Matrix Coil (Erlangen, Germany)",
    "RepetitionTime": 2.5,
    "TaskName": "rest",
    "modality": "bold",
    "run_id": "2",
    "subject_id": "037",
    "task_id": "rest"
  },
  "dummy_trs": 0,
  "dvars_nstd": 18.209400660984855,
  "dvars_std": 1.36716014810606,
  "dvars_vstd": 1.0215457991666663,
  "efc": 0.4125079214896665,
  "fber": 43077.75,
  "fd_mean": 0.08716761437144184,
  "fd_num": 8,
  "fd_perc": 6.015037593984962,
  "fwhm_avg": 2.403645648076777,
  "fwhm_x": 2.229695,
  "fwhm_y": 2.650175,
  "fwhm_z": 2.3310669442303316,
  "gcor": 0.0371218,
  "gsr_x": -0.012589879333972931,
  "gsr_y": 0.01714586652815342,
  "provenance": {
    "md5sum": "2b0adfe25c3bbaa072b2f82fced80a02",
    "settings": {
      "fd_thres": 0.2,
      "hmc_fsl": false
    },
    "software": "mriqc",
    "version": "0.9.6"
  },
  "size_t": 133,
  "size_x": 64,
  "size_y": 64,
  "size_z": 32,
  "snr": 5.059806131523702,
  "spacing_tr": 2.5,
  "spacing_x": 4.0,
  "spacing_y": 4.0,
  "spacing_z": 4.000000953674316,
  "summary_bg_k": 52.36509199982966,
  "summary_bg_mad": 2.7199618816375732,
  "summary_bg_mean": 14.950515747070312,
  "summary_bg_median": 4.007518768310547,
  "summary_bg_n": 84088.0,
  "summary_bg_p05": 1.5639097690582275,
  "summary_bg_p95": 70.55827484130837,
  "summary_bg_stdv": 37.29030227661133,
  "summary_fg_k": 4.171169731463623,
  "summary_fg_mad": 121.28910827636719,
  "summary_fg_mean": 848.506103515625,
  "summary_fg_median": 864.18798828125,
  "summary_fg_n": 20546.0,
  "summary_fg_p05": 534.7218475341797,
  "summary_fg_p95": 1069.1485290527344,
  "summary_fg_stdv": 170.79052734375,
  "tsnr": 91.68067169189453
}