{
  "bids_meta": {
    "EchoTime": 0.03,
    "FlipAngle": 8,
    "MagneticFieldStrength": 3.0,
    "Manufacturer": "Siemens",
    "ManufacturersModelName": "MAGNETOM Trio",
    "ReceiveCoilName": "Siemens 12 channel Head Matrix Coil (Erlangen, Germany)",
    "RepetitionTime": 2.4,
    "modality": "T1w",
    "subject_id": "076"
  },
  "cjv": 0.4204417647599779,
  "cnr": 3.1855911021619634,
  "efc": 0.5492743299120807,
  "fber": 1936.04296875,
  "fwhm_avg": 3.50826,
  "fwhm_x": 3.59798,
  "fwhm_y": 3.64614,
  "fwhm_z": 3.28066,
  "icvs_csf": 0.19734162477823772,
  "icvs_gm": 0.4311517145725046,
  "icvs_wm": 0.3715066606492577,
  "inu_med": 1.0326863527297974,
  "inu_range": 0.4149911105632782,
  "provenance": {
    "md5sum": "06daf380b0c92308f32840ecec1dc61a",
    "mriqc_pred": 0,
    "settings": {
      "testing": false
    },
    "software": "mriqc",
    "version": "0.9.6",
    "warnings": {
      "large_rot_frame": true,
      "small_air_mask": false
    }
  },
  "qi_1": 0.0,
  "qi_2": 0.007074465796888787,
  "rpve_csf": 43.074261192047516,
  "rpve_gm": 21.04333904538678,
  "rpve_wm": 28.304584727292447,
  "size_x": 256,
  "size_y": 256,
  "size_z": 256,
  "snr_csf": 3.3100461429154864,
  "snr_gm": 11.597492177018193,
  "snr_total": 11.31065228872076,
  "snr_wm": 19.024418546228603,
  "snrd_csf": 21.550112733304378,
  "snrd_gm": 41.959117000084596,
  "snrd_total": 40.211159235595346,
  "snrd_wm": 57.12424797339707,
  "spacing_x": 1.0,
  "spacing_y": 1.0,
  "spacing_z": 1.0,
  "summary_bg_k": 4.672731952590496,
  "summary_bg_mad": 11.468719482421875,
  "summary_bg_mean": 17.18434715270996,
  "summary_bg_median": 14.387804985046387,
  "summary_bg_n": 3737694.0,
  "summary_bg_p05": 2.90974885225296,
  "summary_bg_p95": 41.9923210144043,
  "summary_bg_stdv": 13.076167106628418,
  "summary_csf_k": 0.19690635987740723,
  "summary_csf_mad": 112.2619857788086,
  "summary_csf_mean": 396.0857238769531,
  "summary_csf_median": 377.2530517578125,
  "summary_csf_n": 11640.0,
  "summary_csf_p05": 238.79469833374023,
  "summary_csf_p95": 602.586260986328,
  "summary_csf_stdv": 113.96724700927734,
  "summary_gm_k": 0.13479292544687071,
  "summary_gm_mad": 61.561744689941406,
  "summary_gm_mean": 734.4381103515625,
  "summary_gm_median": 734.530029296875,
  "summary_gm_n": 16376.0,
  "summary_gm_p05": 627.9773406982422,
  "summary_gm_p95": 839.0933380126953,
  "summary_gm_stdv": 63.33331298828125,
  "summary_wm_k": 0.3372444882492953,
  "summary_wm_mad": 50.05651092529297,
  "summary_wm_mean": 999.6017456054688,
  "summary_wm_median": 1000.008544921875,
  "summary_wm_n": 179670.0,
  "summary_wm_p05": 912.0386688232422,
  "summary_wm_p95": 1085.320819091797,
  "summary_wm_stdv": 52.564327239990234,
  "tpm_overlap_csf": 0.22837276756763458,
  "tpm_overlap_gm": 0.5105696320533752,
  "tpm_overlap_wm": 0.5479279160499573,
  "wm2max": 0.6066028320297805
}