{
  "aor": 0.0036549242424242425,
  "aqi": 0.0032980950757575756,
  "bids_meta": {
    "EchoTime": 0.027,
    "FlipAngle": 90,
    "MagneticFieldStrength": 3.0,
    "Manufacturer": "Siemens",
    "ManufacturersModelName": "MAGNETOM Trio",
    "ReceiveCoilName": "Siemens 12 channel Head Matrix Coil (Erlangen, Germany)",
    "RepetitionTime": 2.5,
    "TaskName": "rest",
    "modality": "bold",
    "run_id": "2",
    "subject_id": "057",
    "task_id": "rest"
  },
  "dummy_trs": 0,
  "dvars_nstd": 17.30826883129771,
  "dvars_std": 1.319155999312976,
  "dvars_vstd": 1.0078838889312975,
  "efc": 0.44874924744324834,
  "fber": 45917.01953125,
  "fd_mean": 0.10575756833432332,
  "fd_num": 19,
  "fd_perc": 14.393939393939394,
  "fwhm_avg": 2.5234444165181613,
  "fwhm_x": 2.2583925,
  "fwhm_y": 2.8907751723036275,
  "fwhm_z": 2.4211655772508567,
  "gcor": 0.0377284,
  "gsr_x": -0.016607943922281265,
  "gsr_y": 0.025585711002349854,
  "provenance": {
    "md5sum": "c1237471e8dcff3eab9bf52a3673acd6",
    "settings": {
      "fd_thres": 0.2,
      "hmc_fsl": false
    },
    "software": "mriqc",
    "version": "0.9.6"
  },
  "size_t": 132,
  "size_x": 64,
  "size_y": 64,
  "size_z": 32,
  "snr": 4.963835152618997,
  "spacing_tr": 2.5,
  "spacing_x": 4.0,
  "spacing_y": 3.999999761581421,
  "spacing_z": 3.9999990463256836,
  "summary_bg_k": 87.84749769008786,
  "summary_bg_mad": 2.8416547775268555,
  "summary_bg_mean": 17.92159080505371,
  "summary_bg_median": 4.121212005615234,
  "summary_bg_n": 78697.0,
  "summary_bg_p05": 1.704545497894287,
  "summary_bg_p95": 87.82727508544909,
  "summary_bg_stdv": 49.97770309448242,
  "summary_fg_k": 4.266002005816878,
  "summary_fg_mad": 138.66824340820312,
  "summary_fg_mean": 909.8761596679688,
  "summary_fg_median": 924.8447265625,
  "summary_fg_n": 24662.0,
  "summary_fg_p05": 585.5557067871094,
  "summary_fg_p95": 1156.6057006835936,
  "summary_fg_stdv": 186.3127899169922,
  "tsnr": 99.15330505371094
}