{
  "aor": 0.0015104545454545455,
  "aqi": 0.003133388787878788,
  "bids_meta": {
    "EchoTime": 0.027,
    "FlipAngle": 90,
    "MagneticFieldStrength": 3.0,
    "Manufacturer": "Siemens",
    "ManufacturersModelName": "MAGNETOM Trio",
    "ReceiveCoilName": "Siemens 12 channel Head Matrix Coil (Erlangen, Germany)",
    "RepetitionTime": 2.5,
    "TaskName": "rest",
    "modality": "bold",
    "run_id": "1",
    "subject_id": "117",
    "task_id": "rest"
  },
  "dummy_trs": 0,
  "dvars_nstd": 18.75557004793892,
  "dvars_std": 1.319319681526718,
  "dvars_vstd": 1.0080694658015266,
  "efc": 0.4113519388129062,
  "fber": 41443.01953125,
  "fd_mean": 0.10924669788731546,
  "fd_num": 2,
  "fd_perc": 1.5151515151515151,
  "fwhm_avg": 2.5627521222191865,
  "fwhm_x": 2.325015,
  "fwhm_y": 2.98645,
  "fwhm_z": 2.3767913666575593,
  "gcor": 0.0552367,
  "gsr_x": -0.01125486008822918,
  "gsr_y": 0.02369207702577114,
  "provenance": {
    "md5sum": "5131eab72c7a79740ad10936c85b28c2",
    "settings": {
      "fd_thres": 0.2,
      "hmc_fsl": false
    },
    "software": "mriqc",
    "version": "0.9.6"
  },
  "size_t": 132,
  "size_x": 64,
  "size_y": 64,
  "size_z": 32,
  "snr": 4.75409760845886,
  "spacing_tr": 2.5,
  "spacing_x": 4.0,
  "spacing_y": 4.0,
  "spacing_z": 4.000001907348633,
  "summary_bg_k": 137.36084498278882,
  "summary_bg_mad": 2.369917154312134,
  "summary_bg_mean": 15.141197204589844,
  "summary_bg_median": 4.159090995788574,
  "summary_bg_n": 83403.0,
  "summary_bg_p05": 2.053030252456665,
  "summary_bg_p95": 62.17954711914049,
  "summary_bg_stdv": 44.32892608642578,
  "summary_fg_k": 2.938343496480286,
  "summary_fg_mad": 135.29867553710938,
  "summary_fg_mean": 864.7984619140625,
  "summary_fg_median": 889.1591186523438,
  "summary_fg_n": 20745.0,
  "summary_fg_p05": 498.85759277343755,
  "summary_fg_p95": 1108.5,
  "summary_fg_stdv": 187.02554321289062,
  "tsnr": 102.27008056640625
}