{
  "aor": 0.0047287121212121214,
  "aqi": 0.012927292196969696,
  "bids_meta": {
    "EchoTime": 0.027,
    "FlipAngle": 90,
    "MagneticFieldStrength": 3.0,
    "Manufacturer": "Siemens",
    "ManufacturersModelName": "MAGNETOM Trio",
    "ReceiveCoilName": "Siemens 12 channel Head Matrix Coil (Erlangen, Germany)",
    "RepetitionTime": 2.5,
    "TaskName": "rest",
    "modality": "bold",
    "run_id": "2",
    "subject_id": "111",
    "task_id": "rest"
  },
  "dummy_trs": 0,
  "dvars_nstd": 20.839110018396944,
  "dvars_std": 1.1170850767938934,
  "dvars_vstd": 0.847281282519084,
  "efc": 0.3716810936202237,
  "fber": 51813.0390625,
  "fd_mean": 0.1258143714850453,
  "fd_num": 17,
  "fd_perc": 12.878787878787879,
  "fwhm_avg": 2.5769663751397105,
  "fwhm_x": 2.3042325,
  "fwhm_y": 2.947575,
  "fwhm_z": 2.4790916254191324,
  "gcor": 0.00876405,
  "gsr_x": -0.013717482797801495,
  "gsr_y": 0.012230702675879002,
  "provenance": {
    "md5sum": "025e6172b1735393f8130e80eea4bc41",
    "settings": {
      "fd_thres": 0.2,
      "hmc_fsl": false
    },
    "software": "mriqc",
    "version": "0.9.6"
  },
  "size_t": 132,
  "size_x": 64,
  "size_y": 64,
  "size_z": 32,
  "snr": 4.827728191986879,
  "spacing_tr": 2.5,
  "spacing_x": 4.0,
  "spacing_y": 4.0,
  "spacing_z": 3.99999737739563,
  "summary_bg_k": 49.29545940347518,
  "summary_bg_mad": 2.7854952812194824,
  "summary_bg_mean": 16.428913116455078,
  "summary_bg_median": 4.303030490875244,
  "summary_bg_n": 88975.0,
  "summary_bg_p05": 1.7196969985961914,
  "summary_bg_p95": 80.29015274047853,
  "summary_bg_stdv": 41.139259338378906,
  "summary_fg_k": 3.393452118772137,
  "summary_fg_mad": 155.41488647460938,
  "summary_fg_mean": 986.5725708007812,
  "summary_fg_median": 1009.0379028320312,
  "summary_fg_n": 16795.0,
  "summary_fg_p05": 592.846240234375,
  "summary_fg_p95": 1255.150012207031,
  "summary_fg_stdv": 209.00262451171875,
  "tsnr": 50.076416015625
}