{
  "aor": 0.006468345864661655,
  "aqi": 0.01649122060150376,
  "bids_meta": {
    "EchoTime": 0.027,
    "FlipAngle": 90,
    "MagneticFieldStrength": 3.0,
    "Manufacturer": "Siemens",
    "ManufacturersModelName": "MAGNETOM Trio",
    "ReceiveCoilName": "Siemens 12 channel Head Matrix Coil (Erlangen, Germany)",
    "RepetitionTime": 2.5,
    "TaskName": "rest",
    "modality": "bold",
    "run_id": "2",
    "subject_id": "042",
    "task_id": "rest"
  },
  "dummy_trs": 0,
  "dvars_nstd": 25.603768334090894,
  "dvars_std": 1.2652894870454543,
  "dvars_vstd": 0.9026584425757582,
  "efc": 0.44613483062079645,
  "fber": 27749.525390625,
  "fd_mean": 0.18189815399610593,
  "fd_num": 35,
  "fd_perc": 26.31578947368421,
  "fwhm_avg": 2.4007525480256504,
  "fwhm_x": 2.1283725,
  "fwhm_y": 2.656675,
  "fwhm_z": 2.417210144076952,
  "gcor": 0.0188952,
  "gsr_x": -0.0193400289863348,
  "gsr_y": 0.019698088988661766,
  "provenance": {
    "md5sum": "3a445f89bd8180dfb68c73f2a54a656a",
    "settings": {
      "fd_thres": 0.2,
      "hmc_fsl": false
    },
    "software": "mriqc",
    "version": "0.9.6"
  },
  "size_t": 133,
  "size_x": 64,
  "size_y": 64,
  "size_z": 32,
  "snr": 5.109613009674004,
  "spacing_tr": 2.5,
  "spacing_x": 4.0,
  "spacing_y": 4.0,
  "spacing_z": 3.999999761581421,
  "summary_bg_k": 29.25764748871105,
  "summary_bg_mad": 2.976351737976074,
  "summary_bg_mean": 20.558021545410156,
  "summary_bg_median": 4.390977382659912,
  "summary_bg_n": 81376.0,
  "summary_bg_p05": 1.6842105388641357,
  "summary_bg_p95": 114.9812068939209,
  "summary_bg_stdv": 50.135047912597656,
  "summary_fg_k": 4.239155266465002,
  "summary_fg_mad": 107.99586486816406,
  "summary_fg_mean": 748.6249389648438,
  "summary_fg_median": 756.7744140625,
  "summary_fg_n": 22896.0,
  "summary_fg_p05": 491.85902404785156,
  "summary_fg_p95": 950.8534240722656,
  "summary_fg_stdv": 148.104736328125,
  "tsnr": 48.71982192993164
}