{
  "aor": 0.0014054887218045112,
  "aqi": 0.005037691428571429,
  "bids_meta": {
    "EchoTime": 0.027,
    "FlipAngle": 90,
    "MagneticFieldStrength": 3.0,
    "Manufacturer": "Siemens",
    "ManufacturersModelName": "MAGNETOM Trio",
    "ReceiveCoilName": "Siemens 12 channel Head Matrix Coil (Erlangen, Germany)",
    "RepetitionTime": 2.5,
    "TaskName": "rest",
    "modality": "bold",
    "run_id": "2",
    "subject_id": "046",
    "task_id": "rest"
  },
  "dummy_trs": 0,
  "dvars_nstd": 19.308074546742418,
  "dvars_std": 1.2943463798484844,
  "dvars_vstd": 0.9683781137878785,
  "efc": 0.4256740316688045,
  "fber": 33654.37109375,
  "fd_mean": 0.06775689025378138,
  "fd_num": 1,
  "fd_perc": 0.7518796992481203,
  "fwhm_avg": 2.490705519632789,
  "fwhm_x": 2.2393575,
  "fwhm_y": 2.855125,
  "fwhm_z": 2.377634058898368,
  "gcor": 0.028863,
  "gsr_x": -0.021034663543105125,
  "gsr_y": 0.029364749789237976,
  "provenance": {
    "md5sum": "0a735dd9c887a23d4792c880c3e348dd",
    "settings": {
      "fd_thres": 0.2,
      "hmc_fsl": false
    },
    "software": "mriqc",
    "version": "0.9.6"
  },
  "size_t": 133,
  "size_x": 64,
  "size_y": 64,
  "size_z": 32,
  "snr": 4.612202987434806,
  "spacing_tr": 2.5,
  "spacing_x": 4.0,
  "spacing_y": 4.0,
  "spacing_z": 3.99999737739563,
  "summary_bg_k": 64.7906222886411,
  "summary_bg_mad": 2.3855409622192383,
  "summary_bg_mean": 14.87231159210205,
  "summary_bg_median": 3.548872232437134,
  "summary_bg_n": 83131.0,
  "summary_bg_p05": 1.4360902309417725,
  "summary_bg_p95": 75.65413665771484,
  "summary_bg_stdv": 33.9996452331543,
  "summary_fg_k": 2.861693004203505,
  "summary_fg_mad": 112.65550994873047,
  "summary_fg_mean": 671.1143798828125,
  "summary_fg_median": 682.9548950195312,
  "summary_fg_n": 21287.0,
  "summary_fg_p05": 393.3263336181641,
  "summary_fg_p95": 872.3714355468751,
  "summary_fg_stdv": 148.07215881347656,
  "tsnr": 78.47019958496094
}