{
  "aor": 0.0030249230769230774,
  "aqi": 0.0031355183076923077,
  "bids_meta": {
    "EchoTime": 0.027,
    "FlipAngle": 90,
    "MagneticFieldStrength": 3.0,
    "Manufacturer": "Siemens",
    "ManufacturersModelName": "MAGNETOM Trio",
    "ReceiveCoilName": "Siemens 12 channel Head Matrix Coil (Erlangen, Germany)",
    "RepetitionTime": 2.5,
    "TaskName": "rest",
    "modality": "bold",
    "run_id": "2",
    "subject_id": "026",
    "task_id": "rest"
  },
  "dummy_trs": 0,
  "dvars_nstd": 19.526906908062024,
  "dvars_std": 1.3677255149612397,
  "dvars_vstd": 1.0222250848062018,
  "efc": 0.41504516597420843,
  "fber": 39846.38671875,
  "fd_mean": 0.08972250728963188,
  "fd_num": 7,
  "fd_perc": 5.384615384615385,
  "fwhm_avg": 2.5246650952781358,
  "fwhm_x": 2.2319675,
  "fwhm_y": 2.944275,
  "fwhm_z": 2.397752785834406,
  "gcor": 0.0344626,
  "gsr_x": -0.017542023211717606,
  "gsr_y": 0.019184771925210953,
  "provenance": {
    "md5sum": "d396fd84a5301d6b3416bea6f0fdc4a3",
    "settings": {
      "fd_thres": 0.2,
      "hmc_fsl": false
    },
    "software": "mriqc",
    "version": "0.9.6"
  },
  "size_t": 130,
  "size_x": 64,
  "size_y": 64,
  "size_z": 32,
  "snr": 4.9980236429257845,
  "spacing_tr": 2.5,
  "spacing_x": 4.0,
  "spacing_y": 4.0,
  "spacing_z": 3.999999523162842,
  "summary_bg_k": 44.435832637306504,
  "summary_bg_mad": 1.8019319772720337,
  "summary_bg_mean": 12.687348365783691,
  "summary_bg_median": 2.8615384101867676,
  "summary_bg_n": 84395.0,
  "summary_bg_p05": 1.2538461685180664,
  "summary_bg_p95": 64.36615600585941,
  "summary_bg_stdv": 30.566553115844727,
  "summary_fg_k": 3.8017959320582833,
  "summary_fg_mad": 84.6337890625,
  "summary_fg_mean": 585.8770141601562,
  "summary_fg_median": 597.0576782226562,
  "summary_fg_n": 20186.0,
  "summary_fg_p05": 362.14615631103516,
  "summary_fg_p95": 749.2250061035156,
  "summary_fg_stdv": 119.45579528808594,
  "tsnr": 98.43098449707031
}