{
  "bids_meta": {
    "EchoTime": 0.03,
    "FlipAngle": 8,
    "MagneticFieldStrength": 3.0,
    "Manufacturer": "Siemens",
    "ManufacturersModelName": "MAGNETOM Trio",
    "ReceiveCoilName": "Siemens 12 channel Head Matrix Coil (Erlangen, Germany)",
    "RepetitionTime": 2.4,
    "modality": "T1w",
    "subject_id": "031"
  },
  "cjv": 0.4145772699397149,
  "cnr": 3.177055531361483,
  "efc": 0.560717790388033,
  "fber": 1326.9764404296875,
  "fwhm_avg": 3.2828001345698117,
  "fwhm_x": 3.2629101944846033,
  "fwhm_y": 3.5102102092248324,
  "fwhm_z": 3.07528,
  "icvs_csf": 0.185771097762458,
  "icvs_gm": 0.4394452212101773,
  "icvs_wm": 0.37478368102736465,
  "inu_med": 1.1099613904953003,
  "inu_range": 0.4359411746263504,
  "provenance": {
    "md5sum": "4bdef28e095a201c4592ecc1770f4382",
    "mriqc_pred": 0,
    "settings": {
      "testing": false
    },
    "software": "mriqc",
    "version": "0.9.6",
    "warnings": {
      "large_rot_frame": true,
      "small_air_mask": false
    }
  },
  "qi_1": 0.0,
  "qi_2": 0.009904121210181622,
  "rpve_csf": 27.87133245507874,
  "rpve_gm": 13.089498996242817,
  "rpve_wm": 18.233621733616165,
  "size_x": 176,
  "size_y": 256,
  "size_z": 256,
  "snr_csf": 2.380571990821182,
  "snr_gm": 8.801251071770007,
  "snr_total": 9.317229918296656,
  "snr_wm": 16.76986669229878,
  "snrd_csf": 16.211671101207756,
  "snrd_gm": 34.26297746371673,
  "snrd_total": 33.49285409063872,
  "snrd_wm": 50.00391370699168,
  "spacing_x": 0.9999999403953552,
  "spacing_y": 0.9999999403953552,
  "spacing_z": 1.0,
  "summary_bg_k": 3.3711398425638546,
  "summary_bg_mad": 13.101886749267578,
  "summary_bg_mean": 19.531034469604492,
  "summary_bg_median": 16.994243621826172,
  "summary_bg_n": 3783116.0,
  "summary_bg_p05": 3.414715826511383,
  "summary_bg_p95": 46.35148811340332,
  "summary_bg_stdv": 14.1733980178833,
  "summary_csf_k": -0.8201371296250479,
  "summary_csf_mad": 169.3714141845703,
  "summary_csf_mean": 334.2221984863281,
  "summary_csf_median": 324.2126159667969,
  "summary_csf_n": 8888.0,
  "summary_csf_p05": 138.6183174133301,
  "summary_csf_p95": 550.0698791503905,
  "summary_csf_stdv": 136.1833953857422,
  "summary_gm_k": 0.2892509994349961,
  "summary_gm_mad": 73.58960723876953,
  "summary_gm_mean": 686.7478637695312,
  "summary_gm_median": 685.215576171875,
  "summary_gm_n": 23427.0,
  "summary_gm_p05": 561.3517517089844,
  "summary_gm_p95": 818.9040222167969,
  "summary_gm_stdv": 77.85267639160156,
  "summary_wm_k": 0.41954291391264675,
  "summary_wm_mad": 56.918704986572266,
  "summary_wm_mean": 999.1931762695312,
  "summary_wm_median": 1000.0140991210938,
  "summary_wm_n": 205842.0,
  "summary_wm_p05": 899.7725189208984,
  "summary_wm_p95": 1095.0716430664063,
  "summary_wm_stdv": 59.63146209716797,
  "tpm_overlap_csf": 0.2292061448097229,
  "tpm_overlap_gm": 0.5160670280456543,
  "tpm_overlap_wm": 0.5559297800064087,
  "wm2max": 0.5524523667513782
}