{
  "aor": 0.0015068333333333331,
  "aqi": 0.00400822275,
  "bids_meta": {
    "EchoTime": 0.027,
    "FlipAngle": 90,
    "MagneticFieldStrength": 3.0,
    "Manufacturer": "Siemens",
    "ManufacturersModelName": "MAGNETOM Trio",
    "ReceiveCoilName": "Siemens 12 channel Head Matrix Coil (Erlangen, Germany)",
    "RepetitionTime": 2.5,
    "TaskName": "rest",
    "modality": "bold",
    "run_id": "1",
    "subject_id": "074",
    "task_id": "rest"
  },
  "dummy_trs": 0,
  "dvars_nstd": 14.995467616861925,
  "dvars_std": 1.2625499069456072,
  "dvars_vstd": 0.9875027883263607,
  "efc": 0.39874337516850106,
  "fber": 47855.4375,
  "fd_mean": 0.06536576023941423,
  "fd_num": 0,
  "fd_perc": 0.0,
  "fwhm_avg": 2.4435824055813864,
  "fwhm_x": 2.2301,
  "fwhm_y": 2.724525,
  "fwhm_z": 2.3761222167441587,
  "gcor": 0.0444977,
  "gsr_x": -0.01064957957714796,
  "gsr_y": 0.010919486172497272,
  "provenance": {
    "md5sum": "7496775ffcc9033dbf3927d5fd71f3ec",
    "settings": {
      "fd_thres": 0.2,
      "hmc_fsl": false
    },
    "software": "mriqc",
    "version": "0.9.6"
  },
  "size_t": 240,
  "size_x": 64,
  "size_y": 64,
  "size_z": 32,
  "snr": 5.242229258211903,
  "spacing_tr": 2.5,
  "spacing_x": 4.0,
  "spacing_y": 4.0,
  "spacing_z": 4.000000476837158,
  "summary_bg_k": 52.557177753537054,
  "summary_bg_mad": 2.446293592453003,
  "summary_bg_mean": 15.250226974487305,
  "summary_bg_median": 3.6583335399627686,
  "summary_bg_n": 85874.0,
  "summary_bg_p05": 1.3583333492279053,
  "summary_bg_p95": 72.5889595031738,
  "summary_bg_stdv": 38.13987350463867,
  "summary_fg_k": 4.970495190004549,
  "summary_fg_mad": 105.44696044921875,
  "summary_fg_mean": 808.445068359375,
  "summary_fg_median": 828.7958984375,
  "summary_fg_n": 19134.0,
  "summary_fg_p05": 508.83794555664065,
  "summary_fg_p95": 1003.2440063476561,
  "summary_fg_stdv": 158.09576416015625,
  "tsnr": 97.8671875
}