{
  "bids_meta": {
    "EchoTime": 0.03,
    "FlipAngle": 8,
    "MagneticFieldStrength": 3.0,
    "Manufacturer": "Siemens",
    "ManufacturersModelName": "MAGNETOM Trio",
    "ReceiveCoilName": "Siemens 12 channel Head Matrix Coil (Erlangen, Germany)",
    "RepetitionTime": 2.4,
    "modality": "T1w",
    "subject_id": "050"
  },
  "cjv": 0.37873435243973075,
  "cnr": 3.4566404513545934,
  "efc": 0.5392700380014297,
  "fber": 2194.59521484375,
  "fwhm_avg": 3.516060073775852,
  "fwhm_x": 3.5677,
  "fwhm_y": 3.7132602213275563,
  "fwhm_z": 3.26722,
  "icvs_csf": 0.19678061167458533,
  "icvs_gm": 0.40580071467758216,
  "icvs_wm": 0.3974186736478325,
  "inu_med": 0.9512863159179688,
  "inu_range": 0.31444292366504667,
  "provenance": {
    "md5sum": "ddd0e8fe5d45fc0aca87938c9cc5b9b7",
    "mriqc_pred": 0,
    "settings": {
      "testing": false
    },
    "software": "mriqc",
    "version": "0.9.6",
    "warnings": {
      "large_rot_frame": true,
      "small_air_mask": false
    }
  },
  "qi_1": 0.0,
  "qi_2": 0.025598664324054138,
  "rpve_csf": 25.514674177464926,
  "rpve_gm": 13.23316438123234,
  "rpve_wm": 17.251032286801173,
  "size_x": 176,
  "size_y": 256,
  "size_z": 256,
  "snr_csf": 3.004194313800989,
  "snr_gm": 8.13355229736708,
  "snr_total": 10.742766452656012,
  "snr_wm": 21.090552746799965,
  "snrd_csf": 29.952084475052644,
  "snrd_gm": 50.98784200552132,
  "snrd_total": 52.3607492046177,
  "snrd_wm": 76.14232113327914,
  "spacing_x": 1.0,
  "spacing_y": 0.9999999403953552,
  "spacing_z": 1.0,
  "summary_bg_k": 4.1289664564924795,
  "summary_bg_mad": 8.604015350341797,
  "summary_bg_mean": 13.670083999633789,
  "summary_bg_median": 11.179957389831543,
  "summary_bg_n": 3631060.0,
  "summary_bg_p05": 2.2811846613883975,
  "summary_bg_p95": 33.4804592132568,
  "summary_bg_stdv": 10.394804000854492,
  "summary_csf_k": -0.7676808588138728,
  "summary_csf_mad": 120.88438415527344,
  "summary_csf_mean": 358.45550537109375,
  "summary_csf_median": 393.36572265625,
  "summary_csf_n": 10623.0,
  "summary_csf_p05": 129.74862060546874,
  "summary_csf_p95": 533.9187622070312,
  "summary_csf_stdv": 130.93267822265625,
  "summary_gm_k": 0.13638735725854456,
  "summary_gm_mad": 80.17227935791016,
  "summary_gm_mean": 670.99462890625,
  "summary_gm_median": 669.6318359375,
  "summary_gm_n": 22964.0,
  "summary_gm_p05": 538.3038665771485,
  "summary_gm_p95": 809.4126831054688,
  "summary_gm_stdv": 82.32777404785156,
  "summary_wm_k": 0.5255924073134604,
  "summary_wm_mad": 44.94563293457031,
  "summary_wm_mean": 999.0814208984375,
  "summary_wm_median": 999.9898071289062,
  "summary_wm_n": 251699.0,
  "summary_wm_p05": 919.8305358886719,
  "summary_wm_p95": 1074.9465576171874,
  "summary_wm_stdv": 47.41401672363281,
  "tpm_overlap_csf": 0.2230999767780304,
  "tpm_overlap_gm": 0.4999808967113495,
  "tpm_overlap_wm": 0.5627074241638184,
  "wm2max": 0.6504404742811514
}