{
  "aor": 0.0026297727272727276,
  "aqi": 0.003019156893939394,
  "bids_meta": {
    "EchoTime": 0.027,
    "FlipAngle": 90,
    "MagneticFieldStrength": 3.0,
    "Manufacturer": "Siemens",
    "ManufacturersModelName": "MAGNETOM Trio",
    "ReceiveCoilName": "Siemens 12 channel Head Matrix Coil (Erlangen, Germany)",
    "RepetitionTime": 2.5,
    "TaskName": "rest",
    "modality": "bold",
    "run_id": "1",
    "subject_id": "067",
    "task_id": "rest"
  },
  "dummy_trs": 0,
  "dvars_nstd": 14.515775062290082,
  "dvars_std": 1.27309244,
  "dvars_vstd": 0.9953932608396943,
  "efc": 0.3723488904397052,
  "fber": 55219.5859375,
  "fd_mean": 0.07812841732869494,
  "fd_num": 2,
  "fd_perc": 1.5151515151515151,
  "fwhm_avg": 2.468415973486826,
  "fwhm_x": 2.2563875,
  "fwhm_y": 2.797475,
  "fwhm_z": 2.351385420460478,
  "gcor": 0.0265803,
  "gsr_x": -0.017883948981761932,
  "gsr_y": 0.01118183508515358,
  "provenance": {
    "md5sum": "ec7c9ae99c4d030155cd219ca31e763a",
    "settings": {
      "fd_thres": 0.2,
      "hmc_fsl": false
    },
    "software": "mriqc",
    "version": "0.9.6"
  },
  "size_t": 132,
  "size_x": 64,
  "size_y": 64,
  "size_z": 32,
  "snr": 4.960973268098499,
  "spacing_tr": 2.5,
  "spacing_x": 4.0,
  "spacing_y": 4.0,
  "spacing_z": 3.9999992847442627,
  "summary_bg_k": 69.03949962703751,
  "summary_bg_mad": 1.8083252906799316,
  "summary_bg_mean": 11.874859809875488,
  "summary_bg_median": 3.0,
  "summary_bg_n": 88878.0,
  "summary_bg_p05": 1.2727272510528564,
  "summary_bg_p95": 54.29545593261719,
  "summary_bg_stdv": 31.598299026489258,
  "summary_fg_k": 4.50909169796635,
  "summary_fg_mad": 93.69034576416016,
  "summary_fg_mean": 707.9735717773438,
  "summary_fg_median": 727.6477661132812,
  "summary_fg_n": 16786.0,
  "summary_fg_p05": 414.26517486572266,
  "summary_fg_p95": 883.6477661132812,
  "summary_fg_stdv": 146.67002868652344,
  "tsnr": 105.83721923828125
}