{
  "aor": 0.003696691729323308,
  "aqi": 0.0039973439849624055,
  "bids_meta": {
    "EchoTime": 0.027,
    "FlipAngle": 90,
    "MagneticFieldStrength": 3.0,
    "Manufacturer": "Siemens",
    "ManufacturersModelName": "MAGNETOM Trio",
    "ReceiveCoilName": "Siemens 12 channel Head Matrix Coil (Erlangen, Germany)",
    "RepetitionTime": 2.5,
    "TaskName": "rest",
    "modality": "bold",
    "run_id": "1",
    "subject_id": "031",
    "task_id": "rest"
  },
  "dummy_trs": 0,
  "dvars_nstd": 22.35737312159091,
  "dvars_std": 1.6924723902272736,
  "dvars_vstd": 1.028699743939394,
  "efc": 0.41316656178407146,
  "fber": 42260.08984375,
  "fd_mean": 0.05580690121460719,
  "fd_num": 2,
  "fd_perc": 1.5037593984962405,
  "fwhm_avg": 2.4831978803219226,
  "fwhm_x": 2.18414,
  "fwhm_y": 2.872675,
  "fwhm_z": 2.392778640965767,
  "gcor": 0.0304639,
  "gsr_x": -0.018988588824868202,
  "gsr_y": 0.02045191265642643,
  "provenance": {
    "md5sum": "2bd0f140da7bc9022bb62a538021c1ef",
    "settings": {
      "fd_thres": 0.2,
      "hmc_fsl": false
    },
    "software": "mriqc",
    "version": "0.9.6"
  },
  "size_t": 133,
  "size_x": 64,
  "size_y": 64,
  "size_z": 32,
  "snr": 5.398645562747727,
  "spacing_tr": 2.5,
  "spacing_x": 4.0,
  "spacing_y": 4.0,
  "spacing_z": 3.999998092651367,
  "summary_bg_k": 44.268829401823645,
  "summary_bg_mad": 2.24062442779541,
  "summary_bg_mean": 15.30362319946289,
  "summary_bg_median": 3.6917293071746826,
  "summary_bg_n": 84311.0,
  "summary_bg_p05": 1.5112782716751099,
  "summary_bg_p95": 82.67669677734375,
  "summary_bg_stdv": 36.906211853027344,
  "summary_fg_k": 5.2993034204582745,
  "summary_fg_mad": 98.31437683105469,
  "summary_fg_mean": 771.5641479492188,
  "summary_fg_median": 785.669189453125,
  "summary_fg_n": 20268.0,
  "summary_fg_p05": 513.1469940185547,
  "summary_fg_p95": 958.7827301025388,
  "summary_fg_stdv": 145.52720642089844,
  "tsnr": 115.20332336425781
}