{
  "bids_meta": {
    "EchoTime": 0.03,
    "FlipAngle": 8,
    "MagneticFieldStrength": 3.0,
    "Manufacturer": "Siemens",
    "ManufacturersModelName": "MAGNETOM Trio",
    "ReceiveCoilName": "Siemens 12 channel Head Matrix Coil (Erlangen, Germany)",
    "RepetitionTime": 2.4,
    "modality": "T1w",
    "subject_id": "044"
  },
  "cjv": 0.40549386523747605,
  "cnr": 3.1906045128086395,
  "efc": 0.5399725467135436,
  "fber": 2251.547119140625,
  "fwhm_avg": 3.347293333333333,
  "fwhm_x": 3.36741,
  "fwhm_y": 3.54032,
  "fwhm_z": 3.13415,
  "icvs_csf": 0.21113583759900043,
  "icvs_gm": 0.39998936026580945,
  "icvs_wm": 0.3888748021351901,
  "inu_med": 1.1104099750518799,
  "inu_range": 0.34223437607288365,
  "provenance": {
    "md5sum": "1df20d2866fa36513e6d72ea37a1a962",
    "mriqc_pred": 0,
    "settings": {
      "testing": false
    },
    "software": "mriqc",
    "version": "0.9.6",
    "warnings": {
      "large_rot_frame": true,
      "small_air_mask": false
    }
  },
  "qi_1": 0.0,
  "qi_2": 0.006956850039640639,
  "rpve_csf": 26.386842863896863,
  "rpve_gm": 14.339934817280355,
  "rpve_wm": 18.649971290589658,
  "size_x": 176,
  "size_y": 256,
  "size_z": 256,
  "snr_csf": 3.0375781998168474,
  "snr_gm": 8.822092766062346,
  "snr_total": 10.461128664771268,
  "snr_wm": 19.523715028434612,
  "snrd_csf": 28.149183070991683,
  "snrd_gm": 48.86596534468451,
  "snrd_total": 49.02067645247635,
  "snrd_wm": 70.04688094175286,
  "spacing_x": 1.0,
  "spacing_y": 1.0,
  "spacing_z": 1.0,
  "summary_bg_k": 3.9444529376098885,
  "summary_bg_mad": 9.352826118469238,
  "summary_bg_mean": 13.969709396362305,
  "summary_bg_median": 11.770021438598633,
  "summary_bg_n": 3716562.0,
  "summary_bg_p05": 2.3915499687194823,
  "summary_bg_p95": 33.24006900787349,
  "summary_bg_stdv": 10.286443710327148,
  "summary_csf_k": -0.5823437693097873,
  "summary_csf_mad": 128.58438110351562,
  "summary_csf_mean": 380.23486328125,
  "summary_csf_median": 401.86199951171875,
  "summary_csf_n": 8168.0,
  "summary_csf_p05": 150.4172691345215,
  "summary_csf_p95": 573.5288208007812,
  "summary_csf_stdv": 132.2887420654297,
  "summary_gm_k": 0.42672627559849685,
  "summary_gm_mad": 73.5906982421875,
  "summary_gm_mean": 699.8336181640625,
  "summary_gm_median": 697.617919921875,
  "summary_gm_n": 13501.0,
  "summary_gm_p05": 571.1408081054688,
  "summary_gm_p95": 834.6537475585938,
  "summary_gm_stdv": 79.07331085205078,
  "summary_wm_k": 0.41340945824566955,
  "summary_wm_mad": 49.02333068847656,
  "summary_wm_mean": 999.8229370117188,
  "summary_wm_median": 999.9998779296875,
  "summary_wm_n": 208802.0,
  "summary_wm_p05": 915.3089080810547,
  "summary_wm_p95": 1083.1425537109374,
  "summary_wm_stdv": 51.21963119506836,
  "tpm_overlap_csf": 0.2123376429080963,
  "tpm_overlap_gm": 0.493928462266922,
  "tpm_overlap_wm": 0.5810075998306274,
  "wm2max": 0.6013893297330675
}