{
  "aor": 0.003106361111111111,
  "aqi": 0.0081773795,
  "bids_meta": {
    "EchoTime": 0.027,
    "FlipAngle": 90,
    "MagneticFieldStrength": 3.0,
    "Manufacturer": "Siemens",
    "ManufacturersModelName": "MAGNETOM Trio",
    "ReceiveCoilName": "Siemens 12 channel Head Matrix Coil (Erlangen, Germany)",
    "RepetitionTime": 2.5,
    "TaskName": "rest",
    "modality": "bold",
    "run_id": "1",
    "subject_id": "088",
    "task_id": "rest"
  },
  "dummy_trs": 0,
  "dvars_nstd": 17.96800699715877,
  "dvars_std": 1.1179782950139283,
  "dvars_vstd": 0.953431913537604,
  "efc": 0.3948124789531834,
  "fber": 36610.44921875,
  "fd_mean": 0.16356232848935312,
  "fd_num": 87,
  "fd_perc": 24.166666666666668,
  "fwhm_avg": 2.3936118499906143,
  "fwhm_x": 2.1649051290384014,
  "fwhm_y": 2.6619,
  "fwhm_z": 2.354030420933441,
  "gcor": 0.0618461,
  "gsr_x": -0.022262103855609894,
  "gsr_y": 0.011020638979971409,
  "provenance": {
    "md5sum": "0c43912146a8ff3bedc9e2134760ef0f",
    "settings": {
      "fd_thres": 0.2,
      "hmc_fsl": false
    },
    "software": "mriqc",
    "version": "0.9.6"
  },
  "size_t": 360,
  "size_x": 64,
  "size_y": 64,
  "size_z": 32,
  "snr": 5.115270609612062,
  "spacing_tr": 2.5,
  "spacing_x": 3.999999761581421,
  "spacing_y": 4.0,
  "spacing_z": 3.9999992847442627,
  "summary_bg_k": 40.60432264876577,
  "summary_bg_mad": 1.9067912101745605,
  "summary_bg_mean": 11.218602180480957,
  "summary_bg_median": 2.700000047683716,
  "summary_bg_n": 88120.0,
  "summary_bg_p05": 1.1777777671813965,
  "summary_bg_p95": 51.77791748046876,
  "summary_bg_stdv": 26.511646270751953,
  "summary_fg_k": 4.109281230259704,
  "summary_fg_mad": 78.19901275634766,
  "summary_fg_mean": 524.0270385742188,
  "summary_fg_median": 532.6486206054688,
  "summary_fg_n": 17550.0,
  "summary_fg_p05": 338.3643051147461,
  "summary_fg_p95": 661.4134796142578,
  "summary_fg_stdv": 104.12615203857422,
  "tsnr": 58.241668701171875
}