{
  "aor": 0.007517368421052631,
  "aqi": 0.007001733684210526,
  "bids_meta": {
    "EchoTime": 0.027,
    "FlipAngle": 90,
    "MagneticFieldStrength": 3.0,
    "Manufacturer": "Siemens",
    "ManufacturersModelName": "MAGNETOM Trio",
    "ReceiveCoilName": "Siemens 12 channel Head Matrix Coil (Erlangen, Germany)",
    "RepetitionTime": 2.5,
    "TaskName": "rest",
    "modality": "bold",
    "run_id": "1",
    "subject_id": "034",
    "task_id": "rest"
  },
  "dummy_trs": 0,
  "dvars_nstd": 20.62856221886364,
  "dvars_std": 1.493141909924243,
  "dvars_vstd": 1.0146479478787878,
  "efc": 0.4286661265365188,
  "fber": 31970.576171875,
  "fd_mean": 0.10138866517497197,
  "fd_num": 6,
  "fd_perc": 4.511278195488722,
  "fwhm_avg": 2.557563823333476,
  "fwhm_x": 2.30834,
  "fwhm_y": 2.8981,
  "fwhm_z": 2.466251470000428,
  "gcor": 0.00713802,
  "gsr_x": -0.01478006411343813,
  "gsr_y": 0.014782811515033245,
  "provenance": {
    "md5sum": "203650c31ff971f460b67dae74ce7c43",
    "settings": {
      "fd_thres": 0.2,
      "hmc_fsl": false
    },
    "software": "mriqc",
    "version": "0.9.6"
  },
  "size_t": 133,
  "size_x": 64,
  "size_y": 64,
  "size_z": 32,
  "snr": 4.963677157986704,
  "spacing_tr": 2.5,
  "spacing_x": 4.0,
  "spacing_y": 4.0,
  "spacing_z": 3.999997615814209,
  "summary_bg_k": 37.17542196415636,
  "summary_bg_mad": 2.6196353435516357,
  "summary_bg_mean": 17.529356002807617,
  "summary_bg_median": 3.796992540359497,
  "summary_bg_n": 83301.0,
  "summary_bg_p05": 1.6240601539611816,
  "summary_bg_p95": 89.15037536621094,
  "summary_bg_stdv": 40.696231842041016,
  "summary_fg_k": 4.148218741734069,
  "summary_fg_mad": 101.20706176757812,
  "summary_fg_mean": 690.6611938476562,
  "summary_fg_median": 705.969970703125,
  "summary_fg_n": 21217.0,
  "summary_fg_p05": 427.8270751953125,
  "summary_fg_p95": 872.0917724609376,
  "summary_fg_stdv": 142.22386169433594,
  "tsnr": 74.9246597290039
}