{
  "aor": 0.0019207575757575757,
  "aqi": 0.0019458946969696973,
  "bids_meta": {
    "EchoTime": 0.027,
    "FlipAngle": 90,
    "MagneticFieldStrength": 3.0,
    "Manufacturer": "Siemens",
    "ManufacturersModelName": "MAGNETOM Trio",
    "ReceiveCoilName": "Siemens 12 channel Head Matrix Coil (Erlangen, Germany)",
    "RepetitionTime": 2.5,
    "TaskName": "rest",
    "modality": "bold",
    "run_id": "1",
    "subject_id": "097",
    "task_id": "rest"
  },
  "dummy_trs": 0,
  "dvars_nstd": 16.452238359618324,
  "dvars_std": 1.4262077917557252,
  "dvars_vstd": 1.009120108320611,
  "efc": 0.41357660242265104,
  "fber": 44215.96875,
  "fd_mean": 0.06489771199044603,
  "fd_num": 2,
  "fd_perc": 1.5151515151515151,
  "fwhm_avg": 2.580467253248912,
  "fwhm_x": 2.3049975,
  "fwhm_y": 2.9761,
  "fwhm_z": 2.4603042597467373,
  "gcor": 0.0259712,
  "gsr_x": -0.012846099212765694,
  "gsr_y": 0.01960686407983303,
  "provenance": {
    "md5sum": "6566d3b7b10b184efa7a147cc877b087",
    "settings": {
      "fd_thres": 0.2,
      "hmc_fsl": false
    },
    "software": "mriqc",
    "version": "0.9.6"
  },
  "size_t": 132,
  "size_x": 64,
  "size_y": 64,
  "size_z": 32,
  "snr": 4.358219491847099,
  "spacing_tr": 2.5,
  "spacing_x": 4.0,
  "spacing_y": 4.0,
  "spacing_z": 3.999997138977051,
  "summary_bg_k": 35.03153843317081,
  "summary_bg_mad": 2.5159311294555664,
  "summary_bg_mean": 18.43773651123047,
  "summary_bg_median": 3.901515245437622,
  "summary_bg_n": 84339.0,
  "summary_bg_p05": 1.5454546213150024,
  "summary_bg_p95": 102.8265174865722,
  "summary_bg_stdv": 47.76897048950195,
  "summary_fg_k": 3.073955811609694,
  "summary_fg_mad": 131.32821655273438,
  "summary_fg_mean": 818.12744140625,
  "summary_fg_median": 852.977294921875,
  "summary_fg_n": 20164.0,
  "summary_fg_p05": 390.66818695068366,
  "summary_fg_p95": 1053.3072631835937,
  "summary_fg_stdv": 195.71206665039062,
  "tsnr": 123.72793579101562
}