{
  "aor": 0.0019673484848484846,
  "aqi": 0.002362889015151515,
  "bids_meta": {
    "EchoTime": 0.027,
    "FlipAngle": 90,
    "MagneticFieldStrength": 3.0,
    "Manufacturer": "Siemens",
    "ManufacturersModelName": "MAGNETOM Trio",
    "ReceiveCoilName": "Siemens 12 channel Head Matrix Coil (Erlangen, Germany)",
    "RepetitionTime": 2.5,
    "TaskName": "rest",
    "modality": "bold",
    "run_id": "1",
    "subject_id": "106",
    "task_id": "rest"
  },
  "dummy_trs": 0,
  "dvars_nstd": 18.743486498778626,
  "dvars_std": 1.3108684634351147,
  "dvars_vstd": 0.9997851484732821,
  "efc": 0.38987279120170926,
  "fber": 48702.125,
  "fd_mean": 0.12137803821605965,
  "fd_num": 18,
  "fd_perc": 13.636363636363637,
  "fwhm_avg": 2.4540035314602444,
  "fwhm_x": 2.1867925,
  "fwhm_y": 2.7768001655101875,
  "fwhm_z": 2.398417928870546,
  "gcor": 0.113043,
  "gsr_x": -0.018949180841445923,
  "gsr_y": 0.01643906719982624,
  "provenance": {
    "md5sum": "2dd69a8d837e81379ab723cac69e35d2",
    "settings": {
      "fd_thres": 0.2,
      "hmc_fsl": false
    },
    "software": "mriqc",
    "version": "0.9.6"
  },
  "size_t": 132,
  "size_x": 64,
  "size_y": 64,
  "size_z": 32,
  "snr": 4.930799090815106,
  "spacing_tr": 2.5,
  "spacing_x": 4.0,
  "spacing_y": 3.999999761581421,
  "spacing_z": 3.9999992847442627,
  "summary_bg_k": 53.717702916818034,
  "summary_bg_mad": 2.9202771186828613,
  "summary_bg_mean": 15.872712135314941,
  "summary_bg_median": 4.454545497894287,
  "summary_bg_n": 86719.0,
  "summary_bg_p05": 1.772727370262146,
  "summary_bg_p95": 71.87879180908203,
  "summary_bg_stdv": 39.902462005615234,
  "summary_fg_k": 3.981404995864028,
  "summary_fg_mad": 157.599609375,
  "summary_fg_mean": 1010.3413696289062,
  "summary_fg_median": 1022.9886474609375,
  "summary_fg_n": 18648.0,
  "summary_fg_p05": 658.4814392089844,
  "summary_fg_p95": 1287.735998535156,
  "summary_fg_stdv": 207.4635772705078,
  "tsnr": 106.19951629638672
}