{
  "aor": 0.0013244696969696968,
  "aqi": 0.001809406818181818,
  "bids_meta": {
    "EchoTime": 0.027,
    "FlipAngle": 90,
    "MagneticFieldStrength": 3.0,
    "Manufacturer": "Siemens",
    "ManufacturersModelName": "MAGNETOM Trio",
    "ReceiveCoilName": "Siemens 12 channel Head Matrix Coil (Erlangen, Germany)",
    "RepetitionTime": 2.5,
    "TaskName": "rest",
    "modality": "bold",
    "run_id": "1",
    "subject_id": "101",
    "task_id": "rest"
  },
  "dummy_trs": 0,
  "dvars_nstd": 18.112999370000004,
  "dvars_std": 1.491457831145038,
  "dvars_vstd": 0.9924816734351147,
  "efc": 0.3904594669318416,
  "fber": 48935.625,
  "fd_mean": 0.03593448536085748,
  "fd_num": 0,
  "fd_perc": 0.0,
  "fwhm_avg": 2.638372698122906,
  "fwhm_x": 2.425905,
  "fwhm_y": 2.99625,
  "fwhm_z": 2.4929630943687187,
  "gcor": 0.017301,
  "gsr_x": -0.011756718158721924,
  "gsr_y": 0.013409340754151344,
  "provenance": {
    "md5sum": "6f6e8afb128194f0fde1ad8c3d90bdbf",
    "settings": {
      "fd_thres": 0.2,
      "hmc_fsl": false
    },
    "software": "mriqc",
    "version": "0.9.6"
  },
  "size_t": 132,
  "size_x": 64,
  "size_y": 64,
  "size_z": 32,
  "snr": 4.424935861155716,
  "spacing_tr": 2.5,
  "spacing_x": 4.0,
  "spacing_y": 4.0,
  "spacing_z": 3.9999990463256836,
  "summary_bg_k": 71.1353032068035,
  "summary_bg_mad": 2.235135078430176,
  "summary_bg_mean": 11.720417022705078,
  "summary_bg_median": 3.590909242630005,
  "summary_bg_n": 85349.0,
  "summary_bg_p05": 1.621212124824524,
  "summary_bg_p95": 52.43636550903314,
  "summary_bg_stdv": 27.302440643310547,
  "summary_fg_k": 2.8186770907584604,
  "summary_fg_mad": 139.06137084960938,
  "summary_fg_mean": 810.1209716796875,
  "summary_fg_median": 834.2727661132812,
  "summary_fg_n": 19145.0,
  "summary_fg_p05": 443.97273559570317,
  "summary_fg_p95": 1053.8727294921875,
  "summary_fg_stdv": 188.53402709960938,
  "tsnr": 125.14028930664062
}