{
  "aor": 0.003028560606060606,
  "aqi": 0.004352223560606061,
  "bids_meta": {
    "EchoTime": 0.027,
    "FlipAngle": 90,
    "MagneticFieldStrength": 3.0,
    "Manufacturer": "Siemens",
    "ManufacturersModelName": "MAGNETOM Trio",
    "ReceiveCoilName": "Siemens 12 channel Head Matrix Coil (Erlangen, Germany)",
    "RepetitionTime": 2.5,
    "TaskName": "rest",
    "modality": "bold",
    "run_id": "1",
    "subject_id": "062",
    "task_id": "rest"
  },
  "dummy_trs": 0,
  "dvars_nstd": 18.000837559389314,
  "dvars_std": 1.3611744080152677,
  "dvars_vstd": 0.9992080089312978,
  "efc": 0.4432340434765788,
  "fber": 38569.16796875,
  "fd_mean": 0.0784369796212381,
  "fd_num": 3,
  "fd_perc": 2.272727272727273,
  "fwhm_avg": 2.501222404266508,
  "fwhm_x": 2.22328,
  "fwhm_y": 2.871175,
  "fwhm_z": 2.409212212799524,
  "gcor": 0.0485101,
  "gsr_x": -0.020182251930236816,
  "gsr_y": 0.03012523613870144,
  "provenance": {
    "md5sum": "71de1e4971de1223c566148abafd4f88",
    "settings": {
      "fd_thres": 0.2,
      "hmc_fsl": false
    },
    "software": "mriqc",
    "version": "0.9.6"
  },
  "size_t": 132,
  "size_x": 64,
  "size_y": 64,
  "size_z": 32,
  "snr": 5.008075133742998,
  "spacing_tr": 2.5,
  "spacing_x": 4.0,
  "spacing_y": 4.0,
  "spacing_z": 4.000000476837158,
  "summary_bg_k": 44.55550851765802,
  "summary_bg_mad": 2.9427409172058105,
  "summary_bg_mean": 20.025188446044922,
  "summary_bg_median": 4.318181991577148,
  "summary_bg_n": 80613.0,
  "summary_bg_p05": 1.7954546213150024,
  "summary_bg_p95": 109.32879028320309,
  "summary_bg_stdv": 51.325069427490234,
  "summary_fg_k": 4.627703924661104,
  "summary_fg_mad": 118.53520202636719,
  "summary_fg_mean": 863.2039184570312,
  "summary_fg_median": 882.5492553710938,
  "summary_fg_n": 23238.0,
  "summary_fg_p05": 516.2443237304688,
  "summary_fg_p95": 1086.1223510742188,
  "summary_fg_stdv": 176.22145080566406,
  "tsnr": 90.2605972290039
}