{
  "aor": 0.008864015151515154,
  "aqi": 0.006802273181818182,
  "bids_meta": {
    "EchoTime": 0.027,
    "FlipAngle": 90,
    "MagneticFieldStrength": 3.0,
    "Manufacturer": "Siemens",
    "ManufacturersModelName": "MAGNETOM Trio",
    "ReceiveCoilName": "Siemens 12 channel Head Matrix Coil (Erlangen, Germany)",
    "RepetitionTime": 2.5,
    "TaskName": "rest",
    "modality": "bold",
    "run_id": "2",
    "subject_id": "109",
    "task_id": "rest"
  },
  "dummy_trs": 0,
  "dvars_nstd": 18.411847507709926,
  "dvars_std": 1.2070079556488547,
  "dvars_vstd": 0.9900595348091604,
  "efc": 0.3950897213640136,
  "fber": 39024.6953125,
  "fd_mean": 0.1895136747342042,
  "fd_num": 33,
  "fd_perc": 25.0,
  "fwhm_avg": 2.609636141695093,
  "fwhm_x": 2.3304825,
  "fwhm_y": 2.9117,
  "fwhm_z": 2.5867259250852794,
  "gcor": 0.0736565,
  "gsr_x": -0.024515515193343163,
  "gsr_y": 0.022117430344223976,
  "provenance": {
    "md5sum": "7ce36b1a8d32778bd23d366622887493",
    "settings": {
      "fd_thres": 0.2,
      "hmc_fsl": false
    },
    "software": "mriqc",
    "version": "0.9.6"
  },
  "size_t": 132,
  "size_x": 64,
  "size_y": 64,
  "size_z": 32,
  "snr": 5.0528150178626605,
  "spacing_tr": 2.5,
  "spacing_x": 4.0,
  "spacing_y": 4.0,
  "spacing_z": 3.9999985694885254,
  "summary_bg_k": 53.75041034289305,
  "summary_bg_mad": 4.009765148162842,
  "summary_bg_mean": 23.007781982421875,
  "summary_bg_median": 4.613636493682861,
  "summary_bg_n": 88169.0,
  "summary_bg_p05": 1.378787875175476,
  "summary_bg_p95": 119.86818542480462,
  "summary_bg_stdv": 56.239990234375,
  "summary_fg_k": 4.035085848784243,
  "summary_fg_mad": 118.9227294921875,
  "summary_fg_mean": 899.5964965820312,
  "summary_fg_median": 926.1666870117188,
  "summary_fg_n": 17601.0,
  "summary_fg_p05": 521.507568359375,
  "summary_fg_p95": 1119.1060791015625,
  "summary_fg_stdv": 183.29196166992188,
  "tsnr": 65.40650177001953
}