{
  "bids_meta": {
    "EchoTime": 0.03,
    "FlipAngle": 8,
    "MagneticFieldStrength": 3.0,
    "Manufacturer": "Siemens",
    "ManufacturersModelName": "MAGNETOM Trio",
    "ReceiveCoilName": "Siemens 12 channel Head Matrix Coil (Erlangen, Germany)",
    "RepetitionTime": 2.4,
    "modality": "T1w",
    "subject_id": "071"
  },
  "cjv": 0.41356782541142395,
  "cnr": 3.1910437945805175,
  "efc": 0.5489513868062589,
  "fber": 1891.842529296875,
  "fwhm_avg": 3.522286737893228,
  "fwhm_x": 3.5849502136796842,
  "fwhm_y": 3.68837,
  "fwhm_z": 3.29354,
  "icvs_csf": 0.19130449359349297,
  "icvs_gm": 0.4215253182596103,
  "icvs_wm": 0.38717018814689674,
  "inu_med": 0.979727566242218,
  "inu_range": 0.35711175203323364,
  "provenance": {
    "md5sum": "879facdfa635d2d0e3a83553082591c5",
    "mriqc_pred": 0,
    "settings": {
      "testing": false
    },
    "software": "mriqc",
    "version": "0.9.6",
    "warnings": {
      "large_rot_frame": true,
      "small_air_mask": false
    }
  },
  "qi_1": 0.0,
  "qi_2": 0.015902230717229338,
  "rpve_csf": 39.05535720134954,
  "rpve_gm": 19.07189997164547,
  "rpve_wm": 24.716127561563376,
  "size_x": 256,
  "size_y": 256,
  "size_z": 256,
  "snr_csf": 2.9754082870451617,
  "snr_gm": 10.526718580516748,
  "snr_total": 11.495291428118568,
  "snr_wm": 20.98374741679379,
  "snrd_csf": 25.773219452602856,
  "snrd_gm": 47.10633250622133,
  "snrd_total": 45.82928011495125,
  "snrd_wm": 64.60828838602959,
  "spacing_x": 0.9999999403953552,
  "spacing_y": 1.0,
  "spacing_z": 1.0,
  "summary_bg_k": 3.535497471758738,
  "summary_bg_mad": 10.140241622924805,
  "summary_bg_mean": 15.870793342590332,
  "summary_bg_median": 13.14799976348877,
  "summary_bg_n": 3691120.0,
  "summary_bg_p05": 2.7804278254508974,
  "summary_bg_p95": 38.32042369842529,
  "summary_bg_stdv": 11.768367767333984,
  "summary_csf_k": 5.181697413561215,
  "summary_csf_mad": 135.9688262939453,
  "summary_csf_mean": 419.37005615234375,
  "summary_csf_median": 398.91949462890625,
  "summary_csf_n": 19370.0,
  "summary_csf_p05": 235.28865432739258,
  "summary_csf_p95": 643.6911346435547,
  "summary_csf_stdv": 134.0687255859375,
  "summary_gm_k": 0.20812701093777353,
  "summary_gm_mad": 66.81012725830078,
  "summary_gm_mean": 731.0473022460938,
  "summary_gm_median": 729.11474609375,
  "summary_gm_n": 19335.0,
  "summary_gm_p05": 618.7558776855469,
  "summary_gm_p95": 848.4173828125,
  "summary_gm_stdv": 69.26145935058594,
  "summary_wm_k": 0.4928156565230468,
  "summary_wm_mad": 45.22389221191406,
  "summary_wm_mean": 1000.1034545898438,
  "summary_wm_median": 1000.0111083984375,
  "summary_wm_n": 232101.0,
  "summary_wm_p05": 921.998291015625,
  "summary_wm_p95": 1078.117919921875,
  "summary_wm_stdv": 47.65635681152344,
  "tpm_overlap_csf": 0.22889173030853271,
  "tpm_overlap_gm": 0.5097336769104004,
  "tpm_overlap_wm": 0.5577002763748169,
  "wm2max": 0.6474579672691447
}