{
  "aor": 0.003934015151515151,
  "aqi": 0.0022527989393939392,
  "bids_meta": {
    "EchoTime": 0.027,
    "FlipAngle": 90,
    "MagneticFieldStrength": 3.0,
    "Manufacturer": "Siemens",
    "ManufacturersModelName": "MAGNETOM Trio",
    "ReceiveCoilName": "Siemens 12 channel Head Matrix Coil (Erlangen, Germany)",
    "RepetitionTime": 2.5,
    "TaskName": "rest",
    "modality": "bold",
    "run_id": "1",
    "subject_id": "105",
    "task_id": "rest"
  },
  "dummy_trs": 0,
  "dvars_nstd": 16.967291148015267,
  "dvars_std": 1.4517081029007632,
  "dvars_vstd": 1.031894793129771,
  "efc": 0.3896049914573641,
  "fber": 52947.05859375,
  "fd_mean": 0.07809415465468139,
  "fd_num": 4,
  "fd_perc": 3.0303030303030303,
  "fwhm_avg": 2.529926821674223,
  "fwhm_x": 2.2747625,
  "fwhm_y": 2.828250168576847,
  "fwhm_z": 2.486767796445822,
  "gcor": 0.0372537,
  "gsr_x": -0.011792048811912537,
  "gsr_y": 0.010810126550495625,
  "provenance": {
    "md5sum": "5ab6f4efdbf9808e1dde3f3141dc4b52",
    "settings": {
      "fd_thres": 0.2,
      "hmc_fsl": false
    },
    "software": "mriqc",
    "version": "0.9.6"
  },
  "size_t": 132,
  "size_x": 64,
  "size_y": 64,
  "size_z": 32,
  "snr": 4.952075107779872,
  "spacing_tr": 2.5,
  "spacing_x": 4.0,
  "spacing_y": 3.999999761581421,
  "spacing_z": 3.999999523162842,
  "summary_bg_k": 71.83365008567982,
  "summary_bg_mad": 2.4934675693511963,
  "summary_bg_mean": 12.929739952087402,
  "summary_bg_median": 4.0227274894714355,
  "summary_bg_n": 85758.0,
  "summary_bg_p05": 1.871212124824524,
  "summary_bg_p95": 54.72083625793453,
  "summary_bg_stdv": 32.124149322509766,
  "summary_fg_k": 4.56859665836821,
  "summary_fg_mad": 130.30612182617188,
  "summary_fg_mean": 933.914794921875,
  "summary_fg_median": 960.1060791015625,
  "summary_fg_n": 19136.0,
  "summary_fg_p05": 552.9678192138672,
  "summary_fg_p95": 1174.5928344726562,
  "summary_fg_stdv": 193.87448120117188,
  "tsnr": 126.37484741210938
}