{
  "bids_meta": {
    "EchoTime": 0.03,
    "FlipAngle": 8,
    "MagneticFieldStrength": 3.0,
    "Manufacturer": "Siemens",
    "ManufacturersModelName": "MAGNETOM Trio",
    "ReceiveCoilName": "Siemens 12 channel Head Matrix Coil (Erlangen, Germany)",
    "RepetitionTime": 2.4,
    "modality": "T1w",
    "subject_id": "083"
  },
  "cjv": 0.5241786008620746,
  "cnr": 2.570351778927476,
  "efc": 0.5864213514417849,
  "fber": 1641.1785888671875,
  "fwhm_avg": 3.5788665215647395,
  "fwhm_x": 3.6516095646942177,
  "fwhm_y": 3.70501,
  "fwhm_z": 3.37998,
  "icvs_csf": 0.1835577201516906,
  "icvs_gm": 0.4257856101572633,
  "icvs_wm": 0.3906566696910461,
  "inu_med": 0.9828727841377258,
  "inu_range": 0.47240487337112413,
  "provenance": {
    "md5sum": "b17be85f2a84a96116a2e8a5fddbe6cb",
    "mriqc_pred": 0,
    "settings": {
      "testing": false
    },
    "software": "mriqc",
    "version": "0.9.6",
    "warnings": {
      "large_rot_frame": true,
      "small_air_mask": false
    }
  },
  "qi_1": 0.0,
  "qi_2": 0.008725087258013046,
  "rpve_csf": 34.69570624100615,
  "rpve_gm": 16.064519847454687,
  "rpve_wm": 20.428981498043463,
  "size_x": 256,
  "size_y": 256,
  "size_z": 256,
  "snr_csf": 2.8740654690779963,
  "snr_gm": 10.488284648068461,
  "snr_total": 10.109821826743692,
  "snr_wm": 16.96711536308462,
  "snrd_csf": 19.69152764655177,
  "snrd_gm": 38.864645299743295,
  "snrd_total": 36.623431215278025,
  "snrd_wm": 51.31412069953901,
  "spacing_x": 1.0000001192092896,
  "spacing_y": 1.0,
  "spacing_z": 1.0,
  "summary_bg_k": 4.848543082076458,
  "summary_bg_mad": 12.767463684082031,
  "summary_bg_mean": 19.402793884277344,
  "summary_bg_median": 16.258106231689453,
  "summary_bg_n": 3987048.0,
  "summary_bg_p05": 3.136210858821869,
  "summary_bg_p95": 47.6989465713501,
  "summary_bg_stdv": 14.87472152709961,
  "summary_csf_k": 1.1070763851261516,
  "summary_csf_mad": 123.14197540283203,
  "summary_csf_mean": 408.07403564453125,
  "summary_csf_median": 383.75347900390625,
  "summary_csf_n": 22436.0,
  "summary_csf_p05": 231.02892303466797,
  "summary_csf_p95": 657.4733123779297,
  "summary_csf_stdv": 133.5198974609375,
  "summary_gm_k": 0.26912709102490107,
  "summary_gm_mad": 70.71891784667969,
  "summary_gm_mean": 760.9442138671875,
  "summary_gm_median": 757.404052734375,
  "summary_gm_n": 21346.0,
  "summary_gm_p05": 649.0681762695312,
  "summary_gm_p95": 884.9686431884766,
  "summary_gm_stdv": 72.21260070800781,
  "summary_wm_k": 0.3672879105879474,
  "summary_wm_mad": 56.45652389526367,
  "summary_wm_mean": 1001.5650634765625,
  "summary_wm_median": 1000.0225830078125,
  "summary_wm_n": 268500.0,
  "summary_wm_p05": 907.4234222412109,
  "summary_wm_p95": 1101.2018310546875,
  "summary_wm_stdv": 58.938758850097656,
  "tpm_overlap_csf": 0.22480621933937073,
  "tpm_overlap_gm": 0.4983534812927246,
  "tpm_overlap_wm": 0.5366003513336182,
  "wm2max": 0.585034518284355
}