{
  "aor": 0.0017950000000000002,
  "aqi": 0.003050908939393939,
  "bids_meta": {
    "EchoTime": 0.027,
    "FlipAngle": 90,
    "MagneticFieldStrength": 3.0,
    "Manufacturer": "Siemens",
    "ManufacturersModelName": "MAGNETOM Trio",
    "ReceiveCoilName": "Siemens 12 channel Head Matrix Coil (Erlangen, Germany)",
    "RepetitionTime": 2.5,
    "TaskName": "rest",
    "modality": "bold",
    "run_id": "1",
    "subject_id": "056",
    "task_id": "rest"
  },
  "dummy_trs": 0,
  "dvars_nstd": 20.037605438396948,
  "dvars_std": 1.3581319754198475,
  "dvars_vstd": 0.9823077684732827,
  "efc": 0.40984998255896066,
  "fber": 47201.03515625,
  "fd_mean": 0.13201146625006815,
  "fd_num": 19,
  "fd_perc": 14.393939393939394,
  "fwhm_avg": 2.48809746324938,
  "fwhm_x": 2.29657,
  "fwhm_y": 2.828575168596218,
  "fwhm_z": 2.3391472211519218,
  "gcor": 0.0172741,
  "gsr_x": -0.015971895307302475,
  "gsr_y": 0.01499903667718172,
  "provenance": {
    "md5sum": "74109142298d6db63e0d3b9fb288bef0",
    "settings": {
      "fd_thres": 0.2,
      "hmc_fsl": false
    },
    "software": "mriqc",
    "version": "0.9.6"
  },
  "size_t": 132,
  "size_x": 64,
  "size_y": 64,
  "size_z": 32,
  "snr": 4.937965241751869,
  "spacing_tr": 2.5,
  "spacing_x": 4.0,
  "spacing_y": 3.999999761581421,
  "spacing_z": 4.000000476837158,
  "summary_bg_k": 68.65445248579022,
  "summary_bg_mad": 2.156512498855591,
  "summary_bg_mean": 12.618343353271484,
  "summary_bg_median": 3.5681819915771484,
  "summary_bg_n": 83351.0,
  "summary_bg_p05": 1.7424242496490479,
  "summary_bg_p95": 56.32575988769531,
  "summary_bg_stdv": 32.349754333496094,
  "summary_fg_k": 3.719255325138202,
  "summary_fg_mad": 127.2229995727539,
  "summary_fg_mean": 796.1032104492188,
  "summary_fg_median": 808.5227661132812,
  "summary_fg_n": 21067.0,
  "summary_fg_p05": 517.4772644042969,
  "summary_fg_p95": 1018.0166931152344,
  "summary_fg_stdv": 163.7321319580078,
  "tsnr": 100.59624481201172
}