{
  "bids_meta": {
    "EchoTime": 0.03,
    "FlipAngle": 8,
    "MagneticFieldStrength": 3.0,
    "Manufacturer": "Siemens",
    "ManufacturersModelName": "MAGNETOM Trio",
    "ReceiveCoilName": "Siemens 12 channel Head Matrix Coil (Erlangen, Germany)",
    "RepetitionTime": 2.4,
    "modality": "T1w",
    "subject_id": "082"
  },
  "cjv": 0.44349713077542247,
  "cnr": 3.0608972560014474,
  "efc": 0.5645947421466475,
  "fber": 1707.5328369140625,
  "fwhm_avg": 3.52873,
  "fwhm_x": 3.57808,
  "fwhm_y": 3.69348,
  "fwhm_z": 3.31463,
  "icvs_csf": 0.1890896860470975,
  "icvs_gm": 0.42281696670563335,
  "icvs_wm": 0.3880933472472691,
  "inu_med": 1.039831280708313,
  "inu_range": 0.3846116453409194,
  "provenance": {
    "md5sum": "7adacb00a9523dba372d71bf787d4d65",
    "mriqc_pred": 0,
    "settings": {
      "testing": false
    },
    "software": "mriqc",
    "version": "0.9.6",
    "warnings": {
      "large_rot_frame": true,
      "small_air_mask": false
    }
  },
  "qi_1": 0.0,
  "qi_2": 0.013547286612676413,
  "rpve_csf": 39.23800212000348,
  "rpve_gm": 18.575231236793858,
  "rpve_wm": 23.62280145418304,
  "size_x": 256,
  "size_y": 256,
  "size_z": 256,
  "snr_csf": 2.991966485020165,
  "snr_gm": 11.098922899323345,
  "snr_total": 11.206574262989095,
  "snr_wm": 19.52883340462378,
  "snrd_csf": 19.747177382605045,
  "snrd_gm": 43.302926356995904,
  "snrd_total": 40.53872933032792,
  "snrd_wm": 58.566084251382804,
  "spacing_x": 1.0,
  "spacing_y": 1.0,
  "spacing_z": 1.0,
  "summary_bg_k": 5.074941788032698,
  "summary_bg_mad": 11.186445236206055,
  "summary_bg_mean": 17.79300880432129,
  "summary_bg_median": 14.811369895935059,
  "summary_bg_n": 3794992.0,
  "summary_bg_p05": 2.911792099475861,
  "summary_bg_p95": 43.89110832214355,
  "summary_bg_stdv": 13.77114486694336,
  "summary_csf_k": 1.2642010474805163,
  "summary_csf_mad": 86.19998168945312,
  "summary_csf_mean": 368.5393371582031,
  "summary_csf_median": 337.18280029296875,
  "summary_csf_n": 25514.0,
  "summary_csf_p05": 236.18151245117187,
  "summary_csf_p95": 596.6896484375,
  "summary_csf_stdv": 112.69384002685547,
  "summary_gm_k": -0.010309872025334954,
  "summary_gm_mad": 66.49105834960938,
  "summary_gm_mean": 740.8818969726562,
  "summary_gm_median": 739.3969116210938,
  "summary_gm_n": 14891.0,
  "summary_gm_p05": 632.5199584960938,
  "summary_gm_p95": 853.211181640625,
  "summary_gm_stdv": 66.61656188964844,
  "summary_wm_k": 0.40888933661643945,
  "summary_wm_mad": 49.092376708984375,
  "summary_wm_mean": 1000.526611328125,
  "summary_wm_median": 1000.01513671875,
  "summary_wm_n": 217465.0,
  "summary_wm_p05": 917.3433959960937,
  "summary_wm_p95": 1085.434228515625,
  "summary_wm_stdv": 51.206993103027344,
  "tpm_overlap_csf": 0.23407059907913208,
  "tpm_overlap_gm": 0.5014890432357788,
  "tpm_overlap_wm": 0.5400129556655884,
  "wm2max": 0.5935574837361113
}