{
  "bids_meta": {
    "EchoTime": 0.03,
    "FlipAngle": 8,
    "MagneticFieldStrength": 3.0,
    "Manufacturer": "Siemens",
    "ManufacturersModelName": "MAGNETOM Trio",
    "ReceiveCoilName": "Siemens 12 channel Head Matrix Coil (Erlangen, Germany)",
    "RepetitionTime": 2.4,
    "modality": "T1w",
    "subject_id": "092"
  },
  "cjv": 0.41229082808563206,
  "cnr": 3.170577213777235,
  "efc": 0.5926244067719105,
  "fber": 1227.8953857421875,
  "fwhm_avg": 3.2311099999999997,
  "fwhm_x": 3.2493,
  "fwhm_y": 3.42148,
  "fwhm_z": 3.02255,
  "icvs_csf": 0.1856155897028431,
  "icvs_gm": 0.426518691628925,
  "icvs_wm": 0.38786571866823194,
  "inu_med": 1.1729280948638916,
  "inu_range": 0.430128461122513,
  "provenance": {
    "md5sum": "dff05064c5821eebd81113bdd11bb8c2",
    "mriqc_pred": 0,
    "settings": {
      "testing": false
    },
    "software": "mriqc",
    "version": "0.9.6",
    "warnings": {
      "large_rot_frame": true,
      "small_air_mask": false
    }
  },
  "qi_1": 0.0,
  "qi_2": 0.005006000489139999,
  "rpve_csf": 24.904104397973718,
  "rpve_gm": 11.76624044367274,
  "rpve_wm": 15.797460336735835,
  "size_x": 176,
  "size_y": 256,
  "size_z": 256,
  "snr_csf": 1.8822563977682727,
  "snr_gm": 8.419193622255797,
  "snr_total": 9.179616876760809,
  "snr_wm": 17.23740061025836,
  "snrd_csf": 15.363024552891968,
  "snrd_gm": 40.03148460850791,
  "snrd_total": 38.05553151341052,
  "snrd_wm": 58.772085378831676,
  "spacing_x": 1.0,
  "spacing_y": 1.0,
  "spacing_z": 1.0,
  "summary_bg_k": 4.609600443693305,
  "summary_bg_mad": 11.147067070007324,
  "summary_bg_mean": 19.332626342773438,
  "summary_bg_median": 15.966029167175293,
  "summary_bg_n": 3744641.0,
  "summary_bg_p05": 2.9957408905029297,
  "summary_bg_p95": 46.42770004272461,
  "summary_bg_stdv": 14.292389869689941,
  "summary_csf_k": -0.6211221394542465,
  "summary_csf_mad": 146.65054321289062,
  "summary_csf_mean": 296.23028564453125,
  "summary_csf_median": 261.4000244140625,
  "summary_csf_n": 7077.0,
  "summary_csf_p05": 116.83750610351562,
  "summary_csf_p95": 543.3330078125,
  "summary_csf_stdv": 138.86607360839844,
  "summary_gm_k": 0.35616112353105267,
  "summary_gm_mad": 76.0174789428711,
  "summary_gm_mean": 682.8206176757812,
  "summary_gm_median": 681.1309204101562,
  "summary_gm_n": 17078.0,
  "summary_gm_p05": 550.9851898193359,
  "summary_gm_p95": 818.7812103271483,
  "summary_gm_stdv": 80.89978790283203,
  "summary_wm_k": 0.3878794889872257,
  "summary_wm_mad": 55.449317932128906,
  "summary_wm_mean": 999.3873901367188,
  "summary_wm_median": 1000.0,
  "summary_wm_n": 234428.0,
  "summary_wm_p05": 903.1414825439454,
  "summary_wm_p95": 1093.5851623535157,
  "summary_wm_stdv": 58.01326370239258,
  "tpm_overlap_csf": 0.2139424830675125,
  "tpm_overlap_gm": 0.4997272193431854,
  "tpm_overlap_wm": 0.5577355623245239,
  "wm2max": 0.5720509350933397
}