{
  "aor": 0.0011290909090909092,
  "aqi": 0.0033200819696969693,
  "bids_meta": {
    "EchoTime": 0.027,
    "FlipAngle": 90,
    "MagneticFieldStrength": 3.0,
    "Manufacturer": "Siemens",
    "ManufacturersModelName": "MAGNETOM Trio",
    "ReceiveCoilName": "Siemens 12 channel Head Matrix Coil (Erlangen, Germany)",
    "RepetitionTime": 2.5,
    "TaskName": "rest",
    "modality": "bold",
    "run_id": "2",
    "subject_id": "118",
    "task_id": "rest"
  },
  "dummy_trs": 0,
  "dvars_nstd": 15.714017278473285,
  "dvars_std": 1.2586974374045805,
  "dvars_vstd": 0.952888764427481,
  "efc": 0.41703742553185674,
  "fber": 46030.89453125,
  "fd_mean": 0.0674710142608439,
  "fd_num": 0,
  "fd_perc": 0.0,
  "fwhm_avg": 2.4480989804421314,
  "fwhm_x": 2.208825,
  "fwhm_y": 2.792225,
  "fwhm_z": 2.343246941326394,
  "gcor": 0.0175288,
  "gsr_x": -0.01333804801106453,
  "gsr_y": 0.01801823265850544,
  "provenance": {
    "md5sum": "39b6db06a9e2d95a1d35db01a34d19f2",
    "settings": {
      "fd_thres": 0.2,
      "hmc_fsl": false
    },
    "software": "mriqc",
    "version": "0.9.6"
  },
  "size_t": 132,
  "size_x": 64,
  "size_y": 64,
  "size_z": 32,
  "snr": 4.96510585582072,
  "spacing_tr": 2.5,
  "spacing_x": 4.0,
  "spacing_y": 4.0,
  "spacing_z": 4.000000953674316,
  "summary_bg_k": 75.11286445760315,
  "summary_bg_mad": 2.448540210723877,
  "summary_bg_mean": 13.273545265197754,
  "summary_bg_median": 3.856060743331909,
  "summary_bg_n": 82549.0,
  "summary_bg_p05": 1.5303031206130981,
  "summary_bg_p95": 56.478788757323755,
  "summary_bg_stdv": 35.77412414550781,
  "summary_fg_k": 3.731809958067217,
  "summary_fg_mad": 127.25666046142578,
  "summary_fg_mean": 850.78076171875,
  "summary_fg_median": 864.5303344726562,
  "summary_fg_n": 21705.0,
  "summary_fg_p05": 534.136376953125,
  "summary_fg_p95": 1086.25302734375,
  "summary_fg_stdv": 174.11721801757812,
  "tsnr": 98.41866302490234
}