{
  "bids_meta": {
    "EchoTime": 0.03,
    "FlipAngle": 8,
    "MagneticFieldStrength": 3.0,
    "Manufacturer": "Siemens",
    "ManufacturersModelName": "MAGNETOM Trio",
    "ReceiveCoilName": "Siemens 12 channel Head Matrix Coil (Erlangen, Germany)",
    "RepetitionTime": 2.4,
    "modality": "T1w",
    "subject_id": "003"
  },
  "cjv": 0.5752132269381978,
  "cnr": 2.374998166205314,
  "efc": 0.5717048759314541,
  "fber": 1725.6209716796875,
  "fwhm_avg": 3.5660866666666666,
  "fwhm_x": 3.59914,
  "fwhm_y": 3.73413,
  "fwhm_z": 3.36499,
  "icvs_csf": 0.19225552014223038,
  "icvs_gm": 0.40580525221048097,
  "icvs_wm": 0.4019392276472887,
  "inu_med": 1.0363993644714355,
  "inu_range": 0.4767236739397047,
  "provenance": {
    "md5sum": "a3b4aa857e809c7deabf10406b89132e",
    "mriqc_pred": 0,
    "settings": {
      "testing": false
    },
    "software": "mriqc",
    "version": "0.9.6",
    "warnings": {
      "large_rot_frame": true,
      "small_air_mask": false
    }
  },
  "qi_1": 0.0,
  "qi_2": 0.012795161720713011,
  "rpve_csf": 38.460833963098814,
  "rpve_gm": 18.985712636280393,
  "rpve_wm": 23.07881255038392,
  "size_x": 256,
  "size_y": 256,
  "size_z": 256,
  "snr_csf": 2.8169911575991033,
  "snr_gm": 9.67583486531625,
  "snr_total": 9.736484626160058,
  "snr_wm": 16.71662785556482,
  "snrd_csf": 19.45690729183739,
  "snrd_gm": 41.68529554280978,
  "snrd_total": 38.603662490149134,
  "snrd_wm": 54.66878463580023,
  "spacing_x": 1.0,
  "spacing_y": 1.0,
  "spacing_z": 1.0,
  "summary_bg_k": 4.355871001312547,
  "summary_bg_mad": 11.984113693237305,
  "summary_bg_mean": 18.940366744995117,
  "summary_bg_median": 15.707963943481445,
  "summary_bg_n": 4075002.0,
  "summary_bg_p05": 3.3364761114120483,
  "summary_bg_p95": 46.638074874877915,
  "summary_bg_stdv": 14.531757354736328,
  "summary_csf_k": 6.776311641178697,
  "summary_csf_mad": 105.68834686279297,
  "summary_csf_mean": 380.3805236816406,
  "summary_csf_median": 355.9164123535156,
  "summary_csf_n": 14417.0,
  "summary_csf_p05": 222.4036407470703,
  "summary_csf_p95": 614.895849609375,
  "summary_csf_stdv": 126.3419189453125,
  "summary_gm_k": -0.02322665447835348,
  "summary_gm_mad": 78.6951904296875,
  "summary_gm_mean": 767.50732421875,
  "summary_gm_median": 762.5302734375,
  "summary_gm_n": 14088.0,
  "summary_gm_p05": 647.3626495361328,
  "summary_gm_p95": 904.1953735351562,
  "summary_gm_stdv": 78.80490112304688,
  "summary_wm_k": 0.32976174152879345,
  "summary_wm_mad": 57.918582916259766,
  "summary_wm_mean": 1000.8594970703125,
  "summary_wm_median": 1000.0313720703125,
  "summary_wm_n": 248232.0,
  "summary_wm_p05": 903.5432098388671,
  "summary_wm_p95": 1100.1734374999999,
  "summary_wm_stdv": 59.82243347167969,
  "tpm_overlap_csf": 0.24214695394039154,
  "tpm_overlap_gm": 0.49344250559806824,
  "tpm_overlap_wm": 0.5592187643051147,
  "wm2max": 0.5946786765284614
}