{
  "bids_meta": {
    "EchoTime": 0.03,
    "FlipAngle": 8,
    "MagneticFieldStrength": 3.0,
    "Manufacturer": "Siemens",
    "ManufacturersModelName": "MAGNETOM Trio",
    "ReceiveCoilName": "Siemens 12 channel Head Matrix Coil (Erlangen, Germany)",
    "RepetitionTime": 2.4,
    "modality": "T1w",
    "subject_id": "023"
  },
  "cjv": 0.3359537834417537,
  "cnr": 3.88233190575505,
  "efc": 0.5600113594195597,
  "fber": 1523.8660888671875,
  "fwhm_avg": 3.354346666666667,
  "fwhm_x": 3.34543,
  "fwhm_y": 3.5734,
  "fwhm_z": 3.14421,
  "icvs_csf": 0.20556222731513885,
  "icvs_gm": 0.4323028122054155,
  "icvs_wm": 0.36213496047944566,
  "inu_med": 1.0972893238067627,
  "inu_range": 0.38875651061534855,
  "provenance": {
    "md5sum": "7ccea3aaed237784eb6d506915789177",
    "mriqc_pred": 0,
    "settings": {
      "testing": false
    },
    "software": "mriqc",
    "version": "0.9.6",
    "warnings": {
      "large_rot_frame": true,
      "small_air_mask": false
    }
  },
  "qi_1": 0.0,
  "qi_2": 0.010430026661587592,
  "rpve_csf": 24.36130851952213,
  "rpve_gm": 12.471435472360982,
  "rpve_wm": 17.954290514122018,
  "size_x": 176,
  "size_y": 256,
  "size_z": 256,
  "snr_csf": 2.981714240136607,
  "snr_gm": 8.797697650710456,
  "snr_total": 10.210564182316388,
  "snr_wm": 18.852280656102096,
  "snrd_csf": 22.76134881444256,
  "snrd_gm": 41.086099943781676,
  "snrd_total": 42.50037376982718,
  "snrd_wm": 63.6536725512573,
  "spacing_x": 1.0,
  "spacing_y": 1.0,
  "spacing_z": 1.0,
  "summary_bg_k": 3.655492639037641,
  "summary_bg_mad": 10.2921781539917,
  "summary_bg_mean": 16.270681381225586,
  "summary_bg_median": 14.262645721435547,
  "summary_bg_n": 3748299.0,
  "summary_bg_p05": 2.749431824684143,
  "summary_bg_p95": 39.09357109069823,
  "summary_bg_stdv": 11.971681594848633,
  "summary_csf_k": -0.2930115611783597,
  "summary_csf_mad": 132.55218505859375,
  "summary_csf_mean": 354.3273620605469,
  "summary_csf_median": 357.5802917480469,
  "summary_csf_n": 11837.0,
  "summary_csf_p05": 165.83436279296876,
  "summary_csf_p95": 545.3188232421875,
  "summary_csf_stdv": 119.9193344116211,
  "summary_gm_k": 0.3864220261943654,
  "summary_gm_mad": 68.72341918945312,
  "summary_gm_mean": 646.2809448242188,
  "summary_gm_median": 645.4617309570312,
  "summary_gm_n": 19308.0,
  "summary_gm_p05": 526.7791595458984,
  "summary_gm_p95": 770.7344818115232,
  "summary_gm_stdv": 73.36521911621094,
  "summary_wm_k": 0.4760030775669133,
  "summary_wm_mad": 50.384315490722656,
  "summary_wm_mean": 998.4639892578125,
  "summary_wm_median": 999.997802734375,
  "summary_wm_n": 201136.0,
  "summary_wm_p05": 908.4011993408203,
  "summary_wm_p95": 1082.1310424804688,
  "summary_wm_stdv": 53.043731689453125,
  "tpm_overlap_csf": 0.20453007519245148,
  "tpm_overlap_gm": 0.5053860545158386,
  "tpm_overlap_wm": 0.5464299321174622,
  "wm2max": 0.6391978702034435
}