{
  "aor": 0.0014907916666666665,
  "aqi": 0.004040731208333334,
  "bids_meta": {
    "EchoTime": 0.027,
    "FlipAngle": 90,
    "MagneticFieldStrength": 3.0,
    "Manufacturer": "Siemens",
    "ManufacturersModelName": "MAGNETOM Trio",
    "ReceiveCoilName": "Siemens 12 channel Head Matrix Coil (Erlangen, Germany)",
    "RepetitionTime": 2.5,
    "TaskName": "rest",
    "modality": "bold",
    "run_id": "1",
    "subject_id": "004",
    "task_id": "rest"
  },
  "dummy_trs": 0,
  "dvars_nstd": 18.818611563765696,
  "dvars_std": 1.3908004132635983,
  "dvars_vstd": 1.0073593272803338,
  "efc": 0.4400945285551337,
  "fber": 30867.30078125,
  "fd_mean": 0.08138244676350896,
  "fd_num": 8,
  "fd_perc": 3.3333333333333335,
  "fwhm_avg": 2.4629629630752183,
  "fwhm_x": 2.233005,
  "fwhm_y": 2.82515,
  "fwhm_z": 2.3307338892256553,
  "gcor": 0.0551851,
  "gsr_x": -0.022132443264126778,
  "gsr_y": 0.030375953763723373,
  "provenance": {
    "md5sum": "b8f61a17b0ea5ca6cb0ff2d215af27a2",
    "settings": {
      "fd_thres": 0.2,
      "hmc_fsl": false
    },
    "software": "mriqc",
    "version": "0.9.6"
  },
  "size_t": 240,
  "size_x": 64,
  "size_y": 64,
  "size_z": 32,
  "snr": 5.2696817456434815,
  "spacing_tr": 2.5,
  "spacing_x": 4.0,
  "spacing_y": 4.0,
  "spacing_z": 3.999997615814209,
  "summary_bg_k": 55.66971465394832,
  "summary_bg_mad": 2.560577869415283,
  "summary_bg_mean": 16.43303680419922,
  "summary_bg_median": 3.3312501907348633,
  "summary_bg_n": 82748.0,
  "summary_bg_p05": 1.1666667461395264,
  "summary_bg_p95": 81.22500610351562,
  "summary_bg_stdv": 38.16801452636719,
  "summary_fg_k": 4.850765457146905,
  "summary_fg_mad": 80.80490112304688,
  "summary_fg_mean": 599.2769165039062,
  "summary_fg_median": 611.2437744140625,
  "summary_fg_n": 21456.0,
  "summary_fg_p05": 389.15523529052734,
  "summary_fg_p95": 746.2916870117188,
  "summary_fg_stdv": 115.98983764648438,
  "tsnr": 99.84358215332031
}