{
  "bids_meta": {
    "EchoTime": 0.03,
    "FlipAngle": 8,
    "MagneticFieldStrength": 3.0,
    "Manufacturer": "Siemens",
    "ManufacturersModelName": "MAGNETOM Trio",
    "ReceiveCoilName": "Siemens 12 channel Head Matrix Coil (Erlangen, Germany)",
    "RepetitionTime": 2.4,
    "modality": "T1w",
    "subject_id": "052"
  },
  "cjv": 0.36530890472957683,
  "cnr": 3.612028582750403,
  "efc": 0.5439294171044261,
  "fber": 1475.8961181640625,
  "fwhm_avg": 3.3434399999999997,
  "fwhm_x": 3.38763,
  "fwhm_y": 3.57151,
  "fwhm_z": 3.07118,
  "icvs_csf": 0.17860091642738302,
  "icvs_gm": 0.44242634929919183,
  "icvs_wm": 0.37897273427342515,
  "inu_med": 1.1375391483306885,
  "inu_range": 0.379800000786781,
  "provenance": {
    "md5sum": "c636220d9470ed6949b2c2a58c9b3413",
    "mriqc_pred": 0,
    "settings": {
      "testing": false
    },
    "software": "mriqc",
    "version": "0.9.6",
    "warnings": {
      "large_rot_frame": true,
      "small_air_mask": false
    }
  },
  "qi_1": 0.0,
  "qi_2": 0.004186053865480376,
  "rpve_csf": 32.07494611314839,
  "rpve_gm": 14.576153660087975,
  "rpve_wm": 20.067474793446298,
  "size_x": 176,
  "size_y": 256,
  "size_z": 256,
  "snr_csf": 2.0522995080620485,
  "snr_gm": 8.840311944599792,
  "snr_total": 9.799689601359342,
  "snr_wm": 18.506457351416188,
  "snrd_csf": 15.357459758074832,
  "snrd_gm": 38.539923438397324,
  "snrd_total": 37.34640810796322,
  "snrd_wm": 58.141841127417514,
  "spacing_x": 1.0,
  "spacing_y": 1.0,
  "spacing_z": 1.0,
  "summary_bg_k": 5.39043829979205,
  "summary_bg_mad": 11.268010139465332,
  "summary_bg_mean": 16.827056884765625,
  "summary_bg_median": 14.090324401855469,
  "summary_bg_n": 3707882.0,
  "summary_bg_p05": 2.7582918405532837,
  "summary_bg_p95": 41.524632263183555,
  "summary_bg_stdv": 13.048142433166504,
  "summary_csf_k": -0.3484149119611426,
  "summary_csf_mad": 131.7155303955078,
  "summary_csf_mean": 297.00885009765625,
  "summary_csf_median": 264.14044189453125,
  "summary_csf_n": 8445.0,
  "summary_csf_p05": 133.5401397705078,
  "summary_csf_p95": 526.6636474609375,
  "summary_csf_stdv": 128.69700622558594,
  "summary_gm_k": 0.15446218957562197,
  "summary_gm_mad": 72.45042419433594,
  "summary_gm_mean": 665.12109375,
  "summary_gm_median": 662.866943359375,
  "summary_gm_n": 19788.0,
  "summary_gm_p05": 544.0979949951172,
  "summary_gm_p95": 793.6441650390625,
  "summary_gm_stdv": 74.98040771484375,
  "summary_wm_k": 0.5905541061998743,
  "summary_wm_mad": 50.71089553833008,
  "summary_wm_mean": 997.843505859375,
  "summary_wm_median": 1000.0098876953125,
  "summary_wm_n": 178099.0,
  "summary_wm_p05": 905.0545959472656,
  "summary_wm_p95": 1082.095654296875,
  "summary_wm_stdv": 54.03557586669922,
  "tpm_overlap_csf": 0.23093105852603912,
  "tpm_overlap_gm": 0.5179505348205566,
  "tpm_overlap_wm": 0.5581244230270386,
  "wm2max": 0.6250636798310274
}