{
  "aor": 0.0012972727272727272,
  "aqi": 0.0030089390151515154,
  "bids_meta": {
    "EchoTime": 0.027,
    "FlipAngle": 90,
    "MagneticFieldStrength": 3.0,
    "Manufacturer": "Siemens",
    "ManufacturersModelName": "MAGNETOM Trio",
    "ReceiveCoilName": "Siemens 12 channel Head Matrix Coil (Erlangen, Germany)",
    "RepetitionTime": 2.5,
    "TaskName": "rest",
    "modality": "bold",
    "run_id": "2",
    "subject_id": "102",
    "task_id": "rest"
  },
  "dummy_trs": 0,
  "dvars_nstd": 18.467944975114495,
  "dvars_std": 1.4312876193893131,
  "dvars_vstd": 0.9725793211450376,
  "efc": 0.43294994956525173,
  "fber": 33625.765625,
  "fd_mean": 0.04647712620112878,
  "fd_num": 0,
  "fd_perc": 0.0,
  "fwhm_avg": 2.459190651778026,
  "fwhm_x": 2.2371025,
  "fwhm_y": 2.855975,
  "fwhm_z": 2.284494455334078,
  "gcor": 0.0437254,
  "gsr_x": -0.014744630083441734,
  "gsr_y": 0.022645121440291405,
  "provenance": {
    "md5sum": "5c638d7e8e36667b41d9e486ca55aeb9",
    "settings": {
      "fd_thres": 0.2,
      "hmc_fsl": false
    },
    "software": "mriqc",
    "version": "0.9.6"
  },
  "size_t": 132,
  "size_x": 64,
  "size_y": 64,
  "size_z": 32,
  "snr": 4.5312682807749605,
  "spacing_tr": 2.5,
  "spacing_x": 4.0,
  "spacing_y": 4.0,
  "spacing_z": 4.000000953674316,
  "summary_bg_k": 28.326776466968333,
  "summary_bg_mad": 2.6844089031219482,
  "summary_bg_mean": 18.021604537963867,
  "summary_bg_median": 3.8712122440338135,
  "summary_bg_n": 82516.0,
  "summary_bg_p05": 1.4166667461395264,
  "summary_bg_p95": 102.41667175292969,
  "summary_bg_stdv": 41.58925247192383,
  "summary_fg_k": 3.390222062583219,
  "summary_fg_mad": 114.60965728759766,
  "summary_fg_mean": 729.0192260742188,
  "summary_fg_median": 745.712158203125,
  "summary_fg_n": 21757.0,
  "summary_fg_p05": 400.81364135742183,
  "summary_fg_p95": 944.44091796875,
  "summary_fg_stdv": 164.56651306152344,
  "tsnr": 98.73712158203125
}