{
  "aor": 0.014485714285714286,
  "aqi": 0.015094641503759398,
  "bids_meta": {
    "EchoTime": 0.027,
    "FlipAngle": 90,
    "MagneticFieldStrength": 3.0,
    "Manufacturer": "Siemens",
    "ManufacturersModelName": "MAGNETOM Trio",
    "ReceiveCoilName": "Siemens 12 channel Head Matrix Coil (Erlangen, Germany)",
    "RepetitionTime": 2.5,
    "TaskName": "rest",
    "modality": "bold",
    "run_id": "2",
    "subject_id": "035",
    "task_id": "rest"
  },
  "dummy_trs": 0,
  "dvars_nstd": 18.813800436060593,
  "dvars_std": 0.9499035509090906,
  "dvars_vstd": 0.8528488452272729,
  "efc": 0.39924000219733474,
  "fber": 46727.4609375,
  "fd_mean": 0.1518354173169613,
  "fd_num": 23,
  "fd_perc": 17.293233082706767,
  "fwhm_avg": 2.4807020288567103,
  "fwhm_x": 2.2714701353901705,
  "fwhm_y": 2.8909,
  "fwhm_z": 2.279735951179961,
  "gcor": 0.0533383,
  "gsr_x": -0.010661461390554905,
  "gsr_y": 0.01775013469159603,
  "provenance": {
    "md5sum": "a89de1c2bed7eb8763807962964f091c",
    "settings": {
      "fd_thres": 0.2,
      "hmc_fsl": false
    },
    "software": "mriqc",
    "version": "0.9.6"
  },
  "size_t": 133,
  "size_x": 64,
  "size_y": 64,
  "size_z": 32,
  "snr": 5.1153059139136605,
  "spacing_tr": 2.5,
  "spacing_x": 3.999999761581421,
  "spacing_y": 4.0,
  "spacing_z": 3.9999983310699463,
  "summary_bg_k": 87.14437993697447,
  "summary_bg_mad": 2.2294769287109375,
  "summary_bg_mean": 13.304494857788086,
  "summary_bg_median": 3.9172933101654053,
  "summary_bg_n": 84801.0,
  "summary_bg_p05": 1.8872181177139282,
  "summary_bg_p95": 54.12030029296875,
  "summary_bg_stdv": 36.31193161010742,
  "summary_fg_k": 4.195091240531535,
  "summary_fg_mad": 113.74791717529297,
  "summary_fg_mean": 842.4313354492188,
  "summary_fg_median": 860.857177734375,
  "summary_fg_n": 19731.0,
  "summary_fg_p05": 524.9398498535156,
  "summary_fg_p95": 1056.83837890625,
  "summary_fg_stdv": 168.28619384765625,
  "tsnr": 46.628421783447266
}