{
  "aor": 0.004541060606060607,
  "aqi": 0.003901060757575757,
  "bids_meta": {
    "EchoTime": 0.027,
    "FlipAngle": 90,
    "MagneticFieldStrength": 3.0,
    "Manufacturer": "Siemens",
    "ManufacturersModelName": "MAGNETOM Trio",
    "ReceiveCoilName": "Siemens 12 channel Head Matrix Coil (Erlangen, Germany)",
    "RepetitionTime": 2.5,
    "TaskName": "rest",
    "modality": "bold",
    "run_id": "2",
    "subject_id": "116",
    "task_id": "rest"
  },
  "dummy_trs": 0,
  "dvars_nstd": 16.911765855572522,
  "dvars_std": 1.3361308681679387,
  "dvars_vstd": 0.9931173416030533,
  "efc": 0.40776252375465816,
  "fber": 42440.5625,
  "fd_mean": 0.06357909434496245,
  "fd_num": 1,
  "fd_perc": 0.7575757575757576,
  "fwhm_avg": 2.634325507965927,
  "fwhm_x": 2.327425,
  "fwhm_y": 3.076650183382641,
  "fwhm_z": 2.4989013405151406,
  "gcor": 0.0147723,
  "gsr_x": -0.011623833328485489,
  "gsr_y": 0.01659492217004299,
  "provenance": {
    "md5sum": "38a57e0267cead541684526fcd02176f",
    "settings": {
      "fd_thres": 0.2,
      "hmc_fsl": false
    },
    "software": "mriqc",
    "version": "0.9.6"
  },
  "size_t": 132,
  "size_x": 64,
  "size_y": 64,
  "size_z": 32,
  "snr": 4.6531119904737865,
  "spacing_tr": 2.5,
  "spacing_x": 4.0,
  "spacing_y": 3.999999761581421,
  "spacing_z": 3.999997854232788,
  "summary_bg_k": 38.5987003335357,
  "summary_bg_mad": 2.291294574737549,
  "summary_bg_mean": 12.998612403869629,
  "summary_bg_median": 3.4318182468414307,
  "summary_bg_n": 83964.0,
  "summary_bg_p05": 1.378787875175476,
  "summary_bg_p95": 65.38295860290508,
  "summary_bg_stdv": 30.109285354614258,
  "summary_fg_k": 3.4482221835536437,
  "summary_fg_mad": 112.50927734375,
  "summary_fg_mean": 729.8211669921875,
  "summary_fg_median": 737.9242553710938,
  "summary_fg_n": 20515.0,
  "summary_fg_p05": 448.83713073730473,
  "summary_fg_p95": 952.6318298339844,
  "summary_fg_stdv": 158.58338928222656,
  "tsnr": 90.81082153320312
}