{
  "bids_meta": {
    "EchoTime": 0.03,
    "FlipAngle": 8,
    "MagneticFieldStrength": 3.0,
    "Manufacturer": "Siemens",
    "ManufacturersModelName": "MAGNETOM Trio",
    "ReceiveCoilName": "Siemens 12 channel Head Matrix Coil (Erlangen, Germany)",
    "RepetitionTime": 2.4,
    "modality": "T1w",
    "subject_id": "110"
  },
  "cjv": 0.3910284752105024,
  "cnr": 3.3909679977561575,
  "efc": 0.5393724816741213,
  "fber": 1819.83984375,
  "fwhm_avg": 3.1929266666666667,
  "fwhm_x": 3.18699,
  "fwhm_y": 3.41984,
  "fwhm_z": 2.97195,
  "icvs_csf": 0.18597228222111953,
  "icvs_gm": 0.4410465731410567,
  "icvs_wm": 0.3729811446378237,
  "inu_med": 1.1264123916625977,
  "inu_range": 0.37272650599479673,
  "provenance": {
    "md5sum": "6b98fed6cac3f4d4ebb2d3cbe4fd7de5",
    "mriqc_pred": 0,
    "settings": {
      "testing": false
    },
    "software": "mriqc",
    "version": "0.9.6",
    "warnings": {
      "large_rot_frame": true,
      "small_air_mask": false
    }
  },
  "qi_1": 0.0,
  "qi_2": 0.004333389553985384,
  "rpve_csf": 30.201153122182443,
  "rpve_gm": 14.149628937530052,
  "rpve_wm": 19.9016965686751,
  "size_x": 176,
  "size_y": 256,
  "size_z": 256,
  "snr_csf": 2.7738000824630418,
  "snr_gm": 8.901681833075697,
  "snr_total": 10.391596691970179,
  "snr_wm": 19.499308160371797,
  "snrd_csf": 26.216273669649425,
  "snrd_gm": 48.65252488998276,
  "snrd_total": 48.65734495594463,
  "snrd_wm": 71.10323630820169,
  "spacing_x": 1.0,
  "spacing_y": 1.0,
  "spacing_z": 1.0,
  "summary_bg_k": 4.135374544665834,
  "summary_bg_mad": 9.213879585266113,
  "summary_bg_mean": 15.686108589172363,
  "summary_bg_median": 13.201310157775879,
  "summary_bg_n": 3673813.0,
  "summary_bg_p05": 2.355120897293091,
  "summary_bg_p95": 37.49289779663086,
  "summary_bg_stdv": 11.487107276916504,
  "summary_csf_k": -1.0089735965985753,
  "summary_csf_mad": 163.4095458984375,
  "summary_csf_mean": 349.45648193359375,
  "summary_csf_median": 368.70733642578125,
  "summary_csf_n": 8802.0,
  "summary_csf_p05": 143.1708541870117,
  "summary_csf_p95": 545.9767028808592,
  "summary_csf_stdv": 132.9174346923828,
  "summary_gm_k": 0.06886523668601141,
  "summary_gm_mad": 74.93295288085938,
  "summary_gm_mean": 685.2734985351562,
  "summary_gm_median": 684.252197265625,
  "summary_gm_n": 18460.0,
  "summary_gm_p05": 558.9412170410156,
  "summary_gm_p95": 814.6051269531249,
  "summary_gm_stdv": 76.86566162109375,
  "summary_wm_k": 0.5108848878024643,
  "summary_wm_mad": 48.53359603881836,
  "summary_wm_mean": 998.7430419921875,
  "summary_wm_median": 1000.0004272460938,
  "summary_wm_n": 182831.0,
  "summary_wm_p05": 912.3587036132812,
  "summary_wm_p95": 1080.2833251953125,
  "summary_wm_stdv": 51.28375244140625,
  "tpm_overlap_csf": 0.22634267807006836,
  "tpm_overlap_gm": 0.5230616927146912,
  "tpm_overlap_wm": 0.5777801871299744,
  "wm2max": 0.5913230464761802
}