{
  "aor": 0.0018712213740458014,
  "aqi": 0.004068921908396946,
  "bids_meta": {
    "EchoTime": 0.027,
    "FlipAngle": 90,
    "MagneticFieldStrength": 3.0,
    "Manufacturer": "Siemens",
    "ManufacturersModelName": "MAGNETOM Trio",
    "ReceiveCoilName": "Siemens 12 channel Head Matrix Coil (Erlangen, Germany)",
    "RepetitionTime": 2.5,
    "TaskName": "rest",
    "modality": "bold",
    "run_id": "2",
    "subject_id": "067",
    "task_id": "rest"
  },
  "dummy_trs": 1,
  "dvars_nstd": 14.126340558307692,
  "dvars_std": 1.165734117615385,
  "dvars_vstd": 0.9740087284615381,
  "efc": 0.3703428388661605,
  "fber": 56929.46875,
  "fd_mean": 0.09363614057778365,
  "fd_num": 10,
  "fd_perc": 7.633587786259542,
  "fwhm_avg": 2.4454776394954574,
  "fwhm_x": 2.2155625,
  "fwhm_y": 2.780525,
  "fwhm_z": 2.340345418486372,
  "gcor": 0.0321387,
  "gsr_x": -0.017445053905248642,
  "gsr_y": 0.012605681084096432,
  "provenance": {
    "md5sum": "55f183bb6a552a448fc41f67c179b769",
    "settings": {
      "fd_thres": 0.2,
      "hmc_fsl": false
    },
    "software": "mriqc",
    "version": "0.9.6"
  },
  "size_t": 131,
  "size_x": 64,
  "size_y": 64,
  "size_z": 32,
  "snr": 5.22314575006363,
  "spacing_tr": 2.5,
  "spacing_x": 4.0,
  "spacing_y": 4.0,
  "spacing_z": 3.9999992847442627,
  "summary_bg_k": 68.42470312329351,
  "summary_bg_mad": 1.7881767749786377,
  "summary_bg_mean": 11.702245712280273,
  "summary_bg_median": 2.961832046508789,
  "summary_bg_n": 89115.0,
  "summary_bg_p05": 1.267175555229187,
  "summary_bg_p95": 54.475571823120134,
  "summary_bg_stdv": 30.759357452392578,
  "summary_fg_k": 4.589371487131499,
  "summary_fg_mad": 91.52526092529297,
  "summary_fg_mean": 711.8735961914062,
  "summary_fg_median": 729.6793823242188,
  "summary_fg_n": 16497.0,
  "summary_fg_p05": 440.3755798339844,
  "summary_fg_p95": 882.680908203125,
  "summary_fg_stdv": 139.6968994140625,
  "tsnr": 92.3337173461914
}