{
  "aor": 0.0023139393939393942,
  "aqi": 0.002321378409090909,
  "bids_meta": {
    "EchoTime": 0.027,
    "FlipAngle": 90,
    "MagneticFieldStrength": 3.0,
    "Manufacturer": "Siemens",
    "ManufacturersModelName": "MAGNETOM Trio",
    "ReceiveCoilName": "Siemens 12 channel Head Matrix Coil (Erlangen, Germany)",
    "RepetitionTime": 2.5,
    "TaskName": "rest",
    "modality": "bold",
    "run_id": "2",
    "subject_id": "063",
    "task_id": "rest"
  },
  "dummy_trs": 0,
  "dvars_nstd": 18.56910193832061,
  "dvars_std": 1.4479164800000004,
  "dvars_vstd": 1.0128385048854966,
  "efc": 0.4477514437371836,
  "fber": 33710.14453125,
  "fd_mean": 0.059479827073554245,
  "fd_num": 0,
  "fd_perc": 0.0,
  "fwhm_avg": 2.480796376154924,
  "fwhm_x": 2.1781,
  "fwhm_y": 2.8273,
  "fwhm_z": 2.4369891284647722,
  "gcor": 0.0364831,
  "gsr_x": -0.017085058614611626,
  "gsr_y": 0.02082785964012146,
  "provenance": {
    "md5sum": "c6d415c424b53d7ab0df48d9c9bcb443",
    "settings": {
      "fd_thres": 0.2,
      "hmc_fsl": false
    },
    "software": "mriqc",
    "version": "0.9.6"
  },
  "size_t": 132,
  "size_x": 64,
  "size_y": 64,
  "size_z": 32,
  "snr": 4.746815843004269,
  "spacing_tr": 2.5,
  "spacing_x": 4.0,
  "spacing_y": 4.0,
  "spacing_z": 4.000001430511475,
  "summary_bg_k": 54.57280033663126,
  "summary_bg_mad": 2.886582136154175,
  "summary_bg_mean": 17.890663146972656,
  "summary_bg_median": 4.189393997192383,
  "summary_bg_n": 79501.0,
  "summary_bg_p05": 1.5909091234207153,
  "summary_bg_p95": 90.71212768554688,
  "summary_bg_stdv": 45.493003845214844,
  "summary_fg_k": 4.004619158028088,
  "summary_fg_mad": 116.79981231689453,
  "summary_fg_mean": 794.800537109375,
  "summary_fg_median": 805.0151977539062,
  "summary_fg_n": 24427.0,
  "summary_fg_p05": 504.89622192382814,
  "summary_fg_p95": 1027.7704345703125,
  "summary_fg_stdv": 169.58709716796875,
  "tsnr": 116.67679595947266
}