{
  "bids_meta": {
    "EchoTime": 0.03,
    "FlipAngle": 8,
    "MagneticFieldStrength": 3.0,
    "Manufacturer": "Siemens",
    "ManufacturersModelName": "MAGNETOM Trio",
    "ReceiveCoilName": "Siemens 12 channel Head Matrix Coil (Erlangen, Germany)",
    "RepetitionTime": 2.4,
    "modality": "T1w",
    "subject_id": "004"
  },
  "cjv": 0.4977700413814042,
  "cnr": 2.6137936586683934,
  "efc": 0.5913192168310081,
  "fber": 1758.6051025390625,
  "fwhm_avg": 3.3785266666666662,
  "fwhm_x": 3.46246,
  "fwhm_y": 3.50025,
  "fwhm_z": 3.17287,
  "icvs_csf": 0.1790772209193062,
  "icvs_gm": 0.4184337531544018,
  "icvs_wm": 0.402489025926292,
  "inu_med": 1.0915231704711914,
  "inu_range": 0.43995541036128993,
  "provenance": {
    "md5sum": "a853fa4b1a25ec0709688cf7671e9ddd",
    "mriqc_pred": 0,
    "settings": {
      "testing": false
    },
    "software": "mriqc",
    "version": "0.9.6",
    "warnings": {
      "large_rot_frame": true,
      "small_air_mask": false
    }
  },
  "qi_1": 0.0,
  "qi_2": 0.005548800939128576,
  "rpve_csf": 39.99077389577759,
  "rpve_gm": 18.380993742773207,
  "rpve_wm": 22.459505284376707,
  "size_x": 256,
  "size_y": 256,
  "size_z": 256,
  "snr_csf": 3.113521262229533,
  "snr_gm": 10.224262071546663,
  "snr_total": 10.37989656434312,
  "snr_wm": 17.801906359253167,
  "snrd_csf": 20.159329879504646,
  "snrd_gm": 39.57103040767798,
  "snrd_total": 37.405436042041764,
  "snrd_wm": 52.485947838942664,
  "spacing_x": 1.0,
  "spacing_y": 1.0,
  "spacing_z": 1.0,
  "summary_bg_k": 260.5271923625596,
  "summary_bg_mad": 12.48214054107666,
  "summary_bg_mean": 19.63113021850586,
  "summary_bg_median": 15.233832359313965,
  "summary_bg_n": 4180533.0,
  "summary_bg_p05": 0.0,
  "summary_bg_p95": 48.88258666992187,
  "summary_bg_stdv": 16.421768188476562,
  "summary_csf_k": 1.4035980040175824,
  "summary_csf_mad": 109.17279052734375,
  "summary_csf_mean": 403.6555480957031,
  "summary_csf_median": 384.09039306640625,
  "summary_csf_n": 21983.0,
  "summary_csf_p05": 236.77981109619142,
  "summary_csf_p95": 633.8354431152344,
  "summary_csf_stdv": 123.3592529296875,
  "summary_gm_k": 0.4093345910144528,
  "summary_gm_mad": 68.4935302734375,
  "summary_gm_mean": 759.4745483398438,
  "summary_gm_median": 753.9364013671875,
  "summary_gm_n": 21335.0,
  "summary_gm_p05": 646.4206726074219,
  "summary_gm_p95": 892.4990295410155,
  "summary_gm_stdv": 73.73820495605469,
  "summary_wm_k": 0.33514618631050963,
  "summary_wm_mad": 53.990013122558594,
  "summary_wm_mean": 1001.8269653320312,
  "summary_wm_median": 1000.0009155273438,
  "summary_wm_n": 259283.0,
  "summary_wm_p05": 912.7599548339844,
  "summary_wm_p95": 1097.3660522460937,
  "summary_wm_stdv": 56.173702239990234,
  "tpm_overlap_csf": 0.232619509100914,
  "tpm_overlap_gm": 0.5103746652603149,
  "tpm_overlap_wm": 0.5682653784751892,
  "wm2max": 0.5556022198671642
}