{
  "bids_meta": {
    "EchoTime": 0.03,
    "FlipAngle": 8,
    "MagneticFieldStrength": 3.0,
    "Manufacturer": "Siemens",
    "ManufacturersModelName": "MAGNETOM Trio",
    "ReceiveCoilName": "Siemens 12 channel Head Matrix Coil (Erlangen, Germany)",
    "RepetitionTime": 2.4,
    "modality": "T1w",
    "subject_id": "029"
  },
  "cjv": 0.3949497360752359,
  "cnr": 3.3500795109957715,
  "efc": 0.5748106108639327,
  "fber": 1439.3592529296875,
  "fwhm_avg": 3.3987265306937857,
  "fwhm_x": 3.4218695920813573,
  "fwhm_y": 3.55801,
  "fwhm_z": 3.2163,
  "icvs_csf": 0.19262471832543038,
  "icvs_gm": 0.4203060567421829,
  "icvs_wm": 0.3870692249323867,
  "inu_med": 1.0042003393173218,
  "inu_range": 0.4297408819198607,
  "provenance": {
    "md5sum": "9a0cd7791251a613d469821d21927466",
    "mriqc_pred": 0,
    "settings": {
      "testing": false
    },
    "software": "mriqc",
    "version": "0.9.6",
    "warnings": {
      "large_rot_frame": true,
      "small_air_mask": false
    }
  },
  "qi_1": 0.0,
  "qi_2": 0.011635044970715169,
  "rpve_csf": 23.632139083542345,
  "rpve_gm": 11.685266112212581,
  "rpve_wm": 15.648330998667532,
  "size_x": 176,
  "size_y": 256,
  "size_z": 256,
  "snr_csf": 2.182702446739508,
  "snr_gm": 8.625730478178037,
  "snr_total": 10.101645707417108,
  "snr_wm": 19.496504197333778,
  "snrd_csf": 17.182300941766243,
  "snrd_gm": 39.254698366101536,
  "snrd_total": 38.013792107131565,
  "snrd_wm": 57.604377013526914,
  "spacing_x": 1.0000001192092896,
  "spacing_y": 1.0,
  "spacing_z": 1.0,
  "summary_bg_k": 3.187998764519972,
  "summary_bg_mad": 11.373104095458984,
  "summary_bg_mean": 17.80577278137207,
  "summary_bg_median": 14.796850204467773,
  "summary_bg_n": 3692486.0,
  "summary_bg_p05": 3.1075878739356995,
  "summary_bg_p95": 42.6931791305542,
  "summary_bg_stdv": 13.021634101867676,
  "summary_csf_k": 0.9810859786212434,
  "summary_csf_mad": 144.32908630371094,
  "summary_csf_mean": 319.9096984863281,
  "summary_csf_median": 298.2830810546875,
  "summary_csf_n": 6894.0,
  "summary_csf_p05": 136.1265495300293,
  "summary_csf_p95": 556.9031097412109,
  "summary_csf_stdv": 136.6477813720703,
  "summary_gm_k": 0.17178273804496147,
  "summary_gm_mad": 76.14389038085938,
  "summary_gm_mean": 681.5625,
  "summary_gm_median": 681.457763671875,
  "summary_gm_n": 19484.0,
  "summary_gm_p05": 551.9597076416015,
  "summary_gm_p95": 813.0756256103515,
  "summary_gm_stdv": 79.0008773803711,
  "summary_wm_k": 0.3056868223852698,
  "summary_wm_mad": 49.666812896728516,
  "summary_wm_mean": 999.2265014648438,
  "summary_wm_median": 1000.0064086914062,
  "summary_wm_n": 252211.0,
  "summary_wm_p05": 913.8989868164062,
  "summary_wm_p95": 1082.038330078125,
  "summary_wm_stdv": 51.291473388671875,
  "tpm_overlap_csf": 0.22100193798542023,
  "tpm_overlap_gm": 0.5058136582374573,
  "tpm_overlap_wm": 0.5657088160514832,
  "wm2max": 0.5898681209863935
}