{
  "bids_meta": {
    "EchoTime": 0.03,
    "FlipAngle": 8,
    "MagneticFieldStrength": 3.0,
    "Manufacturer": "Siemens",
    "ManufacturersModelName": "MAGNETOM Trio",
    "ReceiveCoilName": "Siemens 12 channel Head Matrix Coil (Erlangen, Germany)",
    "RepetitionTime": 2.4,
    "modality": "T1w",
    "subject_id": "106"
  },
  "cjv": 0.37796463552300197,
  "cnr": 3.513300251997892,
  "efc": 0.5390692797494477,
  "fber": 1607.6397705078125,
  "fwhm_avg": 3.403166666666667,
  "fwhm_x": 3.33197,
  "fwhm_y": 3.57113,
  "fwhm_z": 3.3064,
  "icvs_csf": 0.18901397209380175,
  "icvs_gm": 0.4367335062410929,
  "icvs_wm": 0.37425252166510536,
  "inu_med": 1.0458077192306519,
  "inu_range": 0.33460235595703125,
  "provenance": {
    "md5sum": "ec2fa6e7009cb8e1bef9195211dc276c",
    "mriqc_pred": 0,
    "settings": {
      "testing": false
    },
    "software": "mriqc",
    "version": "0.9.6",
    "warnings": {
      "large_rot_frame": true,
      "small_air_mask": false
    }
  },
  "qi_1": 0.0,
  "qi_2": 0.008465254439692805,
  "rpve_csf": 31.247628502697424,
  "rpve_gm": 14.94009513954193,
  "rpve_wm": 20.704233210252152,
  "size_x": 176,
  "size_y": 256,
  "size_z": 256,
  "snr_csf": 2.1355881141636437,
  "snr_gm": 8.764444945033164,
  "snr_total": 10.091226520939854,
  "snr_wm": 19.373646503622755,
  "snrd_csf": 18.620232527264896,
  "snrd_gm": 47.08152438531045,
  "snrd_total": 45.2423191970106,
  "snrd_wm": 70.02520067845646,
  "spacing_x": 1.0,
  "spacing_y": 1.0,
  "spacing_z": 1.0,
  "summary_bg_k": 5.395128314585289,
  "summary_bg_mad": 9.355794906616211,
  "summary_bg_mean": 16.012897491455078,
  "summary_bg_median": 13.261573791503906,
  "summary_bg_n": 3410906.0,
  "summary_bg_p05": 2.359978199005127,
  "summary_bg_p95": 39.06605052947998,
  "summary_bg_stdv": 12.183381080627441,
  "summary_csf_k": 6.999780119420379,
  "summary_csf_mad": 137.8204803466797,
  "summary_csf_mean": 290.7108154296875,
  "summary_csf_median": 265.9096374511719,
  "summary_csf_n": 9717.0,
  "summary_csf_p05": 127.03773345947265,
  "summary_csf_p95": 497.9706176757812,
  "summary_csf_stdv": 124.50713348388672,
  "summary_gm_k": 0.025087438419725938,
  "summary_gm_mad": 75.77740478515625,
  "summary_gm_mean": 674.1380004882812,
  "summary_gm_median": 672.3563232421875,
  "summary_gm_n": 19968.0,
  "summary_gm_p05": 549.8045074462891,
  "summary_gm_p95": 803.8302825927733,
  "summary_gm_stdv": 76.712158203125,
  "summary_wm_k": 0.6648042139383912,
  "summary_wm_mad": 48.06322479248047,
  "summary_wm_mean": 998.4087524414062,
  "summary_wm_median": 1000.0076904296875,
  "summary_wm_n": 177080.0,
  "summary_wm_p05": 911.1748840332032,
  "summary_wm_p95": 1079.6998352050782,
  "summary_wm_stdv": 51.61676025390625,
  "tpm_overlap_csf": 0.22483524680137634,
  "tpm_overlap_gm": 0.5069026350975037,
  "tpm_overlap_wm": 0.5439935922622681,
  "wm2max": 0.6377856684133436
}