{
  "aor": 0.0018519696969696968,
  "aqi": 0.0026322251515151513,
  "bids_meta": {
    "EchoTime": 0.027,
    "FlipAngle": 90,
    "MagneticFieldStrength": 3.0,
    "Manufacturer": "Siemens",
    "ManufacturersModelName": "MAGNETOM Trio",
    "ReceiveCoilName": "Siemens 12 channel Head Matrix Coil (Erlangen, Germany)",
    "RepetitionTime": 2.5,
    "TaskName": "rest",
    "modality": "bold",
    "run_id": "1",
    "subject_id": "058",
    "task_id": "rest"
  },
  "dummy_trs": 0,
  "dvars_nstd": 13.058236296564882,
  "dvars_std": 1.2099415804580147,
  "dvars_vstd": 0.9568052821374048,
  "efc": 0.4228534785755692,
  "fber": 47150.60546875,
  "fd_mean": 0.03872848031489039,
  "fd_num": 2,
  "fd_perc": 1.5151515151515151,
  "fwhm_avg": 2.6286225,
  "fwhm_x": 2.3559175,
  "fwhm_y": 3.017175,
  "fwhm_z": 2.512775,
  "gcor": 0.0214782,
  "gsr_x": -0.020449837669730186,
  "gsr_y": 0.020229807123541832,
  "provenance": {
    "md5sum": "5226409f5a5c4d10bbd77d3bb62a891b",
    "settings": {
      "fd_thres": 0.2,
      "hmc_fsl": false
    },
    "software": "mriqc",
    "version": "0.9.6"
  },
  "size_t": 132,
  "size_x": 64,
  "size_y": 64,
  "size_z": 32,
  "snr": 4.86229474684095,
  "spacing_tr": 2.5,
  "spacing_x": 4.0,
  "spacing_y": 4.0,
  "spacing_z": 4.0,
  "summary_bg_k": 47.499084144313,
  "summary_bg_mad": 2.549626588821411,
  "summary_bg_mean": 15.294721603393555,
  "summary_bg_median": 3.992424249649048,
  "summary_bg_n": 82698.0,
  "summary_bg_p05": 1.7196969985961914,
  "summary_bg_p95": 70.08333587646484,
  "summary_bg_stdv": 38.47564697265625,
  "summary_fg_k": 3.5654905238225085,
  "summary_fg_mad": 133.04110717773438,
  "summary_fg_mean": 881.5802612304688,
  "summary_fg_median": 904.7083740234375,
  "summary_fg_n": 21698.0,
  "summary_fg_p05": 532.6848663330079,
  "summary_fg_p95": 1125.5750488281249,
  "summary_fg_stdv": 186.0618438720703,
  "tsnr": 104.01185607910156
}