{
  "aor": 0.0021982575757575756,
  "aqi": 0.0029103667424242425,
  "bids_meta": {
    "EchoTime": 0.027,
    "FlipAngle": 90,
    "MagneticFieldStrength": 3.0,
    "Manufacturer": "Siemens",
    "ManufacturersModelName": "MAGNETOM Trio",
    "ReceiveCoilName": "Siemens 12 channel Head Matrix Coil (Erlangen, Germany)",
    "RepetitionTime": 2.5,
    "TaskName": "rest",
    "modality": "bold",
    "run_id": "2",
    "subject_id": "061",
    "task_id": "rest"
  },
  "dummy_trs": 0,
  "dvars_nstd": 19.641936090916033,
  "dvars_std": 1.3999404670229005,
  "dvars_vstd": 0.9965768022137403,
  "efc": 0.40743732404374006,
  "fber": 38520.65625,
  "fd_mean": 0.049710675938651534,
  "fd_num": 1,
  "fd_perc": 0.7575757575757576,
  "fwhm_avg": 2.5554918097621346,
  "fwhm_x": 2.335620139213809,
  "fwhm_y": 2.89755,
  "fwhm_z": 2.4333052900725947,
  "gcor": 0.0124119,
  "gsr_x": -0.01308363676071167,
  "gsr_y": 0.017440661787986755,
  "provenance": {
    "md5sum": "6e48649647865a845fe4ff0286e48901",
    "settings": {
      "fd_thres": 0.2,
      "hmc_fsl": false
    },
    "software": "mriqc",
    "version": "0.9.6"
  },
  "size_t": 132,
  "size_x": 64,
  "size_y": 64,
  "size_z": 32,
  "snr": 4.510485323914527,
  "spacing_tr": 2.5,
  "spacing_x": 3.999999761581421,
  "spacing_y": 4.0,
  "spacing_z": 3.999999523162842,
  "summary_bg_k": 50.71808710118889,
  "summary_bg_mad": 2.7854950428009033,
  "summary_bg_mean": 18.19719696044922,
  "summary_bg_median": 4.090909004211426,
  "summary_bg_n": 85382.0,
  "summary_bg_p05": 1.6666667461395264,
  "summary_bg_p95": 96.58257827758784,
  "summary_bg_stdv": 42.85708236694336,
  "summary_fg_k": 3.1498125634095775,
  "summary_fg_mad": 134.4563446044922,
  "summary_fg_mean": 813.8526611328125,
  "summary_fg_median": 838.757568359375,
  "summary_fg_n": 19400.0,
  "summary_fg_p05": 436.4932037353516,
  "summary_fg_p95": 1050.578076171875,
  "summary_fg_stdv": 185.95248413085938,
  "tsnr": 97.43338012695312
}