{
  "aor": 0.0015530303030303028,
  "aqi": 0.002961235606060606,
  "bids_meta": {
    "EchoTime": 0.027,
    "FlipAngle": 90,
    "MagneticFieldStrength": 3.0,
    "Manufacturer": "Siemens",
    "ManufacturersModelName": "MAGNETOM Trio",
    "ReceiveCoilName": "Siemens 12 channel Head Matrix Coil (Erlangen, Germany)",
    "RepetitionTime": 2.5,
    "TaskName": "rest",
    "modality": "bold",
    "run_id": "1",
    "subject_id": "115",
    "task_id": "rest"
  },
  "dummy_trs": 0,
  "dvars_nstd": 15.675712898625957,
  "dvars_std": 1.274466466793893,
  "dvars_vstd": 0.9767777655725188,
  "efc": 0.4005718187697036,
  "fber": 46768.234375,
  "fd_mean": 0.1102234566015039,
  "fd_num": 10,
  "fd_perc": 7.575757575757576,
  "fwhm_avg": 2.4940323021032884,
  "fwhm_x": 2.23258,
  "fwhm_y": 2.7594,
  "fwhm_z": 2.490116906309866,
  "gcor": 0.0313813,
  "gsr_x": -0.015714984387159348,
  "gsr_y": 0.018389936536550522,
  "provenance": {
    "md5sum": "4b82e3bfd8104f4132a750d9b5148e02",
    "settings": {
      "fd_thres": 0.2,
      "hmc_fsl": false
    },
    "software": "mriqc",
    "version": "0.9.6"
  },
  "size_t": 132,
  "size_x": 64,
  "size_y": 64,
  "size_z": 32,
  "snr": 5.0054165705505,
  "spacing_tr": 2.5,
  "spacing_x": 4.0,
  "spacing_y": 4.0,
  "spacing_z": 4.000000953674316,
  "summary_bg_k": 66.36781615097092,
  "summary_bg_mad": 3.1898417472839355,
  "summary_bg_mean": 19.34272575378418,
  "summary_bg_median": 4.939393997192383,
  "summary_bg_n": 85534.0,
  "summary_bg_p05": 1.9924242496490479,
  "summary_bg_p95": 90.11704902648879,
  "summary_bg_stdv": 52.26263427734375,
  "summary_fg_k": 3.937663694212481,
  "summary_fg_mad": 157.807373046875,
  "summary_fg_mean": 1084.5130615234375,
  "summary_fg_median": 1109.1287841796875,
  "summary_fg_n": 19567.0,
  "summary_fg_p05": 657.3992370605469,
  "summary_fg_p95": 1367.0235473632813,
  "summary_fg_stdv": 221.58004760742188,
  "tsnr": 106.8287582397461
}