{
  "aor": 0.003645076923076923,
  "aqi": 0.0037854270769230773,
  "bids_meta": {
    "EchoTime": 0.027,
    "FlipAngle": 90,
    "MagneticFieldStrength": 3.0,
    "Manufacturer": "Siemens",
    "ManufacturersModelName": "MAGNETOM Trio",
    "ReceiveCoilName": "Siemens 12 channel Head Matrix Coil (Erlangen, Germany)",
    "RepetitionTime": 2.5,
    "TaskName": "rest",
    "modality": "bold",
    "run_id": "2",
    "subject_id": "024",
    "task_id": "rest"
  },
  "dummy_trs": 0,
  "dvars_nstd": 17.83497941992248,
  "dvars_std": 1.4131609691472875,
  "dvars_vstd": 0.999708714031008,
  "efc": 0.4562897889144048,
  "fber": 38627.1796875,
  "fd_mean": 0.06706610654943114,
  "fd_num": 7,
  "fd_perc": 5.384615384615385,
  "fwhm_avg": 2.4898927385512706,
  "fwhm_x": 2.1992175,
  "fwhm_y": 2.869125,
  "fwhm_z": 2.4013357156538118,
  "gcor": 0.0289874,
  "gsr_x": -0.016201289370656013,
  "gsr_y": 0.02911652810871601,
  "provenance": {
    "md5sum": "c0251ea0fbdac679bba5597558e94263",
    "settings": {
      "fd_thres": 0.2,
      "hmc_fsl": false
    },
    "software": "mriqc",
    "version": "0.9.6"
  },
  "size_t": 130,
  "size_x": 64,
  "size_y": 64,
  "size_z": 32,
  "snr": 5.012863747546076,
  "spacing_tr": 2.5,
  "spacing_x": 4.0,
  "spacing_y": 4.0,
  "spacing_z": 3.9999988079071045,
  "summary_bg_k": 22.88658150799346,
  "summary_bg_mad": 2.446293830871582,
  "summary_bg_mean": 20.31831169128418,
  "summary_bg_median": 3.730769157409668,
  "summary_bg_n": 79086.0,
  "summary_bg_p05": 1.7000000476837158,
  "summary_bg_p95": 129.9326934814453,
  "summary_bg_stdv": 51.03090286254883,
  "summary_fg_k": 4.299194534691972,
  "summary_fg_mad": 104.43224334716797,
  "summary_fg_mean": 750.8128051757812,
  "summary_fg_median": 764.9923095703125,
  "summary_fg_n": 24313.0,
  "summary_fg_p05": 467.17539062500003,
  "summary_fg_p95": 947.6522949218747,
  "summary_fg_stdv": 152.6027069091797,
  "tsnr": 99.67051696777344
}