{
  "aor": 0.0091209375,
  "aqi": 0.010553311416666666,
  "bids_meta": {
    "EchoTime": 0.027,
    "FlipAngle": 90,
    "MagneticFieldStrength": 3.0,
    "Manufacturer": "Siemens",
    "ManufacturersModelName": "MAGNETOM Trio",
    "ReceiveCoilName": "Siemens 12 channel Head Matrix Coil (Erlangen, Germany)",
    "RepetitionTime": 2.5,
    "TaskName": "rest",
    "modality": "bold",
    "run_id": "1",
    "subject_id": "001",
    "task_id": "rest"
  },
  "dummy_trs": 0,
  "dvars_nstd": 17.931741280292268,
  "dvars_std": 1.2127086873068884,
  "dvars_vstd": 0.9466038861586635,
  "efc": 0.36685986841192614,
  "fber": 50597.2421875,
  "fd_mean": 0.0976948440666979,
  "fd_num": 39,
  "fd_perc": 8.125,
  "fwhm_avg": 2.5447969117746987,
  "fwhm_x": 2.3746025,
  "fwhm_y": 2.79245,
  "fwhm_z": 2.4673382353240956,
  "gcor": 0.0404903,
  "gsr_x": -0.016501981765031815,
  "gsr_y": 0.012953778728842735,
  "provenance": {
    "md5sum": "bdaa12b2aec12da4f405b52bd5592d82",
    "settings": {
      "fd_thres": 0.2,
      "hmc_fsl": false
    },
    "software": "mriqc",
    "version": "0.9.6"
  },
  "size_t": 480,
  "size_x": 64,
  "size_y": 64,
  "size_z": 32,
  "snr": 4.777945361593544,
  "spacing_tr": 2.5,
  "spacing_x": 4.0,
  "spacing_y": 4.0,
  "spacing_z": 3.9999988079071045,
  "summary_bg_k": 87.28139128227494,
  "summary_bg_mad": 2.341275930404663,
  "summary_bg_mean": 14.340099334716797,
  "summary_bg_median": 3.5687501430511475,
  "summary_bg_n": 89747.0,
  "summary_bg_p05": 1.3777084112167362,
  "summary_bg_p95": 66.648338317871,
  "summary_bg_stdv": 39.38685989379883,
  "summary_fg_k": 3.6423710842702732,
  "summary_fg_mad": 117.90397644042969,
  "summary_fg_mean": 808.8446655273438,
  "summary_fg_median": 833.3646240234375,
  "summary_fg_n": 15923.0,
  "summary_fg_p05": 454.3633514404297,
  "summary_fg_p95": 1024.2429321289062,
  "summary_fg_stdv": 174.41355895996094,
  "tsnr": 54.79205322265625
}