{
  "bids_meta": {
    "EchoTime": 0.03,
    "FlipAngle": 8,
    "MagneticFieldStrength": 3.0,
    "Manufacturer": "Siemens",
    "ManufacturersModelName": "MAGNETOM Trio",
    "ReceiveCoilName": "Siemens 12 channel Head Matrix Coil (Erlangen, Germany)",
    "RepetitionTime": 2.4,
    "modality": "T1w",
    "subject_id": "103"
  },
  "cjv": 0.42557231191196243,
  "cnr": 3.1508058971009802,
  "efc": 0.548028789838288,
  "fber": 2243.804443359375,
  "fwhm_avg": 3.4465134019726555,
  "fwhm_x": 3.4547302059179668,
  "fwhm_y": 3.62858,
  "fwhm_z": 3.25623,
  "icvs_csf": 0.18570078639771823,
  "icvs_gm": 0.423346934362395,
  "icvs_wm": 0.3909522792398868,
  "inu_med": 1.0802565813064575,
  "inu_range": 0.3141180515289306,
  "provenance": {
    "md5sum": "9e26fe709c4cb9298ff34c5095185991",
    "mriqc_pred": 0,
    "settings": {
      "testing": false
    },
    "software": "mriqc",
    "version": "0.9.6",
    "warnings": {
      "large_rot_frame": true,
      "small_air_mask": false
    }
  },
  "qi_1": 0.0,
  "qi_2": 0.013648062056268789,
  "rpve_csf": 42.81027383211117,
  "rpve_gm": 20.449571179735475,
  "rpve_wm": 26.361563312285266,
  "size_x": 256,
  "size_y": 256,
  "size_z": 256,
  "snr_csf": 3.15761609579942,
  "snr_gm": 10.860053914997486,
  "snr_total": 11.529095290369261,
  "snr_wm": 20.569615860310876,
  "snrd_csf": 26.52249484119726,
  "snrd_gm": 50.55854818241075,
  "snrd_total": 48.630027270446796,
  "snrd_wm": 68.80903878773239,
  "spacing_x": 0.9999999403953552,
  "spacing_y": 1.0,
  "spacing_z": 1.0,
  "summary_bg_k": 4.621876207158606,
  "summary_bg_mad": 9.521092414855957,
  "summary_bg_mean": 15.582558631896973,
  "summary_bg_median": 13.452677726745605,
  "summary_bg_n": 3484060.0,
  "summary_bg_p05": 0.0,
  "summary_bg_p95": 38.33835449218749,
  "summary_bg_stdv": 12.05842399597168,
  "summary_csf_k": 0.5588668337445539,
  "summary_csf_mad": 119.9281234741211,
  "summary_csf_mean": 401.10235595703125,
  "summary_csf_median": 385.45123291015625,
  "summary_csf_n": 12441.0,
  "summary_csf_p05": 228.40731811523438,
  "summary_csf_p95": 616.8817749023438,
  "summary_csf_stdv": 122.06542205810547,
  "summary_gm_k": 0.044028134160648325,
  "summary_gm_mad": 66.6852035522461,
  "summary_gm_mean": 737.0650024414062,
  "summary_gm_median": 734.7670288085938,
  "summary_gm_n": 24070.0,
  "summary_gm_p05": 629.4258911132813,
  "summary_gm_p95": 853.0406280517577,
  "summary_gm_stdv": 67.65636444091797,
  "summary_wm_k": 0.5717844007660142,
  "summary_wm_mad": 46.1911506652832,
  "summary_wm_mean": 1000.3670654296875,
  "summary_wm_median": 1000.0012817382812,
  "summary_wm_n": 216437.0,
  "summary_wm_p05": 921.5623168945312,
  "summary_wm_p95": 1080.0425292968748,
  "summary_wm_stdv": 48.6153450012207,
  "tpm_overlap_csf": 0.23083068430423737,
  "tpm_overlap_gm": 0.5158895254135132,
  "tpm_overlap_wm": 0.5665925741195679,
  "wm2max": 0.6173012747256676
}