{
  "aor": 0.007763533834586467,
  "aqi": 0.004897715789473684,
  "bids_meta": {
    "EchoTime": 0.027,
    "FlipAngle": 90,
    "MagneticFieldStrength": 3.0,
    "Manufacturer": "Siemens",
    "ManufacturersModelName": "MAGNETOM Trio",
    "ReceiveCoilName": "Siemens 12 channel Head Matrix Coil (Erlangen, Germany)",
    "RepetitionTime": 2.5,
    "TaskName": "rest",
    "modality": "bold",
    "run_id": "2",
    "subject_id": "044",
    "task_id": "rest"
  },
  "dummy_trs": 0,
  "dvars_nstd": 19.374429009015152,
  "dvars_std": 1.3332837129545452,
  "dvars_vstd": 1.0531301184848483,
  "efc": 0.3966581768813268,
  "fber": 49038.03515625,
  "fd_mean": 0.10446714045399658,
  "fd_num": 8,
  "fd_perc": 6.015037593984962,
  "fwhm_avg": 2.4616833333333332,
  "fwhm_x": 2.25327,
  "fwhm_y": 2.75495,
  "fwhm_z": 2.37683,
  "gcor": 0.0293967,
  "gsr_x": -0.010263759642839432,
  "gsr_y": 0.013711690902709961,
  "provenance": {
    "md5sum": "3793dd8f703293c4b1fff59a7749e736",
    "settings": {
      "fd_thres": 0.2,
      "hmc_fsl": false
    },
    "software": "mriqc",
    "version": "0.9.6"
  },
  "size_t": 133,
  "size_x": 64,
  "size_y": 64,
  "size_z": 32,
  "snr": 4.950922663407586,
  "spacing_tr": 2.5,
  "spacing_x": 4.0,
  "spacing_y": 4.0,
  "spacing_z": 4.0,
  "summary_bg_k": 74.26928214779782,
  "summary_bg_mad": 2.4078352451324463,
  "summary_bg_mean": 14.070389747619629,
  "summary_bg_median": 3.804511308670044,
  "summary_bg_n": 85568.0,
  "summary_bg_p05": 1.5263158082962036,
  "summary_bg_p95": 65.34323310852047,
  "summary_bg_stdv": 37.16746139526367,
  "summary_fg_k": 3.6108967375780585,
  "summary_fg_mad": 129.84478759765625,
  "summary_fg_mean": 858.253662109375,
  "summary_fg_median": 877.03759765625,
  "summary_fg_n": 19255.0,
  "summary_fg_p05": 528.2736938476562,
  "summary_fg_p95": 1090.6090698242188,
  "summary_fg_stdv": 177.14169311523438,
  "tsnr": 76.52284240722656
}