{
  "aor": 0.001349469696969697,
  "aqi": 0.0029555125,
  "bids_meta": {
    "EchoTime": 0.027,
    "FlipAngle": 90,
    "MagneticFieldStrength": 3.0,
    "Manufacturer": "Siemens",
    "ManufacturersModelName": "MAGNETOM Trio",
    "ReceiveCoilName": "Siemens 12 channel Head Matrix Coil (Erlangen, Germany)",
    "RepetitionTime": 2.5,
    "TaskName": "rest",
    "modality": "bold",
    "run_id": "2",
    "subject_id": "064",
    "task_id": "rest"
  },
  "dummy_trs": 0,
  "dvars_nstd": 15.815012385801522,
  "dvars_std": 1.3242437593129768,
  "dvars_vstd": 0.9701306996946566,
  "efc": 0.37846353204333233,
  "fber": 54487.1328125,
  "fd_mean": 0.070925563777404,
  "fd_num": 3,
  "fd_perc": 2.272727272727273,
  "fwhm_avg": 2.421651385841867,
  "fwhm_x": 2.2297,
  "fwhm_y": 2.679525,
  "fwhm_z": 2.355729157525602,
  "gcor": 0.0324309,
  "gsr_x": -0.016696298494935036,
  "gsr_y": 0.011989646591246128,
  "provenance": {
    "md5sum": "44b3f614e389691210c1f91a022ec2db",
    "settings": {
      "fd_thres": 0.2,
      "hmc_fsl": false
    },
    "software": "mriqc",
    "version": "0.9.6"
  },
  "size_t": 132,
  "size_x": 64,
  "size_y": 64,
  "size_z": 32,
  "snr": 5.343879606918743,
  "spacing_tr": 2.5,
  "spacing_x": 4.0,
  "spacing_y": 4.0,
  "spacing_z": 4.000001430511475,
  "summary_bg_k": 55.266505355087475,
  "summary_bg_mad": 2.280062437057495,
  "summary_bg_mean": 14.051382064819336,
  "summary_bg_median": 3.606060743331909,
  "summary_bg_n": 88350.0,
  "summary_bg_p05": 1.5454546213150024,
  "summary_bg_p95": 65.87954940795903,
  "summary_bg_stdv": 35.72970199584961,
  "summary_fg_k": 4.890449686374897,
  "summary_fg_mad": 118.8215560913086,
  "summary_fg_mean": 858.3851928710938,
  "summary_fg_median": 873.3864135742188,
  "summary_fg_n": 17329.0,
  "summary_fg_p05": 574.4969848632812,
  "summary_fg_p95": 1067.4045898437498,
  "summary_fg_stdv": 163.4320526123047,
  "tsnr": 110.50984954833984
}