{
  "bids_meta": {
    "EchoTime": 0.03,
    "FlipAngle": 8,
    "MagneticFieldStrength": 3.0,
    "Manufacturer": "Siemens",
    "ManufacturersModelName": "MAGNETOM Trio",
    "ReceiveCoilName": "Siemens 12 channel Head Matrix Coil (Erlangen, Germany)",
    "RepetitionTime": 2.4,
    "modality": "T1w",
    "subject_id": "064"
  },
  "cjv": 0.42487751991350836,
  "cnr": 3.122933179834433,
  "efc": 0.5347493331568942,
  "fber": 2096.125732421875,
  "fwhm_avg": 3.288053200062132,
  "fwhm_x": 3.3538796001863957,
  "fwhm_y": 3.43578,
  "fwhm_z": 3.0745,
  "icvs_csf": 0.17298310339041675,
  "icvs_gm": 0.43891650284078576,
  "icvs_wm": 0.3881003937687975,
  "inu_med": 1.0672502517700195,
  "inu_range": 0.3425371229648593,
  "provenance": {
    "md5sum": "cd6e27c6ffbdce549293441fd8b0ade6",
    "mriqc_pred": 0,
    "settings": {
      "testing": false
    },
    "software": "mriqc",
    "version": "0.9.6",
    "warnings": {
      "large_rot_frame": true,
      "small_air_mask": false
    }
  },
  "qi_1": 0.0,
  "qi_2": 0.019988516252667173,
  "rpve_csf": 51.1595777898868,
  "rpve_gm": 22.55501092277086,
  "rpve_wm": 29.520482787744076,
  "size_x": 256,
  "size_y": 256,
  "size_z": 256,
  "snr_csf": 2.8302748761723358,
  "snr_gm": 10.999561891787996,
  "snr_total": 11.46025687001935,
  "snr_wm": 20.550933842097717,
  "snrd_csf": 23.50761208888158,
  "snrd_gm": 46.65044853285363,
  "snrd_total": 44.4486384074053,
  "snrd_wm": 63.18785460048068,
  "spacing_x": 1.0000001192092896,
  "spacing_y": 1.0,
  "spacing_z": 1.0,
  "summary_bg_k": 5.0044819413356745,
  "summary_bg_mad": 10.368206024169922,
  "summary_bg_mean": 16.10698127746582,
  "summary_bg_median": 13.437023162841797,
  "summary_bg_n": 3547418.0,
  "summary_bg_p05": 2.56643944978714,
  "summary_bg_p95": 39.43604640960693,
  "summary_bg_stdv": 12.281044006347656,
  "summary_csf_k": 6.980845065911067,
  "summary_csf_mad": 119.53614044189453,
  "summary_csf_mean": 394.257080078125,
  "summary_csf_median": 372.0321044921875,
  "summary_csf_n": 9128.0,
  "summary_csf_p05": 225.77403411865234,
  "summary_csf_p95": 622.6406341552735,
  "summary_csf_stdv": 131.4401397705078,
  "summary_gm_k": 0.1496243352772182,
  "summary_gm_mad": 65.22390747070312,
  "summary_gm_mean": 739.2799682617188,
  "summary_gm_median": 738.291259765625,
  "summary_gm_n": 19078.0,
  "summary_gm_p05": 628.8933532714843,
  "summary_gm_p95": 849.9802459716796,
  "summary_gm_stdv": 67.11830139160156,
  "summary_wm_k": 0.47695950481291316,
  "summary_wm_mad": 45.97564697265625,
  "summary_wm_mean": 998.8585205078125,
  "summary_wm_median": 1000.0126953125,
  "summary_wm_n": 191472.0,
  "summary_wm_p05": 916.6182373046875,
  "summary_wm_p95": 1076.5330749511718,
  "summary_wm_stdv": 48.66007995605469,
  "tpm_overlap_csf": 0.23895928263664246,
  "tpm_overlap_gm": 0.5231907963752747,
  "tpm_overlap_wm": 0.5638589262962341,
  "wm2max": 0.633357375152692
}