{
  "bids_meta": {
    "EchoTime": 0.03,
    "FlipAngle": 8,
    "MagneticFieldStrength": 3.0,
    "Manufacturer": "Siemens",
    "ManufacturersModelName": "MAGNETOM Trio",
    "ReceiveCoilName": "Siemens 12 channel Head Matrix Coil (Erlangen, Germany)",
    "RepetitionTime": 2.4,
    "modality": "T1w",
    "subject_id": "113"
  },
  "cjv": 0.3621267615062609,
  "cnr": 3.6547078310733974,
  "efc": 0.5394155004679881,
  "fber": 1834.862548828125,
  "fwhm_avg": 3.3458200667903863,
  "fwhm_x": 3.3616702003711585,
  "fwhm_y": 3.52864,
  "fwhm_z": 3.14715,
  "icvs_csf": 0.18387993032756583,
  "icvs_gm": 0.43302492912997587,
  "icvs_wm": 0.3830951405424583,
  "inu_med": 1.1024904251098633,
  "inu_range": 0.3647969365119934,
  "provenance": {
    "md5sum": "29ce529a1282b2232e6aabe613e00300",
    "mriqc_pred": 0,
    "settings": {
      "testing": false
    },
    "software": "mriqc",
    "version": "0.9.6",
    "warnings": {
      "large_rot_frame": true,
      "small_air_mask": false
    }
  },
  "qi_1": 0.0,
  "qi_2": 0.006582809661271082,
  "rpve_csf": 29.342148637460046,
  "rpve_gm": 13.833498109632785,
  "rpve_wm": 18.978580132853843,
  "size_x": 176,
  "size_y": 256,
  "size_z": 256,
  "snr_csf": 2.9138559036896234,
  "snr_gm": 9.010001471295814,
  "snr_total": 10.23504343428744,
  "snr_wm": 18.781272927876884,
  "snrd_csf": 28.52436001071818,
  "snrd_gm": 47.76305616905077,
  "snrd_total": 49.37270188618183,
  "snrd_wm": 71.83068947877653,
  "spacing_x": 0.9999999403953552,
  "spacing_y": 1.0,
  "spacing_z": 1.0,
  "summary_bg_k": 3.9084177464627814,
  "summary_bg_mad": 9.120542526245117,
  "summary_bg_mean": 15.299994468688965,
  "summary_bg_median": 13.30512809753418,
  "summary_bg_n": 3672929.0,
  "summary_bg_p05": 2.5728616237640383,
  "summary_bg_p95": 36.29528732299804,
  "summary_bg_stdv": 11.131182670593262,
  "summary_csf_k": -0.3056959717322614,
  "summary_csf_mad": 137.45034790039062,
  "summary_csf_mean": 373.04931640625,
  "summary_csf_median": 397.10455322265625,
  "summary_csf_n": 5754.0,
  "summary_csf_p05": 140.60317840576172,
  "summary_csf_p95": 561.7595153808593,
  "summary_csf_stdv": 136.26962280273438,
  "summary_gm_k": 0.25003467263347456,
  "summary_gm_mad": 70.99098205566406,
  "summary_gm_mean": 666.2111206054688,
  "summary_gm_median": 664.9378662109375,
  "summary_gm_n": 20931.0,
  "summary_gm_p05": 546.2421264648438,
  "summary_gm_p95": 791.4689331054688,
  "summary_gm_stdv": 73.79821014404297,
  "summary_wm_k": 0.45033672436859273,
  "summary_wm_mad": 50.343143463134766,
  "summary_wm_mean": 998.8561401367188,
  "summary_wm_median": 999.9976806640625,
  "summary_wm_n": 205237.0,
  "summary_wm_p05": 909.2084594726562,
  "summary_wm_p95": 1084.3062255859375,
  "summary_wm_stdv": 53.2442741394043,
  "tpm_overlap_csf": 0.21672312915325165,
  "tpm_overlap_gm": 0.516912579536438,
  "tpm_overlap_wm": 0.5628065466880798,
  "wm2max": 0.5927764701446655
}