{
  "aor": 0.0022593181818181818,
  "aqi": 0.006855454545454545,
  "bids_meta": {
    "EchoTime": 0.027,
    "FlipAngle": 90,
    "MagneticFieldStrength": 3.0,
    "Manufacturer": "Siemens",
    "ManufacturersModelName": "MAGNETOM Trio",
    "ReceiveCoilName": "Siemens 12 channel Head Matrix Coil (Erlangen, Germany)",
    "RepetitionTime": 2.5,
    "TaskName": "rest",
    "modality": "bold",
    "run_id": "2",
    "subject_id": "104",
    "task_id": "rest"
  },
  "dummy_trs": 0,
  "dvars_nstd": 23.50844330832062,
  "dvars_std": 1.1907285893129775,
  "dvars_vstd": 0.9656590474045803,
  "efc": 0.4261435611062401,
  "fber": 38496.125,
  "fd_mean": 0.20313139445992548,
  "fd_num": 58,
  "fd_perc": 43.93939393939394,
  "fwhm_avg": 2.429272873469865,
  "fwhm_x": 2.231275,
  "fwhm_y": 2.741975,
  "fwhm_z": 2.3145686204095957,
  "gcor": 0.0303623,
  "gsr_x": -0.011464155279099941,
  "gsr_y": 0.02277475968003273,
  "provenance": {
    "md5sum": "11a27ec120a7e2b7833a6bde19ba6ffe",
    "settings": {
      "fd_thres": 0.2,
      "hmc_fsl": false
    },
    "software": "mriqc",
    "version": "0.9.6"
  },
  "size_t": 132,
  "size_x": 64,
  "size_y": 64,
  "size_z": 32,
  "snr": 5.025020623721271,
  "spacing_tr": 2.5,
  "spacing_x": 4.0,
  "spacing_y": 4.0,
  "spacing_z": 4.000002384185791,
  "summary_bg_k": 46.780047008374396,
  "summary_bg_mad": 2.291294574737549,
  "summary_bg_mean": 15.888081550598145,
  "summary_bg_median": 3.340909242630005,
  "summary_bg_n": 83161.0,
  "summary_bg_p05": 1.2878788709640503,
  "summary_bg_p95": 87.70455169677734,
  "summary_bg_stdv": 38.487709045410156,
  "summary_fg_k": 3.480231183332463,
  "summary_fg_mad": 103.50697326660156,
  "summary_fg_mean": 675.0490112304688,
  "summary_fg_median": 689.1060791015625,
  "summary_fg_n": 21024.0,
  "summary_fg_p05": 413.72653503417973,
  "summary_fg_p95": 853.5083770751953,
  "summary_fg_stdv": 137.1317138671875,
  "tsnr": 66.20884704589844
}