{
  "bids_meta": {
    "EchoTime": 0.03,
    "FlipAngle": 8,
    "MagneticFieldStrength": 3.0,
    "Manufacturer": "Siemens",
    "ManufacturersModelName": "MAGNETOM Trio",
    "ReceiveCoilName": "Siemens 12 channel Head Matrix Coil (Erlangen, Germany)",
    "RepetitionTime": 2.4,
    "modality": "T1w",
    "subject_id": "002"
  },
  "cjv": 0.4321741577648815,
  "cnr": 3.09868462756148,
  "efc": 0.5541867522021068,
  "fber": 2237.86962890625,
  "fwhm_avg": 3.5287966666666666,
  "fwhm_x": 3.5879,
  "fwhm_y": 3.67793,
  "fwhm_z": 3.32056,
  "icvs_csf": 0.17695693503794196,
  "icvs_gm": 0.4205488109350458,
  "icvs_wm": 0.4024942540270122,
  "inu_med": 1.0290253162384033,
  "inu_range": 0.3834793925285338,
  "provenance": {
    "md5sum": "dce7283e86dc62084630e5e299d2304b",
    "mriqc_pred": 0,
    "settings": {
      "testing": false
    },
    "software": "mriqc",
    "version": "0.9.6",
    "warnings": {
      "large_rot_frame": true,
      "small_air_mask": false
    }
  },
  "qi_1": 0.0,
  "qi_2": 0.017186715894257226,
  "rpve_csf": 39.529490070491924,
  "rpve_gm": 18.387747531467763,
  "rpve_wm": 23.024932482572364,
  "size_x": 256,
  "size_y": 256,
  "size_z": 256,
  "snr_csf": 2.617945408220515,
  "snr_gm": 10.76749034485305,
  "snr_total": 11.27945417653538,
  "snr_wm": 20.452926776532575,
  "snrd_csf": 27.78162675528459,
  "snrd_gm": 50.59487660875295,
  "snrd_total": 49.009322935060304,
  "snrd_wm": 68.65146544114336,
  "spacing_x": 1.0,
  "spacing_y": 1.0,
  "spacing_z": 1.0,
  "summary_bg_k": 4.012054288425405,
  "summary_bg_mad": 9.542838096618652,
  "summary_bg_mean": 15.116272926330566,
  "summary_bg_median": 12.549739837646484,
  "summary_bg_n": 3577423.0,
  "summary_bg_p05": 2.754784393310547,
  "summary_bg_p95": 36.80237808227539,
  "summary_bg_stdv": 11.387866973876953,
  "summary_csf_k": 23.266076022874024,
  "summary_csf_mad": 145.07308959960938,
  "summary_csf_mean": 421.883544921875,
  "summary_csf_median": 404.6723327636719,
  "summary_csf_n": 13335.0,
  "summary_csf_p05": 235.08689575195314,
  "summary_csf_p95": 638.3681762695312,
  "summary_csf_stdv": 154.5705108642578,
  "summary_gm_k": 0.06409763583679506,
  "summary_gm_mad": 67.11245727539062,
  "summary_gm_mean": 739.9595336914062,
  "summary_gm_median": 736.974365234375,
  "summary_gm_n": 24813.0,
  "summary_gm_p05": 632.29921875,
  "summary_gm_p95": 857.5874511718748,
  "summary_gm_stdv": 68.4430160522461,
  "summary_wm_k": 0.34419507901541246,
  "summary_wm_mad": 46.55609893798828,
  "summary_wm_mean": 999.2308349609375,
  "summary_wm_median": 999.989990234375,
  "summary_wm_n": 257699.0,
  "summary_wm_p05": 917.1349975585938,
  "summary_wm_p95": 1078.2553955078124,
  "summary_wm_stdv": 48.892173767089844,
  "tpm_overlap_csf": 0.22960539162158966,
  "tpm_overlap_gm": 0.5131534934043884,
  "tpm_overlap_wm": 0.5627219080924988,
  "wm2max": 0.6124164473931366
}