{
  "aor": 0.0026734090909090913,
  "aqi": 0.001975454848484848,
  "bids_meta": {
    "EchoTime": 0.027,
    "FlipAngle": 90,
    "MagneticFieldStrength": 3.0,
    "Manufacturer": "Siemens",
    "ManufacturersModelName": "MAGNETOM Trio",
    "ReceiveCoilName": "Siemens 12 channel Head Matrix Coil (Erlangen, Germany)",
    "RepetitionTime": 2.5,
    "TaskName": "rest",
    "modality": "bold",
    "run_id": "1",
    "subject_id": "049",
    "task_id": "rest"
  },
  "dummy_trs": 0,
  "dvars_nstd": 17.46922061999999,
  "dvars_std": 1.374643940305343,
  "dvars_vstd": 1.0146991445038167,
  "efc": 0.38444983922518494,
  "fber": 53648.1484375,
  "fd_mean": 0.1187757340445552,
  "fd_num": 17,
  "fd_perc": 12.878787878787879,
  "fwhm_avg": 2.493918048571351,
  "fwhm_x": 2.2498725,
  "fwhm_y": 2.843125,
  "fwhm_z": 2.3887566457140523,
  "gcor": 0.0237725,
  "gsr_x": -0.013825048692524433,
  "gsr_y": 0.01243727095425129,
  "provenance": {
    "md5sum": "592a480a17dc38515ac26599d8bdeb68",
    "settings": {
      "fd_thres": 0.2,
      "hmc_fsl": false
    },
    "software": "mriqc",
    "version": "0.9.6"
  },
  "size_t": 132,
  "size_x": 64,
  "size_y": 64,
  "size_z": 32,
  "snr": 4.923973282263514,
  "spacing_tr": 2.5,
  "spacing_x": 4.0,
  "spacing_y": 4.0,
  "spacing_z": 4.000001430511475,
  "summary_bg_k": 82.82299159939475,
  "summary_bg_mad": 2.1003530025482178,
  "summary_bg_mean": 11.654675483703613,
  "summary_bg_median": 3.53787899017334,
  "summary_bg_n": 86569.0,
  "summary_bg_p05": 1.522727370262146,
  "summary_bg_p95": 45.096972656249804,
  "summary_bg_stdv": 32.587459564208984,
  "summary_fg_k": 4.340048329722083,
  "summary_fg_mad": 122.674072265625,
  "summary_fg_mean": 831.6591186523438,
  "summary_fg_median": 850.3258056640625,
  "summary_fg_n": 18522.0,
  "summary_fg_p05": 508.3106231689453,
  "summary_fg_p95": 1049.233349609375,
  "summary_fg_stdv": 172.6863250732422,
  "tsnr": 127.31420135498047
}