{
  "bids_meta": {
    "EchoTime": 0.03,
    "FlipAngle": 8,
    "MagneticFieldStrength": 3.0,
    "Manufacturer": "Siemens",
    "ManufacturersModelName": "MAGNETOM Trio",
    "ReceiveCoilName": "Siemens 12 channel Head Matrix Coil (Erlangen, Germany)",
    "RepetitionTime": 2.4,
    "modality": "T1w",
    "subject_id": "087"
  },
  "cjv": 0.37205035316348106,
  "cnr": 3.5441762665031353,
  "efc": 0.5576599273807993,
  "fber": 2142.323974609375,
  "fwhm_avg": 3.591423333333333,
  "fwhm_x": 3.6531,
  "fwhm_y": 3.79517,
  "fwhm_z": 3.326,
  "icvs_csf": 0.17698154674207084,
  "icvs_gm": 0.4389355693283266,
  "icvs_wm": 0.38408288392960255,
  "inu_med": 1.0399221181869507,
  "inu_range": 0.39801274538040166,
  "provenance": {
    "md5sum": "b679d0874fab8780e0706884ec434af4",
    "mriqc_pred": 0,
    "settings": {
      "testing": false
    },
    "software": "mriqc",
    "version": "0.9.6",
    "warnings": {
      "large_rot_frame": true,
      "small_air_mask": false
    }
  },
  "qi_1": 0.0,
  "qi_2": 0.002372098690301275,
  "rpve_csf": 41.64534418206716,
  "rpve_gm": 18.775576308214276,
  "rpve_wm": 24.88208769897878,
  "size_x": 256,
  "size_y": 256,
  "size_z": 256,
  "snr_csf": 3.0365176234904885,
  "snr_gm": 11.61195487834076,
  "snr_total": 11.585715474257979,
  "snr_wm": 20.10867392094269,
  "snrd_csf": 23.193083687215793,
  "snrd_gm": 46.3136553160988,
  "snrd_total": 44.724049857056286,
  "snrd_wm": 64.66541056785425,
  "spacing_x": 1.0,
  "spacing_y": 1.0,
  "spacing_z": 1.0,
  "summary_bg_k": 3.472559568660273,
  "summary_bg_mad": 10.131132125854492,
  "summary_bg_mean": 15.884964942932129,
  "summary_bg_median": 13.794097900390625,
  "summary_bg_n": 3608111.0,
  "summary_bg_p05": 2.701309561729431,
  "summary_bg_p95": 38.030853271484375,
  "summary_bg_stdv": 11.607818603515625,
  "summary_csf_k": 2.121731033063229,
  "summary_csf_mad": 119.1416244506836,
  "summary_csf_mean": 384.5661315917969,
  "summary_csf_median": 358.6614990234375,
  "summary_csf_n": 12460.0,
  "summary_csf_p05": 233.79115676879883,
  "summary_csf_p95": 590.4720397949219,
  "summary_csf_stdv": 118.11132049560547,
  "summary_gm_k": 0.2835199541556972,
  "summary_gm_mad": 59.01831817626953,
  "summary_gm_mean": 717.4087524414062,
  "summary_gm_median": 716.20166015625,
  "summary_gm_n": 21761.0,
  "summary_gm_p05": 616.53955078125,
  "summary_gm_p95": 820.6539306640625,
  "summary_gm_stdv": 61.67654037475586,
  "summary_wm_k": 0.5071138365232875,
  "summary_wm_mad": 46.567501068115234,
  "summary_wm_mean": 998.1389770507812,
  "summary_wm_median": 999.99609375,
  "summary_wm_n": 221441.0,
  "summary_wm_p05": 912.3447265625,
  "summary_wm_p95": 1076.3946533203125,
  "summary_wm_stdv": 49.72947692871094,
  "tpm_overlap_csf": 0.244146928191185,
  "tpm_overlap_gm": 0.5268850922584534,
  "tpm_overlap_wm": 0.5607576370239258,
  "wm2max": 0.6410489311786473
}