{
  "aor": 0.001865416666666667,
  "aqi": 0.0026055460555555556,
  "bids_meta": {
    "EchoTime": 0.027,
    "FlipAngle": 90,
    "MagneticFieldStrength": 3.0,
    "Manufacturer": "Siemens",
    "ManufacturersModelName": "MAGNETOM Trio",
    "ReceiveCoilName": "Siemens 12 channel Head Matrix Coil (Erlangen, Germany)",
    "RepetitionTime": 2.5,
    "TaskName": "rest",
    "modality": "bold",
    "run_id": "1",
    "subject_id": "087",
    "task_id": "rest"
  },
  "dummy_trs": 0,
  "dvars_nstd": 16.306777948774375,
  "dvars_std": 1.3209358183008355,
  "dvars_vstd": 1.0101760522005565,
  "efc": 0.4018625454357919,
  "fber": 45454.35546875,
  "fd_mean": 0.1117970719755348,
  "fd_num": 16,
  "fd_perc": 4.444444444444445,
  "fwhm_avg": 2.4831163690202964,
  "fwhm_x": 2.2118325,
  "fwhm_y": 2.786425,
  "fwhm_z": 2.4510916070608904,
  "gcor": 0.032469,
  "gsr_x": -0.013527456670999527,
  "gsr_y": 0.019923318177461624,
  "provenance": {
    "md5sum": "a70863a0afc70ed77d7e03842bbbb8e0",
    "settings": {
      "fd_thres": 0.2,
      "hmc_fsl": false
    },
    "software": "mriqc",
    "version": "0.9.6"
  },
  "size_t": 360,
  "size_x": 64,
  "size_y": 64,
  "size_z": 32,
  "snr": 5.1132809289115695,
  "spacing_tr": 2.5,
  "spacing_x": 4.0,
  "spacing_y": 4.0,
  "spacing_z": 3.99999737739563,
  "summary_bg_k": 49.12021275024193,
  "summary_bg_mad": 2.7469327449798584,
  "summary_bg_mean": 17.534555435180664,
  "summary_bg_median": 4.113889217376709,
  "summary_bg_n": 85625.0,
  "summary_bg_p05": 1.7194445133209229,
  "summary_bg_p95": 86.23000335693364,
  "summary_bg_stdv": 46.60170364379883,
  "summary_fg_k": 4.338712768177712,
  "summary_fg_mad": 127.65409851074219,
  "summary_fg_mean": 890.8359985351562,
  "summary_fg_median": 909.1777954101562,
  "summary_fg_n": 19234.0,
  "summary_fg_p05": 557.1416717529297,
  "summary_fg_p95": 1120.8912780761714,
  "summary_fg_stdv": 177.80250549316406,
  "tsnr": 110.273193359375
}