{
  "aor": 0.009689583333333333,
  "aqi": 0.006937621541666666,
  "bids_meta": {
    "EchoTime": 0.027,
    "FlipAngle": 90,
    "MagneticFieldStrength": 3.0,
    "Manufacturer": "Siemens",
    "ManufacturersModelName": "MAGNETOM Trio",
    "ReceiveCoilName": "Siemens 12 channel Head Matrix Coil (Erlangen, Germany)",
    "RepetitionTime": 2.5,
    "TaskName": "rest",
    "modality": "bold",
    "run_id": "1",
    "subject_id": "077",
    "task_id": "rest"
  },
  "dummy_trs": 0,
  "dvars_nstd": 19.03655886953974,
  "dvars_std": 1.2724293522175736,
  "dvars_vstd": 1.024219215648536,
  "efc": 0.4282647845967619,
  "fber": 48315.11328125,
  "fd_mean": 0.13932975492013963,
  "fd_num": 36,
  "fd_perc": 15.0,
  "fwhm_avg": 2.4172742140845984,
  "fwhm_x": 2.1407,
  "fwhm_y": 2.7245,
  "fwhm_z": 2.386622642253795,
  "gcor": 0.0143092,
  "gsr_x": -0.01319178007543087,
  "gsr_y": 0.029308795928955078,
  "provenance": {
    "md5sum": "6f4936d651f2b6bd41fd062090ceeb70",
    "settings": {
      "fd_thres": 0.2,
      "hmc_fsl": false
    },
    "software": "mriqc",
    "version": "0.9.6"
  },
  "size_t": 240,
  "size_x": 64,
  "size_y": 64,
  "size_z": 32,
  "snr": 5.165300445868927,
  "spacing_tr": 2.5,
  "spacing_x": 4.0,
  "spacing_y": 4.0,
  "spacing_z": 3.999999761581421,
  "summary_bg_k": 79.14907851072252,
  "summary_bg_mad": 2.5821988582611084,
  "summary_bg_mean": 17.622726440429688,
  "summary_bg_median": 3.820833444595337,
  "summary_bg_n": 82161.0,
  "summary_bg_p05": 1.6625001430511475,
  "summary_bg_p95": 97.87084197998047,
  "summary_bg_stdv": 46.59501266479492,
  "summary_fg_k": 4.1422813689589715,
  "summary_fg_mad": 131.59945678710938,
  "summary_fg_mean": 866.3075561523438,
  "summary_fg_median": 875.1563110351562,
  "summary_fg_n": 22156.0,
  "summary_fg_p05": 583.5146331787109,
  "summary_fg_p95": 1092.8500671386719,
  "summary_fg_stdv": 169.4260711669922,
  "tsnr": 70.41859436035156
}