{
  "aor": 0.0042499242424242425,
  "aqi": 0.0030626226515151514,
  "bids_meta": {
    "EchoTime": 0.027,
    "FlipAngle": 90,
    "MagneticFieldStrength": 3.0,
    "Manufacturer": "Siemens",
    "ManufacturersModelName": "MAGNETOM Trio",
    "ReceiveCoilName": "Siemens 12 channel Head Matrix Coil (Erlangen, Germany)",
    "RepetitionTime": 2.5,
    "TaskName": "rest",
    "modality": "bold",
    "run_id": "1",
    "subject_id": "116",
    "task_id": "rest"
  },
  "dummy_trs": 0,
  "dvars_nstd": 14.050913497557259,
  "dvars_std": 1.2142511882442746,
  "dvars_vstd": 0.9772304287786253,
  "efc": 0.4077529094033279,
  "fber": 42582.42578125,
  "fd_mean": 0.06251437156455131,
  "fd_num": 4,
  "fd_perc": 3.0303030303030303,
  "fwhm_avg": 2.624256338019861,
  "fwhm_x": 2.318935,
  "fwhm_y": 3.0728501831561434,
  "fwhm_z": 2.4809838309034395,
  "gcor": 0.0224571,
  "gsr_x": -0.011484140530228615,
  "gsr_y": 0.016710709780454636,
  "provenance": {
    "md5sum": "6dcb30b7fe13fb25dac1be97a3b2de66",
    "settings": {
      "fd_thres": 0.2,
      "hmc_fsl": false
    },
    "software": "mriqc",
    "version": "0.9.6"
  },
  "size_t": 132,
  "size_x": 64,
  "size_y": 64,
  "size_z": 32,
  "snr": 4.641233692744892,
  "spacing_tr": 2.5,
  "spacing_x": 4.0,
  "spacing_y": 3.999999761581421,
  "spacing_z": 3.999997854232788,
  "summary_bg_k": 43.31141092987606,
  "summary_bg_mad": 2.31375789642334,
  "summary_bg_mean": 12.713386535644531,
  "summary_bg_median": 3.439393997192383,
  "summary_bg_n": 83903.0,
  "summary_bg_p05": 1.3863636255264282,
  "summary_bg_p95": 62.6356063842773,
  "summary_bg_stdv": 29.610261917114258,
  "summary_fg_k": 3.5291931158322196,
  "summary_fg_mad": 113.4752197265625,
  "summary_fg_mean": 731.645751953125,
  "summary_fg_median": 738.7462158203125,
  "summary_fg_n": 20540.0,
  "summary_fg_p05": 456.45380249023435,
  "summary_fg_p95": 954.0398040771483,
  "summary_fg_stdv": 159.16635131835938,
  "tsnr": 97.59524536132812
}