{
  "bids_meta": {
    "EchoTime": 0.03,
    "FlipAngle": 8,
    "MagneticFieldStrength": 3.0,
    "Manufacturer": "Siemens",
    "ManufacturersModelName": "MAGNETOM Trio",
    "ReceiveCoilName": "Siemens 12 channel Head Matrix Coil (Erlangen, Germany)",
    "RepetitionTime": 2.4,
    "modality": "T1w",
    "subject_id": "074"
  },
  "cjv": 0.45223271681983856,
  "cnr": 2.972343952882271,
  "efc": 0.5466254922282663,
  "fber": 1902.3319091796875,
  "fwhm_avg": 3.376333402729833,
  "fwhm_x": 3.4928402081895,
  "fwhm_y": 3.48871,
  "fwhm_z": 3.14745,
  "icvs_csf": 0.17566982832361938,
  "icvs_gm": 0.4475296918561231,
  "icvs_wm": 0.3768004798202575,
  "inu_med": 1.082777738571167,
  "inu_range": 0.372748267650604,
  "provenance": {
    "md5sum": "b708888eacba42022fd5992391dc0a34",
    "mriqc_pred": 0,
    "settings": {
      "testing": false
    },
    "software": "mriqc",
    "version": "0.9.6",
    "warnings": {
      "large_rot_frame": true,
      "small_air_mask": false
    }
  },
  "qi_1": 0.0,
  "qi_2": 0.006053614979289771,
  "rpve_csf": 44.78838765031571,
  "rpve_gm": 19.55291353416616,
  "rpve_wm": 26.390202539848115,
  "size_x": 256,
  "size_y": 256,
  "size_z": 256,
  "snr_csf": 3.4819332741152094,
  "snr_gm": 11.23589988751181,
  "snr_total": 11.312012066771544,
  "snr_wm": 19.21820303868761,
  "snrd_csf": 23.535981452213637,
  "snrd_gm": 47.346702153250895,
  "snrd_total": 44.773411471786424,
  "snrd_wm": 63.43755080989474,
  "spacing_x": 0.9999999403953552,
  "spacing_y": 1.0,
  "spacing_z": 1.0,
  "summary_bg_k": 5.55332328016676,
  "summary_bg_mad": 10.327288627624512,
  "summary_bg_mean": 16.532079696655273,
  "summary_bg_median": 13.504770278930664,
  "summary_bg_n": 3977734.0,
  "summary_bg_p05": 2.8857246279716495,
  "summary_bg_p95": 40.526138114929175,
  "summary_bg_stdv": 12.751917839050293,
  "summary_csf_k": 1.8285465030091137,
  "summary_csf_mad": 98.37515258789062,
  "summary_csf_mean": 389.7878723144531,
  "summary_csf_median": 371.0111083984375,
  "summary_csf_n": 16822.0,
  "summary_csf_p05": 248.40259704589843,
  "summary_csf_p95": 581.5650604248046,
  "summary_csf_stdv": 106.5500259399414,
  "summary_gm_k": 0.038880790084073524,
  "summary_gm_mad": 65.38430786132812,
  "summary_gm_mean": 748.0924682617188,
  "summary_gm_median": 746.3530883789062,
  "summary_gm_n": 19966.0,
  "summary_gm_p05": 640.4327392578125,
  "summary_gm_p95": 860.5444793701172,
  "summary_gm_stdv": 66.42408752441406,
  "summary_wm_k": 0.4450259486120207,
  "summary_wm_mad": 49.32417297363281,
  "summary_wm_mean": 999.9518432617188,
  "summary_wm_median": 1000.0023193359375,
  "summary_wm_n": 195716.0,
  "summary_wm_p05": 914.4929046630859,
  "summary_wm_p95": 1085.2488098144531,
  "summary_wm_stdv": 52.03398895263672,
  "tpm_overlap_csf": 0.23508530855178833,
  "tpm_overlap_gm": 0.5190860629081726,
  "tpm_overlap_wm": 0.5484050512313843,
  "wm2max": 0.6018606005639872
}