{
  "bids_meta": {
    "EchoTime": 0.03,
    "FlipAngle": 8,
    "MagneticFieldStrength": 3.0,
    "Manufacturer": "Siemens",
    "ManufacturersModelName": "MAGNETOM Trio",
    "ReceiveCoilName": "Siemens 12 channel Head Matrix Coil (Erlangen, Germany)",
    "RepetitionTime": 2.4,
    "modality": "T1w",
    "subject_id": "088"
  },
  "cjv": 0.42239240852423887,
  "cnr": 3.1952333470750265,
  "efc": 0.5908832806502398,
  "fber": 1572.7664794921875,
  "fwhm_avg": 3.476133405532643,
  "fwhm_x": 3.52361,
  "fwhm_y": 3.633910216597928,
  "fwhm_z": 3.27088,
  "icvs_csf": 0.19102219409419416,
  "icvs_gm": 0.4081864385813643,
  "icvs_wm": 0.40079136732444154,
  "inu_med": 1.0925228595733643,
  "inu_range": 0.35580440461635576,
  "provenance": {
    "md5sum": "b9476dc0d5ce13a675134b4f8b4143da",
    "mriqc_pred": 0,
    "settings": {
      "testing": false
    },
    "software": "mriqc",
    "version": "0.9.6",
    "warnings": {
      "large_rot_frame": true,
      "small_air_mask": false
    }
  },
  "qi_1": 0.0,
  "qi_2": 0.007616895211556117,
  "rpve_csf": 45.05561609252447,
  "rpve_gm": 22.318682748812623,
  "rpve_wm": 27.199120159165876,
  "size_x": 256,
  "size_y": 256,
  "size_z": 256,
  "snr_csf": 3.329734400029547,
  "snr_gm": 11.577610615254065,
  "snr_total": 11.566025598192619,
  "snr_wm": 19.790731779294244,
  "snrd_csf": 20.299491716634904,
  "snrd_gm": 39.85440298836286,
  "snrd_total": 38.08419682516226,
  "snrd_wm": 54.09869577048902,
  "spacing_x": 1.0,
  "spacing_y": 0.9999999403953552,
  "spacing_z": 1.0,
  "summary_bg_k": 3.4315745661668107,
  "summary_bg_mad": 12.110071182250977,
  "summary_bg_mean": 18.13669776916504,
  "summary_bg_median": 14.174324035644531,
  "summary_bg_n": 3310846.0,
  "summary_bg_p05": 0.0,
  "summary_bg_p95": 44.568172454833984,
  "summary_bg_stdv": 13.738883972167969,
  "summary_csf_k": 0.9943315310449421,
  "summary_csf_mad": 111.26348876953125,
  "summary_csf_mean": 394.4422302246094,
  "summary_csf_median": 375.23223876953125,
  "summary_csf_n": 16390.0,
  "summary_csf_p05": 242.22747192382812,
  "summary_csf_p95": 597.1398986816405,
  "summary_csf_stdv": 112.68790435791016,
  "summary_gm_k": 0.12712283003688718,
  "summary_gm_mad": 62.64542007446289,
  "summary_gm_mean": 737.190673828125,
  "summary_gm_median": 736.7010498046875,
  "summary_gm_n": 13008.0,
  "summary_gm_p05": 634.820718383789,
  "summary_gm_p95": 844.0045471191406,
  "summary_gm_stdv": 63.62908172607422,
  "summary_wm_k": 0.41773084505383373,
  "summary_wm_mad": 48.57178497314453,
  "summary_wm_mean": 999.8267822265625,
  "summary_wm_median": 1000.0040893554688,
  "summary_wm_n": 211076.0,
  "summary_wm_p05": 916.3901519775391,
  "summary_wm_p95": 1081.9972229003906,
  "summary_wm_stdv": 50.52878952026367,
  "tpm_overlap_csf": 0.23192547261714935,
  "tpm_overlap_gm": 0.5045689344406128,
  "tpm_overlap_wm": 0.5665589570999146,
  "wm2max": 0.6389423108920003
}