{
  "bids_meta": {
    "EchoTime": 0.03,
    "FlipAngle": 8,
    "MagneticFieldStrength": 3.0,
    "Manufacturer": "Siemens",
    "ManufacturersModelName": "MAGNETOM Trio",
    "ReceiveCoilName": "Siemens 12 channel Head Matrix Coil (Erlangen, Germany)",
    "RepetitionTime": 2.4,
    "modality": "T1w",
    "subject_id": "006"
  },
  "cjv": 0.43486704442587565,
  "cnr": 3.0598653235916897,
  "efc": 0.5385059962693491,
  "fber": 1933.757080078125,
  "fwhm_avg": 3.3997566666666663,
  "fwhm_x": 3.46594,
  "fwhm_y": 3.57495,
  "fwhm_z": 3.15838,
  "icvs_csf": 0.1909655271769674,
  "icvs_gm": 0.43498714253429377,
  "icvs_wm": 0.3740473302887388,
  "inu_med": 1.0786185264587402,
  "inu_range": 0.3863184094429015,
  "provenance": {
    "md5sum": "5e7343722b01e7b3d063188d0dcce59b",
    "mriqc_pred": 0,
    "settings": {
      "testing": false
    },
    "software": "mriqc",
    "version": "0.9.6",
    "warnings": {
      "large_rot_frame": true,
      "small_air_mask": false
    }
  },
  "qi_1": 0.0,
  "qi_2": 0.0034878637720210477,
  "rpve_csf": 47.477136589413384,
  "rpve_gm": 22.60537854666768,
  "rpve_wm": 30.549663050354134,
  "size_x": 256,
  "size_y": 256,
  "size_z": 256,
  "snr_csf": 2.9997958798257875,
  "snr_gm": 10.662623599684592,
  "snr_total": 11.338834265228508,
  "snr_wm": 20.35408331617515,
  "snrd_csf": 23.154887772084972,
  "snrd_gm": 46.122092541092776,
  "snrd_total": 43.951441985275444,
  "snrd_wm": 62.57734564264859,
  "spacing_x": 1.0,
  "spacing_y": 1.0,
  "spacing_z": 1.0,
  "summary_bg_k": 71.50368269034819,
  "summary_bg_mad": 10.469191551208496,
  "summary_bg_mean": 16.510038375854492,
  "summary_bg_median": 13.954033851623535,
  "summary_bg_n": 3487806.0,
  "summary_bg_p05": 2.7195048332214355,
  "summary_bg_p95": 39.558454513549805,
  "summary_bg_stdv": 13.919946670532227,
  "summary_csf_k": 1.1189520435080489,
  "summary_csf_mad": 122.49810791015625,
  "summary_csf_mean": 392.02178955078125,
  "summary_csf_median": 370.0190734863281,
  "summary_csf_n": 12101.0,
  "summary_csf_p05": 218.67926025390625,
  "summary_csf_p95": 605.7617797851562,
  "summary_csf_stdv": 123.34298706054688,
  "summary_gm_k": 0.10556443842349816,
  "summary_gm_mad": 67.07412719726562,
  "summary_gm_mean": 737.305419921875,
  "summary_gm_median": 737.0389404296875,
  "summary_gm_n": 16142.0,
  "summary_gm_p05": 624.2963897705079,
  "summary_gm_p95": 851.3438873291014,
  "summary_gm_stdv": 69.1214599609375,
  "summary_wm_k": 0.3295734874728167,
  "summary_wm_mad": 47.27753829956055,
  "summary_wm_mean": 1000.203857421875,
  "summary_wm_median": 999.9967041015625,
  "summary_wm_n": 172510.0,
  "summary_wm_p05": 919.6881713867188,
  "summary_wm_p95": 1080.8771057128906,
  "summary_wm_stdv": 49.129886627197266,
  "tpm_overlap_csf": 0.23146265745162964,
  "tpm_overlap_gm": 0.5102900862693787,
  "tpm_overlap_wm": 0.5496869087219238,
  "wm2max": 0.6547039506320231
}