{
  "aor": 0.003270833333333333,
  "aqi": 0.002496360075757576,
  "bids_meta": {
    "EchoTime": 0.027,
    "FlipAngle": 90,
    "MagneticFieldStrength": 3.0,
    "Manufacturer": "Siemens",
    "ManufacturersModelName": "MAGNETOM Trio",
    "ReceiveCoilName": "Siemens 12 channel Head Matrix Coil (Erlangen, Germany)",
    "RepetitionTime": 2.5,
    "TaskName": "rest",
    "modality": "bold",
    "run_id": "1",
    "subject_id": "093",
    "task_id": "rest"
  },
  "dummy_trs": 0,
  "dvars_nstd": 18.551504091603057,
  "dvars_std": 1.4147891584732817,
  "dvars_vstd": 1.0264852881679387,
  "efc": 0.4368731199625362,
  "fber": 34253.75,
  "fd_mean": 0.05378824411763146,
  "fd_num": 0,
  "fd_perc": 0.0,
  "fwhm_avg": 2.485302693681564,
  "fwhm_x": 2.229055,
  "fwhm_y": 2.789775,
  "fwhm_z": 2.4370780810446933,
  "gcor": 0.0375664,
  "gsr_x": -0.015457944013178349,
  "gsr_y": 0.024613535031676292,
  "provenance": {
    "md5sum": "713ed75f97015cb8464f17916576ea1d",
    "settings": {
      "fd_thres": 0.2,
      "hmc_fsl": false
    },
    "software": "mriqc",
    "version": "0.9.6"
  },
  "size_t": 132,
  "size_x": 64,
  "size_y": 64,
  "size_z": 32,
  "snr": 4.872647187009721,
  "spacing_tr": 2.5,
  "spacing_x": 4.0,
  "spacing_y": 4.0,
  "spacing_z": 3.9999990463256836,
  "summary_bg_k": 24.91216735829633,
  "summary_bg_mad": 2.9988999366760254,
  "summary_bg_mean": 23.720783233642578,
  "summary_bg_median": 4.583333492279053,
  "summary_bg_n": 82507.0,
  "summary_bg_p05": 1.871212124824524,
  "summary_bg_p95": 139.84849548339844,
  "summary_bg_stdv": 56.37494659423828,
  "summary_fg_k": 3.8997152350105564,
  "summary_fg_mad": 131.42938232421875,
  "summary_fg_mean": 866.9368896484375,
  "summary_fg_median": 884.587158203125,
  "summary_fg_n": 21732.0,
  "summary_fg_p05": 521.4996459960937,
  "summary_fg_p95": 1099.2450805664062,
  "summary_fg_stdv": 181.53721618652344,
  "tsnr": 109.81546783447266
}