{
  "aor": 0.0037186923076923074,
  "aqi": 0.003514571615384615,
  "bids_meta": {
    "EchoTime": 0.027,
    "FlipAngle": 90,
    "MagneticFieldStrength": 3.0,
    "Manufacturer": "Siemens",
    "ManufacturersModelName": "MAGNETOM Trio",
    "ReceiveCoilName": "Siemens 12 channel Head Matrix Coil (Erlangen, Germany)",
    "RepetitionTime": 2.5,
    "TaskName": "rest",
    "modality": "bold",
    "run_id": "2",
    "subject_id": "017",
    "task_id": "rest"
  },
  "dummy_trs": 0,
  "dvars_nstd": 17.57741997573644,
  "dvars_std": 1.201238349767442,
  "dvars_vstd": 1.0173984703100778,
  "efc": 0.4123940372090282,
  "fber": 45045.734375,
  "fd_mean": 0.09821782260852689,
  "fd_num": 9,
  "fd_perc": 6.923076923076923,
  "fwhm_avg": 2.635657143204099,
  "fwhm_x": 2.376155,
  "fwhm_y": 3.132325,
  "fwhm_z": 2.3984914296122963,
  "gcor": 0.127323,
  "gsr_x": -0.024149490520358086,
  "gsr_y": 0.018841398879885674,
  "provenance": {
    "md5sum": "06bf2b7fe4de5f1a5314d78785383417",
    "settings": {
      "fd_thres": 0.2,
      "hmc_fsl": false
    },
    "software": "mriqc",
    "version": "0.9.6"
  },
  "size_t": 130,
  "size_x": 64,
  "size_y": 64,
  "size_z": 32,
  "snr": 4.7358059123483285,
  "spacing_tr": 2.5,
  "spacing_x": 4.0,
  "spacing_y": 4.0,
  "spacing_z": 3.999997615814209,
  "summary_bg_k": 30.554826248837188,
  "summary_bg_mad": 2.09845232963562,
  "summary_bg_mean": 17.582294464111328,
  "summary_bg_median": 3.4076921939849854,
  "summary_bg_n": 85292.0,
  "summary_bg_p05": 1.6230769157409668,
  "summary_bg_p95": 89.0923080444336,
  "summary_bg_stdv": 51.25148391723633,
  "summary_fg_k": 3.3365130228869537,
  "summary_fg_mad": 105.29896545410156,
  "summary_fg_mean": 726.5360107421875,
  "summary_fg_median": 757.2692260742188,
  "summary_fg_n": 19249.0,
  "summary_fg_p05": 385.69846801757814,
  "summary_fg_p95": 914.3092163085937,
  "summary_fg_stdv": 159.89877319335938,
  "tsnr": 80.61168670654297
}