{
  "aor": 0.0027912030075187967,
  "aqi": 0.0036739969172932337,
  "bids_meta": {
    "EchoTime": 0.027,
    "FlipAngle": 90,
    "MagneticFieldStrength": 3.0,
    "Manufacturer": "Siemens",
    "ManufacturersModelName": "MAGNETOM Trio",
    "ReceiveCoilName": "Siemens 12 channel Head Matrix Coil (Erlangen, Germany)",
    "RepetitionTime": 2.5,
    "TaskName": "rest",
    "modality": "bold",
    "run_id": "1",
    "subject_id": "043",
    "task_id": "rest"
  },
  "dummy_trs": 0,
  "dvars_nstd": 19.747529362121217,
  "dvars_std": 1.3416111915909077,
  "dvars_vstd": 1.004455692272727,
  "efc": 0.3770415236989605,
  "fber": 43141.04296875,
  "fd_mean": 0.1060563335671929,
  "fd_num": 13,
  "fd_perc": 9.774436090225564,
  "fwhm_avg": 2.3570639036740806,
  "fwhm_x": 2.24315,
  "fwhm_y": 2.6219,
  "fwhm_z": 2.2061417110222417,
  "gcor": 0.0262668,
  "gsr_x": -0.012331781908869743,
  "gsr_y": 0.009650993160903454,
  "provenance": {
    "md5sum": "c81ee526129febf87203449588fe0133",
    "settings": {
      "fd_thres": 0.2,
      "hmc_fsl": false
    },
    "software": "mriqc",
    "version": "0.9.6"
  },
  "size_t": 133,
  "size_x": 64,
  "size_y": 64,
  "size_z": 32,
  "snr": 4.9842944585636815,
  "spacing_tr": 2.5,
  "spacing_x": 4.0,
  "spacing_y": 4.0,
  "spacing_z": 4.000001430511475,
  "summary_bg_k": 86.28984324219759,
  "summary_bg_mad": 1.7166974544525146,
  "summary_bg_mean": 8.90947437286377,
  "summary_bg_median": 2.6917293071746826,
  "summary_bg_n": 88112.0,
  "summary_bg_p05": 0.902255654335022,
  "summary_bg_p95": 35.060150146484375,
  "summary_bg_stdv": 24.76264190673828,
  "summary_fg_k": 3.866994850595355,
  "summary_fg_mad": 83.97325897216797,
  "summary_fg_mean": 571.222900390625,
  "summary_fg_median": 581.0075073242188,
  "summary_fg_n": 17151.0,
  "summary_fg_p05": 354.1616516113281,
  "summary_fg_p95": 726.206787109375,
  "summary_fg_stdv": 116.56425476074219,
  "tsnr": 91.5152816772461
}