{
  "aor": 0.0015787121212121212,
  "aqi": 0.003096405757575757,
  "bids_meta": {
    "EchoTime": 0.027,
    "FlipAngle": 90,
    "MagneticFieldStrength": 3.0,
    "Manufacturer": "Siemens",
    "ManufacturersModelName": "MAGNETOM Trio",
    "ReceiveCoilName": "Siemens 12 channel Head Matrix Coil (Erlangen, Germany)",
    "RepetitionTime": 2.5,
    "TaskName": "rest",
    "modality": "bold",
    "run_id": "2",
    "subject_id": "092",
    "task_id": "rest"
  },
  "dummy_trs": 0,
  "dvars_nstd": 15.365189006488547,
  "dvars_std": 1.2697040778625959,
  "dvars_vstd": 0.973038415114504,
  "efc": 0.4484482839096419,
  "fber": 34769.71484375,
  "fd_mean": 0.08630503241703405,
  "fd_num": 3,
  "fd_perc": 2.272727272727273,
  "fwhm_avg": 2.436320976702348,
  "fwhm_x": 2.12288,
  "fwhm_y": 2.78075,
  "fwhm_z": 2.4053329301070447,
  "gcor": 0.0230895,
  "gsr_x": -0.013377254828810692,
  "gsr_y": 0.01948877051472664,
  "provenance": {
    "md5sum": "9f3ec1e6565d52589b16d1bf5672baa2",
    "settings": {
      "fd_thres": 0.2,
      "hmc_fsl": false
    },
    "software": "mriqc",
    "version": "0.9.6"
  },
  "size_t": 132,
  "size_x": 64,
  "size_y": 64,
  "size_z": 32,
  "snr": 5.267626301805024,
  "spacing_tr": 2.5,
  "spacing_x": 4.0,
  "spacing_y": 4.0,
  "spacing_z": 3.9999992847442627,
  "summary_bg_k": 42.450998910707135,
  "summary_bg_mad": 3.2123045921325684,
  "summary_bg_mean": 19.40929412841797,
  "summary_bg_median": 4.590909004211426,
  "summary_bg_n": 79942.0,
  "summary_bg_p05": 1.772727370262146,
  "summary_bg_p95": 96.37879180908203,
  "summary_bg_stdv": 45.7175178527832,
  "summary_fg_k": 4.223737551506467,
  "summary_fg_mad": 127.36904907226562,
  "summary_fg_mean": 889.2979736328125,
  "summary_fg_median": 894.602294921875,
  "summary_fg_n": 24164.0,
  "summary_fg_p05": 623.4341217041016,
  "summary_fg_p95": 1131.5303955078125,
  "summary_fg_stdv": 169.8267364501953,
  "tsnr": 103.75642395019531
}