{
  "aor": 0.003099624060150375,
  "aqi": 0.005604036766917293,
  "bids_meta": {
    "EchoTime": 0.027,
    "FlipAngle": 90,
    "MagneticFieldStrength": 3.0,
    "Manufacturer": "Siemens",
    "ManufacturersModelName": "MAGNETOM Trio",
    "ReceiveCoilName": "Siemens 12 channel Head Matrix Coil (Erlangen, Germany)",
    "RepetitionTime": 2.5,
    "TaskName": "rest",
    "modality": "bold",
    "run_id": "1",
    "subject_id": "037",
    "task_id": "rest"
  },
  "dummy_trs": 0,
  "dvars_nstd": 21.293224204318182,
  "dvars_std": 1.3439063065909091,
  "dvars_vstd": 0.9632125409090904,
  "efc": 0.4100265604222317,
  "fber": 45654.4609375,
  "fd_mean": 0.1298491227409318,
  "fd_num": 15,
  "fd_perc": 11.278195488721805,
  "fwhm_avg": 2.4351903688599434,
  "fwhm_x": 2.222305,
  "fwhm_y": 2.7626,
  "fwhm_z": 2.3206661065798313,
  "gcor": 0.010038,
  "gsr_x": -0.01012041699141264,
  "gsr_y": 0.03644120693206787,
  "provenance": {
    "md5sum": "2312abf957991d40e024d35048755058",
    "settings": {
      "fd_thres": 0.2,
      "hmc_fsl": false
    },
    "software": "mriqc",
    "version": "0.9.6"
  },
  "size_t": 133,
  "size_x": 64,
  "size_y": 64,
  "size_z": 32,
  "snr": 5.268793363026955,
  "spacing_tr": 2.5,
  "spacing_x": 4.0,
  "spacing_y": 4.0,
  "spacing_z": 3.999998092651367,
  "summary_bg_k": 51.795461310132715,
  "summary_bg_mad": 2.095708131790161,
  "summary_bg_mean": 14.474496841430664,
  "summary_bg_median": 3.6917293071746826,
  "summary_bg_n": 85191.0,
  "summary_bg_p05": 1.796992540359497,
  "summary_bg_p95": 70.45488739013672,
  "summary_bg_stdv": 38.46095275878906,
  "summary_fg_k": 3.8298030012820066,
  "summary_fg_mad": 120.09638977050781,
  "summary_fg_mean": 810.4367065429688,
  "summary_fg_median": 821.7481689453125,
  "summary_fg_n": 20094.0,
  "summary_fg_p05": 546.0548767089844,
  "summary_fg_p95": 1026.3748718261718,
  "summary_fg_stdv": 155.96127319335938,
  "tsnr": 77.85380554199219
}