{
  "bids_meta": {
    "EchoTime": 0.03,
    "FlipAngle": 8,
    "MagneticFieldStrength": 3.0,
    "Manufacturer": "Siemens",
    "ManufacturersModelName": "MAGNETOM Trio",
    "ReceiveCoilName": "Siemens 12 channel Head Matrix Coil (Erlangen, Germany)",
    "RepetitionTime": 2.4,
    "modality": "T1w",
    "subject_id": "075"
  },
  "cjv": 0.4030569359081769,
  "cnr": 3.3118859954992823,
  "efc": 0.58129479965518,
  "fber": 1817.2823486328125,
  "fwhm_avg": 3.64818,
  "fwhm_x": 3.70235,
  "fwhm_y": 3.85125,
  "fwhm_z": 3.39094,
  "icvs_csf": 0.18902816645668027,
  "icvs_gm": 0.4168454995771691,
  "icvs_wm": 0.3941263339661506,
  "inu_med": 1.0208733081817627,
  "inu_range": 0.4062129020690919,
  "provenance": {
    "md5sum": "3aff04159421d0f97f048d790e757471",
    "mriqc_pred": 0,
    "settings": {
      "testing": false
    },
    "software": "mriqc",
    "version": "0.9.6",
    "warnings": {
      "large_rot_frame": true,
      "small_air_mask": false
    }
  },
  "qi_1": 0.0,
  "qi_2": 0.026313840520057294,
  "rpve_csf": 37.27008208801908,
  "rpve_gm": 17.98437393366315,
  "rpve_wm": 22.414019309188788,
  "size_x": 256,
  "size_y": 256,
  "size_z": 256,
  "snr_csf": 3.002394186813711,
  "snr_gm": 11.901882784627293,
  "snr_total": 11.336994591891917,
  "snr_wm": 19.106706804234754,
  "snrd_csf": 21.060408621170023,
  "snrd_gm": 39.62551598957353,
  "snrd_total": 38.33662857878584,
  "snrd_wm": 54.32396112561398,
  "spacing_x": 1.0,
  "spacing_y": 1.0,
  "spacing_z": 1.0,
  "summary_bg_k": 5.3007720078709575,
  "summary_bg_mad": 12.059869766235352,
  "summary_bg_mean": 16.754167556762695,
  "summary_bg_median": 13.531731605529785,
  "summary_bg_n": 4282134.0,
  "summary_bg_p05": 0.0,
  "summary_bg_p95": 42.00875492095947,
  "summary_bg_stdv": 13.38715934753418,
  "summary_csf_k": 0.19444299810227905,
  "summary_csf_mad": 134.7982177734375,
  "summary_csf_mean": 402.089111328125,
  "summary_csf_median": 387.683837890625,
  "summary_csf_n": 23096.0,
  "summary_csf_p05": 214.8907470703125,
  "summary_csf_p95": 623.4872283935547,
  "summary_csf_stdv": 129.12210083007812,
  "summary_gm_k": 0.25325631793083625,
  "summary_gm_mad": 59.49113464355469,
  "summary_gm_mean": 731.255859375,
  "summary_gm_median": 729.4337158203125,
  "summary_gm_n": 22567.0,
  "summary_gm_p05": 632.9571105957032,
  "summary_gm_p95": 834.9593078613282,
  "summary_gm_stdv": 61.28589630126953,
  "summary_wm_k": 0.5204790180270682,
  "summary_wm_mad": 49.56464767456055,
  "summary_wm_mean": 1000.358642578125,
  "summary_wm_median": 1000.00537109375,
  "summary_wm_n": 256133.0,
  "summary_wm_p05": 914.8738159179687,
  "summary_wm_p95": 1086.5281249999998,
  "summary_wm_stdv": 52.33782196044922,
  "tpm_overlap_csf": 0.22981977462768555,
  "tpm_overlap_gm": 0.5113354325294495,
  "tpm_overlap_wm": 0.566986083984375,
  "wm2max": 0.597791235675686
}