{
  "aor": 0.00174719696969697,
  "aqi": 0.0019785607575757576,
  "bids_meta": {
    "EchoTime": 0.027,
    "FlipAngle": 90,
    "MagneticFieldStrength": 3.0,
    "Manufacturer": "Siemens",
    "ManufacturersModelName": "MAGNETOM Trio",
    "ReceiveCoilName": "Siemens 12 channel Head Matrix Coil (Erlangen, Germany)",
    "RepetitionTime": 2.5,
    "TaskName": "rest",
    "modality": "bold",
    "run_id": "2",
    "subject_id": "097",
    "task_id": "rest"
  },
  "dummy_trs": 0,
  "dvars_nstd": 18.07114594610687,
  "dvars_std": 1.5190557178625952,
  "dvars_vstd": 1.0005225244274814,
  "efc": 0.4127716866401498,
  "fber": 44644.71484375,
  "fd_mean": 0.052264276053969286,
  "fd_num": 1,
  "fd_perc": 0.7575757575757576,
  "fwhm_avg": 2.5833864222240686,
  "fwhm_x": 2.3148725,
  "fwhm_y": 2.9653,
  "fwhm_z": 2.4699867666722057,
  "gcor": 0.0192783,
  "gsr_x": -0.0128105403855443,
  "gsr_y": 0.020806504413485527,
  "provenance": {
    "md5sum": "1ceafc2f8945e10f6bda0756974481e3",
    "settings": {
      "fd_thres": 0.2,
      "hmc_fsl": false
    },
    "software": "mriqc",
    "version": "0.9.6"
  },
  "size_t": 132,
  "size_x": 64,
  "size_y": 64,
  "size_z": 32,
  "snr": 4.3684733501159565,
  "spacing_tr": 2.5,
  "spacing_x": 4.0,
  "spacing_y": 4.0,
  "spacing_z": 3.999997138977051,
  "summary_bg_k": 36.87127951824243,
  "summary_bg_mad": 2.4934675693511963,
  "summary_bg_mean": 18.61713981628418,
  "summary_bg_median": 3.901515245437622,
  "summary_bg_n": 84356.0,
  "summary_bg_p05": 1.5530303716659546,
  "summary_bg_p95": 105.30681991577148,
  "summary_bg_stdv": 48.82704162597656,
  "summary_fg_k": 3.1989661225323163,
  "summary_fg_mad": 131.02496337890625,
  "summary_fg_mean": 826.2669677734375,
  "summary_fg_median": 860.8636474609375,
  "summary_fg_n": 20084.0,
  "summary_fg_p05": 394.279931640625,
  "summary_fg_p95": 1063.2670288085938,
  "summary_fg_stdv": 197.0579071044922,
  "tsnr": 123.20751953125
}