{
  "bids_meta": {
    "EchoTime": 0.03,
    "FlipAngle": 8,
    "MagneticFieldStrength": 3.0,
    "Manufacturer": "Siemens",
    "ManufacturersModelName": "MAGNETOM Trio",
    "ReceiveCoilName": "Siemens 12 channel Head Matrix Coil (Erlangen, Germany)",
    "RepetitionTime": 2.4,
    "modality": "T1w",
    "subject_id": "001"
  },
  "cjv": 0.4379876802136979,
  "cnr": 3.032966210768509,
  "efc": 0.5513924953037046,
  "fber": 2010.71337890625,
  "fwhm_avg": 3.3523599999999996,
  "fwhm_x": 3.40486,
  "fwhm_y": 3.51008,
  "fwhm_z": 3.14214,
  "icvs_csf": 0.1798599466693001,
  "icvs_gm": 0.43554715009790873,
  "icvs_wm": 0.3845929032327912,
  "inu_med": 1.0034435987472534,
  "inu_range": 0.33813369274139393,
  "provenance": {
    "md5sum": "f5b5b0d8ea041feac571bdc4a2fa830c",
    "mriqc_pred": 0,
    "settings": {
      "testing": false
    },
    "software": "mriqc",
    "version": "0.9.6",
    "warnings": {
      "large_rot_frame": true,
      "small_air_mask": false
    }
  },
  "qi_1": 0.0,
  "qi_2": 0.005492913429600108,
  "rpve_csf": 51.365948409661584,
  "rpve_gm": 23.39179539636194,
  "rpve_wm": 30.732251491455852,
  "size_x": 256,
  "size_y": 256,
  "size_z": 256,
  "snr_csf": 2.81266969472126,
  "snr_gm": 10.935311621127736,
  "snr_total": 11.135481532157682,
  "snr_wm": 19.658463280624048,
  "snrd_csf": 25.483258526328644,
  "snrd_gm": 44.38907463509457,
  "snrd_total": 43.28642820498107,
  "snrd_wm": 59.98695145352001,
  "spacing_x": 1.0,
  "spacing_y": 1.0,
  "spacing_z": 1.0,
  "summary_bg_k": 4.326389993680047,
  "summary_bg_mad": 10.92140007019043,
  "summary_bg_mean": 18.021312713623047,
  "summary_bg_median": 15.356192588806152,
  "summary_bg_n": 3208090.0,
  "summary_bg_p05": 2.9514098167419434,
  "summary_bg_p95": 43.777000045776354,
  "summary_bg_stdv": 13.546768188476562,
  "summary_csf_k": 17.4068540720624,
  "summary_csf_mad": 149.48890686035156,
  "summary_csf_mean": 441.3489074707031,
  "summary_csf_median": 424.8166809082031,
  "summary_csf_n": 11843.0,
  "summary_csf_p05": 245.35796966552735,
  "summary_csf_p95": 665.6643127441406,
  "summary_csf_stdv": 151.0304412841797,
  "summary_gm_k": 0.12560882561355857,
  "summary_gm_mad": 65.7503433227539,
  "summary_gm_mean": 742.3020629882812,
  "summary_gm_median": 739.984619140625,
  "summary_gm_n": 17234.0,
  "summary_gm_p05": 636.0603668212891,
  "summary_gm_p95": 859.898370361328,
  "summary_gm_stdv": 67.66731262207031,
  "summary_wm_k": 0.3987028860507662,
  "summary_wm_mad": 48.13661193847656,
  "summary_wm_mean": 999.5485229492188,
  "summary_wm_median": 1000.0078125,
  "summary_wm_n": 183224.0,
  "summary_wm_p05": 914.5529907226562,
  "summary_wm_p95": 1082.3432678222657,
  "summary_wm_stdv": 50.868934631347656,
  "tpm_overlap_csf": 0.22832198441028595,
  "tpm_overlap_gm": 0.520992636680603,
  "tpm_overlap_wm": 0.5606204867362976,
  "wm2max": 0.6477078993372963
}