{
  "aor": 0.001971212121212121,
  "aqi": 0.004486242954545455,
  "bids_meta": {
    "EchoTime": 0.027,
    "FlipAngle": 90,
    "MagneticFieldStrength": 3.0,
    "Manufacturer": "Siemens",
    "ManufacturersModelName": "MAGNETOM Trio",
    "ReceiveCoilName": "Siemens 12 channel Head Matrix Coil (Erlangen, Germany)",
    "RepetitionTime": 2.5,
    "TaskName": "rest",
    "modality": "bold",
    "run_id": "2",
    "subject_id": "120",
    "task_id": "rest"
  },
  "dummy_trs": 0,
  "dvars_nstd": 17.24170537076336,
  "dvars_std": 1.2967745934351151,
  "dvars_vstd": 0.990182577557252,
  "efc": 0.39322496641805477,
  "fber": 47005.484375,
  "fd_mean": 0.0813353576925854,
  "fd_num": 4,
  "fd_perc": 3.0303030303030303,
  "fwhm_avg": 2.553260640098101,
  "fwhm_x": 2.368545,
  "fwhm_y": 2.859775,
  "fwhm_z": 2.4314619202943035,
  "gcor": 0.0596084,
  "gsr_x": -0.013809137046337128,
  "gsr_y": 0.008155521005392075,
  "provenance": {
    "md5sum": "daab08a39486e2323959b13152ef7069",
    "settings": {
      "fd_thres": 0.2,
      "hmc_fsl": false
    },
    "software": "mriqc",
    "version": "0.9.6"
  },
  "size_t": 132,
  "size_x": 64,
  "size_y": 64,
  "size_z": 32,
  "snr": 5.035210800956284,
  "spacing_tr": 2.5,
  "spacing_x": 4.0,
  "spacing_y": 4.0,
  "spacing_z": 4.000000953674316,
  "summary_bg_k": 41.06801967112941,
  "summary_bg_mad": 2.5720903873443604,
  "summary_bg_mean": 15.56584644317627,
  "summary_bg_median": 3.9772727489471436,
  "summary_bg_n": 86538.0,
  "summary_bg_p05": 1.6666667461395264,
  "summary_bg_p95": 74.45681686401359,
  "summary_bg_stdv": 39.04521942138672,
  "summary_fg_k": 4.695935812506305,
  "summary_fg_mad": 120.48953247070312,
  "summary_fg_mean": 873.5108032226562,
  "summary_fg_median": 894.2083740234375,
  "summary_fg_n": 18648.0,
  "summary_fg_p05": 530.9,
  "summary_fg_p95": 1092.509161376953,
  "summary_fg_stdv": 177.58628845214844,
  "tsnr": 94.24800109863281
}