{
  "aor": 0.0021375757575757574,
  "aqi": 0.004696925378787878,
  "bids_meta": {
    "EchoTime": 0.027,
    "FlipAngle": 90,
    "MagneticFieldStrength": 3.0,
    "Manufacturer": "Siemens",
    "ManufacturersModelName": "MAGNETOM Trio",
    "ReceiveCoilName": "Siemens 12 channel Head Matrix Coil (Erlangen, Germany)",
    "RepetitionTime": 2.5,
    "TaskName": "rest",
    "modality": "bold",
    "run_id": "2",
    "subject_id": "060",
    "task_id": "rest"
  },
  "dummy_trs": 0,
  "dvars_nstd": 19.321164094656485,
  "dvars_std": 1.2959692834351146,
  "dvars_vstd": 0.9867664205343513,
  "efc": 0.4128272266875666,
  "fber": 47139.203125,
  "fd_mean": 0.13550207474038548,
  "fd_num": 30,
  "fd_perc": 22.727272727272727,
  "fwhm_avg": 2.5162881438291524,
  "fwhm_x": 2.222125,
  "fwhm_y": 2.942225,
  "fwhm_z": 2.384514431487457,
  "gcor": 0.0247501,
  "gsr_x": -0.015467037446796894,
  "gsr_y": 0.019401755183935165,
  "provenance": {
    "md5sum": "604a050d546903aa1c2d7ac3f10f463a",
    "settings": {
      "fd_thres": 0.2,
      "hmc_fsl": false
    },
    "software": "mriqc",
    "version": "0.9.6"
  },
  "size_t": 132,
  "size_x": 64,
  "size_y": 64,
  "size_z": 32,
  "snr": 5.405008473178979,
  "spacing_tr": 2.5,
  "spacing_x": 4.0,
  "spacing_y": 4.0,
  "spacing_z": 4.000000953674316,
  "summary_bg_k": 37.059331175959066,
  "summary_bg_mad": 2.392380714416504,
  "summary_bg_mean": 15.65805721282959,
  "summary_bg_median": 3.340909242630005,
  "summary_bg_n": 84165.0,
  "summary_bg_p05": 1.2803031206130981,
  "summary_bg_p95": 82.00757598876953,
  "summary_bg_stdv": 37.28912353515625,
  "summary_fg_k": 4.652594248018305,
  "summary_fg_mad": 100.40142059326172,
  "summary_fg_mean": 742.23291015625,
  "summary_fg_median": 756.98486328125,
  "summary_fg_n": 20253.0,
  "summary_fg_p05": 486.3106262207031,
  "summary_fg_p95": 920.6682006835936,
  "summary_fg_stdv": 140.0490264892578,
  "tsnr": 87.43846130371094
}