{
  "aor": 0.0019417293233082705,
  "aqi": 0.004461883533834587,
  "bids_meta": {
    "EchoTime": 0.027,
    "FlipAngle": 90,
    "MagneticFieldStrength": 3.0,
    "Manufacturer": "Siemens",
    "ManufacturersModelName": "MAGNETOM Trio",
    "ReceiveCoilName": "Siemens 12 channel Head Matrix Coil (Erlangen, Germany)",
    "RepetitionTime": 2.5,
    "TaskName": "rest",
    "modality": "bold",
    "run_id": "2",
    "subject_id": "036",
    "task_id": "rest"
  },
  "dummy_trs": 0,
  "dvars_nstd": 18.479664217045464,
  "dvars_std": 1.2817003981060613,
  "dvars_vstd": 0.9873451120454546,
  "efc": 0.3798343210755578,
  "fber": 48690.72265625,
  "fd_mean": 0.13166340299333842,
  "fd_num": 14,
  "fd_perc": 10.526315789473685,
  "fwhm_avg": 2.5974740323946377,
  "fwhm_x": 2.38217,
  "fwhm_y": 2.9765751774177063,
  "fwhm_z": 2.433676919766207,
  "gcor": 0.0233407,
  "gsr_x": -0.014261835254728794,
  "gsr_y": 0.011707029305398464,
  "provenance": {
    "md5sum": "c6f3757e80e75c6a737fec0a5f7cee35",
    "settings": {
      "fd_thres": 0.2,
      "hmc_fsl": false
    },
    "software": "mriqc",
    "version": "0.9.6"
  },
  "size_t": 133,
  "size_x": 64,
  "size_y": 64,
  "size_z": 32,
  "snr": 5.103474431289667,
  "spacing_tr": 2.5,
  "spacing_x": 4.0,
  "spacing_y": 3.999999761581421,
  "spacing_z": 4.000000953674316,
  "summary_bg_k": 84.54367035667431,
  "summary_bg_mad": 1.9396452903747559,
  "summary_bg_mean": 11.521469116210938,
  "summary_bg_median": 3.27819561958313,
  "summary_bg_n": 87828.0,
  "summary_bg_p05": 1.4736841917037964,
  "summary_bg_p95": 47.92969951629634,
  "summary_bg_stdv": 30.551780700683594,
  "summary_fg_k": 4.44181509618328,
  "summary_fg_mad": 97.3111572265625,
  "summary_fg_mean": 728.5621948242188,
  "summary_fg_median": 749.981201171875,
  "summary_fg_n": 17424.0,
  "summary_fg_p05": 435.2943695068359,
  "summary_fg_p95": 908.0579284667967,
  "summary_fg_stdv": 146.9508056640625,
  "tsnr": 86.54928588867188
}