{
  "bids_meta": {
    "EchoTime": 0.03,
    "FlipAngle": 8,
    "MagneticFieldStrength": 3.0,
    "Manufacturer": "Siemens",
    "ManufacturersModelName": "MAGNETOM Trio",
    "ReceiveCoilName": "Siemens 12 channel Head Matrix Coil (Erlangen, Germany)",
    "RepetitionTime": 2.4,
    "modality": "T1w",
    "subject_id": "084"
  },
  "cjv": 0.5050642550054125,
  "cnr": 2.6567229769347844,
  "efc": 0.5607871051407479,
  "fber": 1543.677734375,
  "fwhm_avg": 3.506170071046357,
  "fwhm_x": 3.57588021313907,
  "fwhm_y": 3.67146,
  "fwhm_z": 3.27117,
  "icvs_csf": 0.17416534596881095,
  "icvs_gm": 0.44388864658763116,
  "icvs_wm": 0.3819460074435579,
  "inu_med": 1.062839150428772,
  "inu_range": 0.5015416860580446,
  "provenance": {
    "md5sum": "6d773757ebeefc65231accab632ad662",
    "mriqc_pred": 0,
    "settings": {
      "testing": false
    },
    "software": "mriqc",
    "version": "0.9.6",
    "warnings": {
      "large_rot_frame": true,
      "small_air_mask": false
    }
  },
  "qi_1": 0.0,
  "qi_2": 0.006898830717780613,
  "rpve_csf": 43.0946804502547,
  "rpve_gm": 18.792112279050723,
  "rpve_wm": 24.794935223153267,
  "size_x": 256,
  "size_y": 256,
  "size_z": 256,
  "snr_csf": 2.470301459665431,
  "snr_gm": 10.546162989133038,
  "snr_total": 9.66708096164334,
  "snr_wm": 15.984778436131549,
  "snrd_csf": 19.123489858316443,
  "snrd_gm": 37.84077290969765,
  "snrd_total": 35.89772929581398,
  "snrd_wm": 50.72892511942784,
  "spacing_x": 0.9999999403953552,
  "spacing_y": 1.0,
  "spacing_z": 1.0,
  "summary_bg_k": 4.697681749201099,
  "summary_bg_mad": 12.914725303649902,
  "summary_bg_mean": 19.66425132751465,
  "summary_bg_median": 16.47334098815918,
  "summary_bg_n": 3809037.0,
  "summary_bg_p05": 3.185787296295166,
  "summary_bg_p95": 48.56418609619138,
  "summary_bg_stdv": 15.119133949279785,
  "summary_csf_k": 1.2372755768170576,
  "summary_csf_mad": 142.97012329101562,
  "summary_csf_mean": 416.4291076660156,
  "summary_csf_median": 376.98199462890625,
  "summary_csf_n": 13378.0,
  "summary_csf_p05": 228.34951095581056,
  "summary_csf_p95": 701.7688201904297,
  "summary_csf_stdv": 152.59996032714844,
  "summary_gm_k": 0.2679465658231326,
  "summary_gm_mad": 67.84452819824219,
  "summary_gm_mean": 749.32421875,
  "summary_gm_median": 745.9564208984375,
  "summary_gm_n": 19268.0,
  "summary_gm_p05": 638.1004211425782,
  "summary_gm_p95": 872.0566467285156,
  "summary_gm_stdv": 70.73065948486328,
  "summary_wm_k": 0.2295163802779796,
  "summary_wm_mad": 60.47440719604492,
  "summary_wm_mean": 999.2239990234375,
  "summary_wm_median": 1000.02099609375,
  "summary_wm_n": 199748.0,
  "summary_wm_p05": 894.4528594970703,
  "summary_wm_p95": 1100.772198486328,
  "summary_wm_stdv": 62.560672760009766,
  "tpm_overlap_csf": 0.23483386635780334,
  "tpm_overlap_gm": 0.5119614601135254,
  "tpm_overlap_wm": 0.5362799763679504,
  "wm2max": 0.5969991883209639
}