{
  "bids_meta": {
    "EchoTime": 0.03,
    "FlipAngle": 8,
    "MagneticFieldStrength": 3.0,
    "Manufacturer": "Siemens",
    "ManufacturersModelName": "MAGNETOM Trio",
    "ReceiveCoilName": "Siemens 12 channel Head Matrix Coil (Erlangen, Germany)",
    "RepetitionTime": 2.4,
    "modality": "T1w",
    "subject_id": "093"
  },
  "cjv": 0.43453914313062747,
  "cnr": 2.9764844821315335,
  "efc": 0.5900944818199773,
  "fber": 1322.6859130859375,
  "fwhm_avg": 3.377383333333333,
  "fwhm_x": 3.37262,
  "fwhm_y": 3.59411,
  "fwhm_z": 3.16542,
  "icvs_csf": 0.18864884798434214,
  "icvs_gm": 0.42319721604737726,
  "icvs_wm": 0.3881539359682806,
  "inu_med": 0.9849165081977844,
  "inu_range": 0.437173330783844,
  "provenance": {
    "md5sum": "7405ec0683ded30a4c3fb0611cb1ea92",
    "mriqc_pred": 0,
    "settings": {
      "testing": false
    },
    "software": "mriqc",
    "version": "0.9.6",
    "warnings": {
      "large_rot_frame": true,
      "small_air_mask": false
    }
  },
  "qi_1": 0.0,
  "qi_2": 0.005532150324988749,
  "rpve_csf": 24.667212615960278,
  "rpve_gm": 11.980808877319323,
  "rpve_wm": 16.072941344890694,
  "size_x": 176,
  "size_y": 256,
  "size_z": 256,
  "snr_csf": 2.39346471737274,
  "snr_gm": 7.8013894457462625,
  "snr_total": 9.018402375081406,
  "snr_wm": 16.860352962125216,
  "snrd_csf": 24.383768559635033,
  "snrd_gm": 40.17409066951539,
  "snrd_total": 41.13791460341077,
  "snrd_wm": 58.8558845810819,
  "spacing_x": 1.0,
  "spacing_y": 1.0,
  "spacing_z": 1.0,
  "summary_bg_k": 4.928142196808044,
  "summary_bg_mad": 11.131332397460938,
  "summary_bg_mean": 18.832368850708008,
  "summary_bg_median": 15.754384994506836,
  "summary_bg_n": 3709938.0,
  "summary_bg_p05": 2.9213539004325866,
  "summary_bg_p95": 45.587409210205074,
  "summary_bg_stdv": 14.125885009765625,
  "summary_csf_k": 10.609111909995434,
  "summary_csf_mad": 165.40208435058594,
  "summary_csf_mean": 388.03350830078125,
  "summary_csf_median": 414.30126953125,
  "summary_csf_n": 8115.0,
  "summary_csf_p05": 130.3940414428711,
  "summary_csf_p95": 601.1546081542967,
  "summary_csf_stdv": 173.08621215820312,
  "summary_gm_k": 0.5031227527671018,
  "summary_gm_mad": 81.6117172241211,
  "summary_gm_mean": 689.4031372070312,
  "summary_gm_median": 682.5924682617188,
  "summary_gm_n": 22059.0,
  "summary_gm_p05": 557.4353515625,
  "summary_gm_p95": 846.1839660644531,
  "summary_gm_stdv": 87.4942855834961,
  "summary_wm_k": 0.3906589626061163,
  "summary_wm_mad": 56.319610595703125,
  "summary_wm_mean": 999.2366333007812,
  "summary_wm_median": 1000.0122680664062,
  "summary_wm_n": 249159.0,
  "summary_wm_p05": 900.2172119140625,
  "summary_wm_p95": 1095.3369384765624,
  "summary_wm_stdv": 59.31134796142578,
  "tpm_overlap_csf": 0.21444329619407654,
  "tpm_overlap_gm": 0.5084899663925171,
  "tpm_overlap_wm": 0.5626181364059448,
  "wm2max": 0.5965158313828148
}