{
  "aor": 0.0009658646616541352,
  "aqi": 0.0064211105263157885,
  "bids_meta": {
    "EchoTime": 0.027,
    "FlipAngle": 90,
    "MagneticFieldStrength": 3.0,
    "Manufacturer": "Siemens",
    "ManufacturersModelName": "MAGNETOM Trio",
    "ReceiveCoilName": "Siemens 12 channel Head Matrix Coil (Erlangen, Germany)",
    "RepetitionTime": 2.5,
    "TaskName": "rest",
    "modality": "bold",
    "run_id": "2",
    "subject_id": "040",
    "task_id": "rest"
  },
  "dummy_trs": 0,
  "dvars_nstd": 20.89351156295455,
  "dvars_std": 1.403074610151515,
  "dvars_vstd": 0.9402959576515151,
  "efc": 0.4317120446031981,
  "fber": 34596.00390625,
  "fd_mean": 0.09669778212389558,
  "fd_num": 8,
  "fd_perc": 6.015037593984962,
  "fwhm_avg": 2.5460633819629774,
  "fwhm_x": 2.23243,
  "fwhm_y": 2.95815,
  "fwhm_z": 2.4476101458889334,
  "gcor": 0.0319146,
  "gsr_x": -0.018990082666277885,
  "gsr_y": 0.025512032210826874,
  "provenance": {
    "md5sum": "68b674783533b793497fe4557ce56925",
    "settings": {
      "fd_thres": 0.2,
      "hmc_fsl": false
    },
    "software": "mriqc",
    "version": "0.9.6"
  },
  "size_t": 133,
  "size_x": 64,
  "size_y": 64,
  "size_z": 32,
  "snr": 5.029769169843269,
  "spacing_tr": 2.5,
  "spacing_x": 4.0,
  "spacing_y": 4.0,
  "spacing_z": 3.999999761581421,
  "summary_bg_k": 37.957129225213485,
  "summary_bg_mad": 2.3409512042999268,
  "summary_bg_mean": 17.22635841369629,
  "summary_bg_median": 3.7593986988067627,
  "summary_bg_n": 82887.0,
  "summary_bg_p05": 1.5263158082962036,
  "summary_bg_p95": 100.19849929809565,
  "summary_bg_stdv": 41.855247497558594,
  "summary_fg_k": 4.076796853747834,
  "summary_fg_mad": 94.20655059814453,
  "summary_fg_mean": 705.0353393554688,
  "summary_fg_median": 723.61279296875,
  "summary_fg_n": 21384.0,
  "summary_fg_p05": 417.30152435302733,
  "summary_fg_p95": 885.8537902832031,
  "summary_fg_stdv": 143.86264038085938,
  "tsnr": 79.97795104980469
}