{
  "aor": 0.003369924812030075,
  "aqi": 0.002647458195488722,
  "bids_meta": {
    "EchoTime": 0.027,
    "FlipAngle": 90,
    "MagneticFieldStrength": 3.0,
    "Manufacturer": "Siemens",
    "ManufacturersModelName": "MAGNETOM Trio",
    "ReceiveCoilName": "Siemens 12 channel Head Matrix Coil (Erlangen, Germany)",
    "RepetitionTime": 2.5,
    "TaskName": "rest",
    "modality": "bold",
    "run_id": "2",
    "subject_id": "030",
    "task_id": "rest"
  },
  "dummy_trs": 0,
  "dvars_nstd": 14.867925094393934,
  "dvars_std": 1.2849601787878784,
  "dvars_vstd": 1.0291958229545461,
  "efc": 0.39053306250214354,
  "fber": 46633.7734375,
  "fd_mean": 0.08013082466493412,
  "fd_num": 4,
  "fd_perc": 3.007518796992481,
  "fwhm_avg": 2.538634530745826,
  "fwhm_x": 2.320795,
  "fwhm_y": 2.933275,
  "fwhm_z": 2.361833592237477,
  "gcor": 0.0318833,
  "gsr_x": -0.013731773011386395,
  "gsr_y": 0.015606008470058441,
  "provenance": {
    "md5sum": "f9b7697f6be85b6f8d7d8d97d6eb8f4c",
    "settings": {
      "fd_thres": 0.2,
      "hmc_fsl": false
    },
    "software": "mriqc",
    "version": "0.9.6"
  },
  "size_t": 133,
  "size_x": 64,
  "size_y": 64,
  "size_z": 32,
  "snr": 5.113432091555066,
  "spacing_tr": 2.5,
  "spacing_x": 4.0,
  "spacing_y": 4.0,
  "spacing_z": 4.000002384185791,
  "summary_bg_k": 140.6315650049916,
  "summary_bg_mad": 1.8281712532043457,
  "summary_bg_mean": 12.117131233215332,
  "summary_bg_median": 3.0902256965637207,
  "summary_bg_n": 86471.0,
  "summary_bg_p05": 1.3383458852767944,
  "summary_bg_p95": 52.84586524963379,
  "summary_bg_stdv": 37.261653900146484,
  "summary_fg_k": 4.752349309379027,
  "summary_fg_mad": 83.72802734375,
  "summary_fg_mean": 667.7138061523438,
  "summary_fg_median": 689.5714721679688,
  "summary_fg_n": 18413.0,
  "summary_fg_p05": 387.0857299804687,
  "summary_fg_p95": 824.6631713867181,
  "summary_fg_stdv": 134.85125732421875,
  "tsnr": 123.86418151855469
}