{
  "aor": 0.0010984944751381215,
  "aqi": 0.006523559033149172,
  "bids_meta": {
    "EchoTime": 0.027,
    "FlipAngle": 90,
    "MagneticFieldStrength": 3.0,
    "Manufacturer": "Siemens",
    "ManufacturersModelName": "MAGNETOM Trio",
    "ReceiveCoilName": "Siemens 12 channel Head Matrix Coil (Erlangen, Germany)",
    "RepetitionTime": 2.5,
    "TaskName": "rest",
    "modality": "bold",
    "run_id": "1",
    "subject_id": "012",
    "task_id": "rest"
  },
  "dummy_trs": 0,
  "dvars_nstd": 19.21726254636239,
  "dvars_std": 1.3572068099723378,
  "dvars_vstd": 0.9748275777731668,
  "efc": 0.39352109416185516,
  "fber": 59924.33984375,
  "fd_mean": 0.15973274916785588,
  "fd_num": 209,
  "fd_perc": 28.867403314917127,
  "fwhm_avg": 2.567693875304664,
  "fwhm_x": 2.26726,
  "fwhm_y": 2.9917,
  "fwhm_z": 2.444121625913992,
  "gcor": 0.10485,
  "gsr_x": -0.014925208874046803,
  "gsr_y": 0.0169955063611269,
  "provenance": {
    "md5sum": "e7b2110de7f40a6022cd7cab1ee68eb8",
    "settings": {
      "fd_thres": 0.2,
      "hmc_fsl": false
    },
    "software": "mriqc",
    "version": "0.9.6"
  },
  "size_t": 724,
  "size_x": 64,
  "size_y": 64,
  "size_z": 32,
  "snr": 5.434951508495408,
  "spacing_tr": 2.5,
  "spacing_x": 4.0,
  "spacing_y": 4.0,
  "spacing_z": 4.000001430511475,
  "summary_bg_k": 96.06550550625133,
  "summary_bg_mad": 2.271002769470215,
  "summary_bg_mean": 12.786066055297852,
  "summary_bg_median": 3.7265195846557617,
  "summary_bg_n": 85105.0,
  "summary_bg_p05": 1.589779019355774,
  "summary_bg_p95": 57.09088745117188,
  "summary_bg_stdv": 33.45685958862305,
  "summary_fg_k": 5.140300153426008,
  "summary_fg_mad": 116.8593521118164,
  "summary_fg_mean": 922.5977172851562,
  "summary_fg_median": 945.7168579101562,
  "summary_fg_n": 19487.0,
  "summary_fg_p05": 598.6660339355469,
  "summary_fg_p95": 1134.952001953125,
  "summary_fg_stdv": 174.0020294189453,
  "tsnr": 74.95539093017578
}