{
  "bids_meta": {
    "EchoTime": 0.03,
    "FlipAngle": 8,
    "MagneticFieldStrength": 3.0,
    "Manufacturer": "Siemens",
    "ManufacturersModelName": "MAGNETOM Trio",
    "ReceiveCoilName": "Siemens 12 channel Head Matrix Coil (Erlangen, Germany)",
    "RepetitionTime": 2.4,
    "modality": "T1w",
    "subject_id": "111"
  },
  "cjv": 0.3823030783297422,
  "cnr": 3.3930829277048606,
  "efc": 0.5450536381569799,
  "fber": 1439.280517578125,
  "fwhm_avg": 3.572846666666667,
  "fwhm_x": 3.58181,
  "fwhm_y": 3.67488,
  "fwhm_z": 3.46185,
  "icvs_csf": 0.22970936165497874,
  "icvs_gm": 0.40519823880287664,
  "icvs_wm": 0.3650923995421446,
  "inu_med": 1.1278252601623535,
  "inu_range": 0.3513652026653289,
  "provenance": {
    "md5sum": "10ce907a61ab9112794fb6f19065e819",
    "mriqc_pred": 0,
    "settings": {
      "testing": false
    },
    "software": "mriqc",
    "version": "0.9.6",
    "warnings": {
      "large_rot_frame": true,
      "small_air_mask": false
    }
  },
  "qi_1": 6.499222099280833e-05,
  "qi_2": 0.002813526039205775,
  "rpve_csf": 27.28346477342081,
  "rpve_gm": 15.580220532371442,
  "rpve_wm": 21.81319730349044,
  "size_x": 176,
  "size_y": 256,
  "size_z": 256,
  "snr_csf": 2.5645597095249486,
  "snr_gm": 9.155092777037842,
  "snr_total": 10.252268120977414,
  "snr_wm": 19.037151876369453,
  "snrd_csf": 20.443023779621473,
  "snrd_gm": 42.73219118899113,
  "snrd_total": 41.889545776899354,
  "snrd_wm": 62.49342236208545,
  "spacing_x": 1.0,
  "spacing_y": 1.0,
  "spacing_z": 1.0,
  "summary_bg_k": 46.32546578319212,
  "summary_bg_mad": 10.4832763671875,
  "summary_bg_mean": 18.24754524230957,
  "summary_bg_median": 14.248671531677246,
  "summary_bg_n": 3509644.0,
  "summary_bg_p05": 2.337906503677368,
  "summary_bg_p95": 45.615940666198675,
  "summary_bg_stdv": 18.643503189086914,
  "summary_csf_k": -0.8259336566714639,
  "summary_csf_mad": 155.26275634765625,
  "summary_csf_mean": 331.0682067871094,
  "summary_csf_median": 327.1225280761719,
  "summary_csf_n": 11794.0,
  "summary_csf_p05": 140.11495056152341,
  "summary_csf_p95": 534.9116729736328,
  "summary_csf_stdv": 127.54963684082031,
  "summary_gm_k": 0.23084072671463352,
  "summary_gm_mad": 71.5273208618164,
  "summary_gm_mean": 683.8757934570312,
  "summary_gm_median": 683.7864379882812,
  "summary_gm_n": 17473.0,
  "summary_gm_p05": 561.1543823242188,
  "summary_gm_p95": 808.4833740234372,
  "summary_gm_stdv": 74.68704986572266,
  "summary_wm_k": 0.5733749043943215,
  "summary_wm_mad": 49.36177062988281,
  "summary_wm_mean": 999.22412109375,
  "summary_wm_median": 999.9991455078125,
  "summary_wm_n": 179846.0,
  "summary_wm_p05": 911.906494140625,
  "summary_wm_p95": 1083.7877197265625,
  "summary_wm_stdv": 52.5286750793457,
  "tpm_overlap_csf": 0.2294914871454239,
  "tpm_overlap_gm": 0.5064107775688171,
  "tpm_overlap_wm": 0.5715315341949463,
  "wm2max": 0.6341228538327989
}