{
  "aor": 0.003989538461538461,
  "aqi": 0.0039495165384615385,
  "bids_meta": {
    "EchoTime": 0.027,
    "FlipAngle": 90,
    "MagneticFieldStrength": 3.0,
    "Manufacturer": "Siemens",
    "ManufacturersModelName": "MAGNETOM Trio",
    "ReceiveCoilName": "Siemens 12 channel Head Matrix Coil (Erlangen, Germany)",
    "RepetitionTime": 2.5,
    "TaskName": "rest",
    "modality": "bold",
    "run_id": "2",
    "subject_id": "018",
    "task_id": "rest"
  },
  "dummy_trs": 0,
  "dvars_nstd": 16.32798460286822,
  "dvars_std": 1.2448858341860463,
  "dvars_vstd": 0.9885573738759689,
  "efc": 0.43406023545905237,
  "fber": 37454.6484375,
  "fd_mean": 0.07230855061051822,
  "fd_num": 7,
  "fd_perc": 5.384615384615385,
  "fwhm_avg": 2.537519070876451,
  "fwhm_x": 2.2379925,
  "fwhm_y": 2.963925,
  "fwhm_z": 2.410639712629352,
  "gcor": 0.0822647,
  "gsr_x": -0.018695490434765816,
  "gsr_y": 0.030446898192167282,
  "provenance": {
    "md5sum": "4ba0f83b8a10e49f0ebe69c77f702f76",
    "settings": {
      "fd_thres": 0.2,
      "hmc_fsl": false
    },
    "software": "mriqc",
    "version": "0.9.6"
  },
  "size_t": 130,
  "size_x": 64,
  "size_y": 64,
  "size_z": 32,
  "snr": 4.97572785424514,
  "spacing_tr": 2.5,
  "spacing_x": 4.0,
  "spacing_y": 4.0,
  "spacing_z": 4.000000476837158,
  "summary_bg_k": 32.4176210527563,
  "summary_bg_mad": 2.6458749771118164,
  "summary_bg_mean": 18.239763259887695,
  "summary_bg_median": 3.9846153259277344,
  "summary_bg_n": 81836.0,
  "summary_bg_p05": 1.692307710647583,
  "summary_bg_p95": 100.94038391113281,
  "summary_bg_stdv": 44.67727279663086,
  "summary_fg_k": 4.00609685381158,
  "summary_fg_mad": 115.91096496582031,
  "summary_fg_mean": 789.069580078125,
  "summary_fg_median": 798.876953125,
  "summary_fg_n": 22210.0,
  "summary_fg_p05": 505.4557769775391,
  "summary_fg_p95": 1001.834243774414,
  "summary_fg_stdv": 160.55117797851562,
  "tsnr": 86.26358032226562
}