{
  "bids_meta": {
    "EchoTime": 0.03,
    "FlipAngle": 8,
    "MagneticFieldStrength": 3.0,
    "Manufacturer": "Siemens",
    "ManufacturersModelName": "MAGNETOM Trio",
    "ReceiveCoilName": "Siemens 12 channel Head Matrix Coil (Erlangen, Germany)",
    "RepetitionTime": 2.4,
    "modality": "T1w",
    "subject_id": "104"
  },
  "cjv": 0.4729191171404014,
  "cnr": 2.8465184427340304,
  "efc": 0.5827528445169297,
  "fber": 1562.4713134765625,
  "fwhm_avg": 3.4205633333333334,
  "fwhm_x": 3.5031,
  "fwhm_y": 3.53252,
  "fwhm_z": 3.22607,
  "icvs_csf": 0.18969962912919508,
  "icvs_gm": 0.42135498200704957,
  "icvs_wm": 0.38894538886375535,
  "inu_med": 1.1401296854019165,
  "inu_range": 0.41445847749710074,
  "provenance": {
    "md5sum": "e952cbeab26371d5dfd3a33e49e06e3e",
    "mriqc_pred": 0,
    "settings": {
      "testing": false
    },
    "software": "mriqc",
    "version": "0.9.6",
    "warnings": {
      "large_rot_frame": true,
      "small_air_mask": false
    }
  },
  "qi_1": 0.0,
  "qi_2": 0.007083392749260698,
  "rpve_csf": 37.67265193370166,
  "rpve_gm": 18.246883754655418,
  "rpve_wm": 23.305215040852456,
  "size_x": 256,
  "size_y": 256,
  "size_z": 256,
  "snr_csf": 3.0241129314912456,
  "snr_gm": 10.613424862634286,
  "snr_total": 10.959510271635892,
  "snr_wm": 19.240993020782142,
  "snrd_csf": 21.196198387550464,
  "snrd_gm": 42.464052035382906,
  "snrd_total": 40.15467975512961,
  "snrd_wm": 56.80378884245545,
  "spacing_x": 1.0,
  "spacing_y": 1.0,
  "spacing_z": 1.0,
  "summary_bg_k": 5.012391676960782,
  "summary_bg_mad": 11.533527374267578,
  "summary_bg_mean": 18.565990447998047,
  "summary_bg_median": 15.21071720123291,
  "summary_bg_n": 4168619.0,
  "summary_bg_p05": 3.331930208206177,
  "summary_bg_p95": 45.68940010070798,
  "summary_bg_stdv": 14.24990463256836,
  "summary_csf_k": 5.669057053343758,
  "summary_csf_mad": 112.97227478027344,
  "summary_csf_mean": 393.33245849609375,
  "summary_csf_median": 373.1542663574219,
  "summary_csf_n": 17245.0,
  "summary_csf_p05": 228.47128601074218,
  "summary_csf_p95": 620.3956542968749,
  "summary_csf_stdv": 123.38938903808594,
  "summary_gm_k": -0.006882652563007685,
  "summary_gm_mad": 69.73117065429688,
  "summary_gm_mean": 747.996826171875,
  "summary_gm_median": 747.5700073242188,
  "summary_gm_n": 20595.0,
  "summary_gm_p05": 631.1142456054688,
  "summary_gm_p95": 863.9289245605469,
  "summary_gm_stdv": 70.43455505371094,
  "summary_wm_k": 0.4090370530342655,
  "summary_wm_mad": 49.656227111816406,
  "summary_wm_mean": 999.794677734375,
  "summary_wm_median": 1000.017822265625,
  "summary_wm_n": 246275.0,
  "summary_wm_p05": 914.0504943847657,
  "summary_wm_p95": 1084.6375366210937,
  "summary_wm_stdv": 51.97319030761719,
  "tpm_overlap_csf": 0.22855639457702637,
  "tpm_overlap_gm": 0.5038728713989258,
  "tpm_overlap_wm": 0.5547778606414795,
  "wm2max": 0.5863337243883641
}