{
  "bids_meta": {
    "EchoTime": 0.03,
    "FlipAngle": 8,
    "MagneticFieldStrength": 3.0,
    "Manufacturer": "Siemens",
    "ManufacturersModelName": "MAGNETOM Trio",
    "ReceiveCoilName": "Siemens 12 channel Head Matrix Coil (Erlangen, Germany)",
    "RepetitionTime": 2.4,
    "modality": "T1w",
    "subject_id": "016"
  },
  "cjv": 0.4032093406424844,
  "cnr": 3.255438304466122,
  "efc": 0.5718241326837153,
  "fber": 1557.1346435546875,
  "fwhm_avg": 3.2361733333333333,
  "fwhm_x": 3.18916,
  "fwhm_y": 3.44843,
  "fwhm_z": 3.07093,
  "icvs_csf": 0.1761281666625724,
  "icvs_gm": 0.4444312912608843,
  "icvs_wm": 0.37944054207654326,
  "inu_med": 1.0348727703094482,
  "inu_range": 0.40754307508468623,
  "provenance": {
    "md5sum": "58c941b92271c32f1f51a9fa1f5ff53d",
    "mriqc_pred": 0,
    "settings": {
      "testing": false
    },
    "software": "mriqc",
    "version": "0.9.6",
    "warnings": {
      "large_rot_frame": true,
      "small_air_mask": false
    }
  },
  "qi_1": 0.0,
  "qi_2": 0.00709724971440691,
  "rpve_csf": 26.69282131054636,
  "rpve_gm": 11.975338664014322,
  "rpve_wm": 16.548304128381375,
  "size_x": 176,
  "size_y": 256,
  "size_z": 256,
  "snr_csf": 1.6608491219777377,
  "snr_gm": 8.251879489407589,
  "snr_total": 8.78757296785846,
  "snr_wm": 16.449990292190055,
  "snrd_csf": 14.364266058877208,
  "snrd_gm": 38.843585771541754,
  "snrd_total": 37.12610357704158,
  "snrd_wm": 58.17045890070578,
  "spacing_x": 1.0,
  "spacing_y": 1.0,
  "spacing_z": 1.0,
  "summary_bg_k": 8.32807856683755,
  "summary_bg_mad": 11.262514114379883,
  "summary_bg_mean": 17.29803466796875,
  "summary_bg_median": 14.887730598449707,
  "summary_bg_n": 3749084.0,
  "summary_bg_p05": 2.891365814208984,
  "summary_bg_p95": 42.029335021972656,
  "summary_bg_stdv": 13.135171890258789,
  "summary_csf_k": -0.1511352445656402,
  "summary_csf_mad": 145.1016387939453,
  "summary_csf_mean": 295.6505126953125,
  "summary_csf_median": 246.93751525878906,
  "summary_csf_n": 6463.0,
  "summary_csf_p05": 113.60930862426758,
  "summary_csf_p95": 555.0415161132812,
  "summary_csf_stdv": 148.66998291015625,
  "summary_gm_k": 0.4057740024799892,
  "summary_gm_mad": 76.21049499511719,
  "summary_gm_mean": 670.4312744140625,
  "summary_gm_median": 667.763916015625,
  "summary_gm_n": 21563.0,
  "summary_gm_p05": 542.2715270996094,
  "summary_gm_p95": 808.8383728027342,
  "summary_gm_stdv": 80.92076873779297,
  "summary_wm_k": 0.40638596779000746,
  "summary_wm_mad": 57.755882263183594,
  "summary_wm_mean": 998.9022216796875,
  "summary_wm_median": 1000.0140991210938,
  "summary_wm_n": 224095.0,
  "summary_wm_p05": 896.5841735839845,
  "summary_wm_p95": 1096.7007446289062,
  "summary_wm_stdv": 60.79103088378906,
  "tpm_overlap_csf": 0.22410832345485687,
  "tpm_overlap_gm": 0.5197007060050964,
  "tpm_overlap_wm": 0.5610158443450928,
  "wm2max": 0.5960473360965384
}