{
  "aor": 0.0013636363636363635,
  "aqi": 0.005393091666666666,
  "bids_meta": {
    "EchoTime": 0.027,
    "FlipAngle": 90,
    "MagneticFieldStrength": 3.0,
    "Manufacturer": "Siemens",
    "ManufacturersModelName": "MAGNETOM Trio",
    "ReceiveCoilName": "Siemens 12 channel Head Matrix Coil (Erlangen, Germany)",
    "RepetitionTime": 2.5,
    "TaskName": "rest",
    "modality": "bold",
    "run_id": "2",
    "subject_id": "096",
    "task_id": "rest"
  },
  "dummy_trs": 0,
  "dvars_nstd": 19.0787407753435,
  "dvars_std": 1.372589019541985,
  "dvars_vstd": 0.9477610116793893,
  "efc": 0.40407839589015065,
  "fber": 47457.734375,
  "fd_mean": 0.07825187259349865,
  "fd_num": 7,
  "fd_perc": 5.303030303030303,
  "fwhm_avg": 2.4606063740028987,
  "fwhm_x": 2.1449025,
  "fwhm_y": 2.781875,
  "fwhm_z": 2.455041622008697,
  "gcor": 0.0317082,
  "gsr_x": -0.013231609016656876,
  "gsr_y": 0.005345142912119627,
  "provenance": {
    "md5sum": "f261de74180385e7f6cfeee1d2c4e928",
    "settings": {
      "fd_thres": 0.2,
      "hmc_fsl": false
    },
    "software": "mriqc",
    "version": "0.9.6"
  },
  "size_t": 132,
  "size_x": 64,
  "size_y": 64,
  "size_z": 32,
  "snr": 5.30013013551713,
  "spacing_tr": 2.5,
  "spacing_x": 4.0,
  "spacing_y": 4.0,
  "spacing_z": 4.000001430511475,
  "summary_bg_k": 49.18154287304129,
  "summary_bg_mad": 2.4822356700897217,
  "summary_bg_mean": 16.461410522460938,
  "summary_bg_median": 3.909090995788574,
  "summary_bg_n": 85867.0,
  "summary_bg_p05": 1.6893939971923828,
  "summary_bg_p95": 77.71969604492188,
  "summary_bg_stdv": 45.189842224121094,
  "summary_fg_k": 4.548011489358933,
  "summary_fg_mad": 114.8343505859375,
  "summary_fg_mean": 862.42822265625,
  "summary_fg_median": 881.6136474609375,
  "summary_fg_n": 19425.0,
  "summary_fg_p05": 549.4621337890625,
  "summary_fg_p95": 1072.950048828125,
  "summary_fg_stdv": 166.33383178710938,
  "tsnr": 87.89518737792969
}