{
  "aor": 0.001988712121212121,
  "aqi": 0.005454277878787878,
  "bids_meta": {
    "EchoTime": 0.027,
    "FlipAngle": 90,
    "MagneticFieldStrength": 3.0,
    "Manufacturer": "Siemens",
    "ManufacturersModelName": "MAGNETOM Trio",
    "ReceiveCoilName": "Siemens 12 channel Head Matrix Coil (Erlangen, Germany)",
    "RepetitionTime": 2.5,
    "TaskName": "rest",
    "modality": "bold",
    "run_id": "2",
    "subject_id": "048",
    "task_id": "rest"
  },
  "dummy_trs": 0,
  "dvars_nstd": 18.655086830610692,
  "dvars_std": 1.3984721725190843,
  "dvars_vstd": 0.9430210426717561,
  "efc": 0.44376795473095815,
  "fber": 38059.890625,
  "fd_mean": 0.04547368272986236,
  "fd_num": 3,
  "fd_perc": 2.272727272727273,
  "fwhm_avg": 2.5803677439713213,
  "fwhm_x": 2.2470075,
  "fwhm_y": 3.0382,
  "fwhm_z": 2.4558957319139636,
  "gcor": 0.0236197,
  "gsr_x": -0.017221834510564804,
  "gsr_y": 0.02395418845117092,
  "provenance": {
    "md5sum": "cfc3cc546b76640a78863f67caa29e66",
    "settings": {
      "fd_thres": 0.2,
      "hmc_fsl": false
    },
    "software": "mriqc",
    "version": "0.9.6"
  },
  "size_t": 132,
  "size_x": 64,
  "size_y": 64,
  "size_z": 32,
  "snr": 4.95069516791513,
  "spacing_tr": 2.5,
  "spacing_x": 4.0,
  "spacing_y": 4.0,
  "spacing_z": 3.9999988079071045,
  "summary_bg_k": 29.466956772698936,
  "summary_bg_mad": 2.774263381958008,
  "summary_bg_mean": 22.894664764404297,
  "summary_bg_median": 4.0227274894714355,
  "summary_bg_n": 81468.0,
  "summary_bg_p05": 1.704545497894287,
  "summary_bg_p95": 129.22197647094717,
  "summary_bg_stdv": 55.35324478149414,
  "summary_fg_k": 3.988531853012061,
  "summary_fg_mad": 111.77363586425781,
  "summary_fg_mean": 794.0599365234375,
  "summary_fg_median": 817.3182373046875,
  "summary_fg_n": 22752.0,
  "summary_fg_p05": 456.9238800048828,
  "summary_fg_p95": 993.7651977539062,
  "summary_fg_stdv": 165.08798217773438,
  "tsnr": 85.60171508789062
}