{
  "bids_meta": {
    "EchoTime": 0.03,
    "FlipAngle": 8,
    "MagneticFieldStrength": 3.0,
    "Manufacturer": "Siemens",
    "ManufacturersModelName": "MAGNETOM Trio",
    "ReceiveCoilName": "Siemens 12 channel Head Matrix Coil (Erlangen, Germany)",
    "RepetitionTime": 2.4,
    "modality": "T1w",
    "subject_id": "100"
  },
  "cjv": 0.377632496060593,
  "cnr": 3.4195617280495996,
  "efc": 0.5340042015414749,
  "fber": 2055.631103515625,
  "fwhm_avg": 3.2476333999619924,
  "fwhm_x": 3.3535301998859763,
  "fwhm_y": 3.40674,
  "fwhm_z": 2.98263,
  "icvs_csf": 0.1990724855449551,
  "icvs_gm": 0.42656783043515356,
  "icvs_wm": 0.37435968401989134,
  "inu_med": 1.0699288845062256,
  "inu_range": 0.308631435036659,
  "provenance": {
    "md5sum": "cd63b3aa42dcc5b17228310545541033",
    "mriqc_pred": 0,
    "settings": {
      "testing": false
    },
    "software": "mriqc",
    "version": "0.9.6",
    "warnings": {
      "large_rot_frame": true,
      "small_air_mask": false
    }
  },
  "qi_1": 0.0,
  "qi_2": 0.003999678573097471,
  "rpve_csf": 28.67509798274502,
  "rpve_gm": 14.466806199954506,
  "rpve_wm": 20.123875510254223,
  "size_x": 176,
  "size_y": 256,
  "size_z": 256,
  "snr_csf": 4.418983136651255,
  "snr_gm": 9.12707070600645,
  "snr_total": 11.31518162111236,
  "snr_wm": 20.399491020679378,
  "snrd_csf": 30.09053146893238,
  "snrd_gm": 46.53736714298738,
  "snrd_total": 48.034187982467444,
  "snrd_wm": 67.47466533548257,
  "spacing_x": 0.9999999403953552,
  "spacing_y": 1.0,
  "spacing_z": 1.0,
  "summary_bg_k": 4.292738886401549,
  "summary_bg_mad": 9.709280014038086,
  "summary_bg_mean": 14.745209693908691,
  "summary_bg_median": 12.59975814819336,
  "summary_bg_n": 3506054.0,
  "summary_bg_p05": 2.4260386228561406,
  "summary_bg_p95": 35.66974296569815,
  "summary_bg_stdv": 11.014483451843262,
  "summary_csf_k": 1.197057486332774,
  "summary_csf_mad": 78.85425567626953,
  "summary_csf_mean": 426.9776916503906,
  "summary_csf_median": 445.948974609375,
  "summary_csf_n": 5894.0,
  "summary_csf_p05": 220.42358779907227,
  "summary_csf_p95": 559.362969970703,
  "summary_csf_stdv": 100.90808868408203,
  "summary_gm_k": 0.41230169704922304,
  "summary_gm_mad": 70.85850524902344,
  "summary_gm_mean": 689.7677001953125,
  "summary_gm_median": 689.695068359375,
  "summary_gm_n": 11355.0,
  "summary_gm_p05": 564.5094665527344,
  "summary_gm_p95": 815.55205078125,
  "summary_gm_stdv": 75.56254577636719,
  "summary_wm_k": 0.625595448560706,
  "summary_wm_mad": 46.31928634643555,
  "summary_wm_mean": 999.3063354492188,
  "summary_wm_median": 999.9909057617188,
  "summary_wm_n": 189911.0,
  "summary_wm_p05": 918.0945434570312,
  "summary_wm_p95": 1077.5248413085938,
  "summary_wm_stdv": 49.02025604248047,
  "tpm_overlap_csf": 0.1895410567522049,
  "tpm_overlap_gm": 0.5012105107307434,
  "tpm_overlap_wm": 0.5645523071289062,
  "wm2max": 0.6262658288376475
}