{
  "bids_meta": {
    "EchoTime": 0.03,
    "FlipAngle": 8,
    "MagneticFieldStrength": 3.0,
    "Manufacturer": "Siemens",
    "ManufacturersModelName": "MAGNETOM Trio",
    "ReceiveCoilName": "Siemens 12 channel Head Matrix Coil (Erlangen, Germany)",
    "RepetitionTime": 2.4,
    "modality": "T1w",
    "subject_id": "013"
  },
  "cjv": 0.4294548316266884,
  "cnr": 3.0755434981623115,
  "efc": 0.5484894805823644,
  "fber": 1737.0037841796875,
  "fwhm_avg": 3.4021066666666666,
  "fwhm_x": 3.493,
  "fwhm_y": 3.53315,
  "fwhm_z": 3.18017,
  "icvs_csf": 0.2007983527427956,
  "icvs_gm": 0.4156737702597088,
  "icvs_wm": 0.3835278769974956,
  "inu_med": 1.1010276079177856,
  "inu_range": 0.3998727917671203,
  "provenance": {
    "md5sum": "aded640c6e3c2c900f0375df61464978",
    "mriqc_pred": 0,
    "settings": {
      "testing": false
    },
    "software": "mriqc",
    "version": "0.9.6",
    "warnings": {
      "large_rot_frame": true,
      "small_air_mask": false
    }
  },
  "qi_1": 5.135505195541697e-06,
  "qi_2": 0.004652585108821663,
  "rpve_csf": 37.77525132508634,
  "rpve_gm": 19.152439031419497,
  "rpve_wm": 24.937112535227463,
  "size_x": 256,
  "size_y": 256,
  "size_z": 256,
  "snr_csf": 2.9078934035859563,
  "snr_gm": 9.557802401569123,
  "snr_total": 10.985573176188629,
  "snr_wm": 20.491023723410805,
  "snrd_csf": 19.6671086872483,
  "snrd_gm": 43.44621093486274,
  "snrd_total": 41.12397642795859,
  "snrd_wm": 60.25860966176474,
  "spacing_x": 1.0,
  "spacing_y": 1.0,
  "spacing_z": 1.0,
  "summary_bg_k": 36.50348265107742,
  "summary_bg_mad": 10.871957778930664,
  "summary_bg_mean": 16.7189884185791,
  "summary_bg_median": 14.673604011535645,
  "summary_bg_n": 3843399.0,
  "summary_bg_p05": 2.926701211929321,
  "summary_bg_p95": 39.7779731750488,
  "summary_bg_stdv": 12.56643295288086,
  "summary_csf_k": 1.0462311874355281,
  "summary_csf_mad": 107.62289428710938,
  "summary_csf_mean": 354.4065246582031,
  "summary_csf_median": 326.374755859375,
  "summary_csf_n": 22650.0,
  "summary_csf_p05": 209.88087463378906,
  "summary_csf_p95": 556.8661376953124,
  "summary_csf_stdv": 112.23504638671875,
  "summary_gm_k": 0.040080187456709826,
  "summary_gm_mad": 73.2013168334961,
  "summary_gm_mean": 720.4832763671875,
  "summary_gm_median": 720.9878540039062,
  "summary_gm_n": 12869.0,
  "summary_gm_p05": 594.486474609375,
  "summary_gm_p95": 844.3721801757811,
  "summary_gm_stdv": 75.43154907226562,
  "summary_wm_k": 0.4381358010336256,
  "summary_wm_mad": 46.617000579833984,
  "summary_wm_mean": 1000.3910522460938,
  "summary_wm_median": 999.9888305664062,
  "summary_wm_n": 220663.0,
  "summary_wm_p05": 921.3230651855469,
  "summary_wm_p95": 1081.2033569335938,
  "summary_wm_stdv": 48.80120086669922,
  "tpm_overlap_csf": 0.23633526265621185,
  "tpm_overlap_gm": 0.5001728534698486,
  "tpm_overlap_wm": 0.5595746636390686,
  "wm2max": 0.6387048005406557
}