{
  "aor": 0.0010818232044198896,
  "aqi": 0.003997850262430939,
  "bids_meta": {
    "EchoTime": 0.027,
    "FlipAngle": 90,
    "MagneticFieldStrength": 3.0,
    "Manufacturer": "Siemens",
    "ManufacturersModelName": "MAGNETOM Trio",
    "ReceiveCoilName": "Siemens 12 channel Head Matrix Coil (Erlangen, Germany)",
    "RepetitionTime": 2.5,
    "TaskName": "rest",
    "modality": "bold",
    "run_id": "1",
    "subject_id": "014",
    "task_id": "rest"
  },
  "dummy_trs": 0,
  "dvars_nstd": 15.24789861474411,
  "dvars_std": 1.326818142033196,
  "dvars_vstd": 0.9811082473997246,
  "efc": 0.38635124888559036,
  "fber": 48241.98828125,
  "fd_mean": 0.06107168830455473,
  "fd_num": 5,
  "fd_perc": 0.6906077348066298,
  "fwhm_avg": 2.433688236830345,
  "fwhm_x": 2.1760375,
  "fwhm_y": 2.69645,
  "fwhm_z": 2.428577210491036,
  "gcor": 0.0199597,
  "gsr_x": -0.015496240928769112,
  "gsr_y": 0.00934958178550005,
  "provenance": {
    "md5sum": "37025c65a410c5b9ac9e6934a9cbe238",
    "settings": {
      "fd_thres": 0.2,
      "hmc_fsl": false
    },
    "software": "mriqc",
    "version": "0.9.6"
  },
  "size_t": 724,
  "size_x": 64,
  "size_y": 64,
  "size_z": 32,
  "snr": 4.949922468320799,
  "spacing_tr": 2.5,
  "spacing_x": 4.0,
  "spacing_y": 4.0,
  "spacing_z": 4.000000476837158,
  "summary_bg_k": 67.97569444773075,
  "summary_bg_mad": 2.477829933166504,
  "summary_bg_mean": 13.529255867004395,
  "summary_bg_median": 4.099447727203369,
  "summary_bg_n": 87159.0,
  "summary_bg_p05": 1.7472376823425293,
  "summary_bg_p95": 54.72886886596659,
  "summary_bg_stdv": 34.38344955444336,
  "summary_fg_k": 3.483743682884487,
  "summary_fg_mad": 132.99395751953125,
  "summary_fg_mean": 923.9376220703125,
  "summary_fg_median": 937.6989135742188,
  "summary_fg_n": 18409.0,
  "summary_fg_p05": 566.6066772460938,
  "summary_fg_p95": 1180.9663574218746,
  "summary_fg_stdv": 189.43194580078125,
  "tsnr": 89.1507568359375
}