{
  "aor": 0.002581515151515152,
  "aqi": 0.003277670606060606,
  "bids_meta": {
    "EchoTime": 0.027,
    "FlipAngle": 90,
    "MagneticFieldStrength": 3.0,
    "Manufacturer": "Siemens",
    "ManufacturersModelName": "MAGNETOM Trio",
    "ReceiveCoilName": "Siemens 12 channel Head Matrix Coil (Erlangen, Germany)",
    "RepetitionTime": 2.5,
    "TaskName": "rest",
    "modality": "bold",
    "run_id": "2",
    "subject_id": "099",
    "task_id": "rest"
  },
  "dummy_trs": 0,
  "dvars_nstd": 19.04300916122137,
  "dvars_std": 1.3041595126717558,
  "dvars_vstd": 1.003173879160305,
  "efc": 0.44429479829254404,
  "fber": 33858.921875,
  "fd_mean": 0.10839686400484903,
  "fd_num": 13,
  "fd_perc": 9.848484848484848,
  "fwhm_avg": 2.472112917268351,
  "fwhm_x": 2.249155,
  "fwhm_y": 2.83365,
  "fwhm_z": 2.333533751805053,
  "gcor": 0.069383,
  "gsr_x": -0.009786400012671947,
  "gsr_y": 0.017642846331000328,
  "provenance": {
    "md5sum": "22b299d726d7e1c7402419e7b15bc165",
    "settings": {
      "fd_thres": 0.2,
      "hmc_fsl": false
    },
    "software": "mriqc",
    "version": "0.9.6"
  },
  "size_t": 132,
  "size_x": 64,
  "size_y": 64,
  "size_z": 32,
  "snr": 5.07404337866256,
  "spacing_tr": 2.5,
  "spacing_x": 4.0,
  "spacing_y": 4.0,
  "spacing_z": 3.999997854232788,
  "summary_bg_k": 55.15842302788312,
  "summary_bg_mad": 2.7293357849121094,
  "summary_bg_mean": 13.604914665222168,
  "summary_bg_median": 3.7575759887695312,
  "summary_bg_n": 78865.0,
  "summary_bg_p05": 1.446969747543335,
  "summary_bg_p95": 62.51363677978517,
  "summary_bg_stdv": 28.254491806030273,
  "summary_fg_k": 3.9779238386027185,
  "summary_fg_mad": 105.90498352050781,
  "summary_fg_mean": 720.1304931640625,
  "summary_fg_median": 731.4697265625,
  "summary_fg_n": 24305.0,
  "summary_fg_p05": 464.9757751464844,
  "summary_fg_p95": 914.8773193359375,
  "summary_fg_stdv": 144.1561737060547,
  "tsnr": 96.41935729980469
}