{
  "bids_meta": {
    "EchoTime": 0.03,
    "FlipAngle": 8,
    "MagneticFieldStrength": 3.0,
    "Manufacturer": "Siemens",
    "ManufacturersModelName": "MAGNETOM Trio",
    "ReceiveCoilName": "Siemens 12 channel Head Matrix Coil (Erlangen, Germany)",
    "RepetitionTime": 2.4,
    "modality": "T1w",
    "subject_id": "077"
  },
  "cjv": 0.41232341848031256,
  "cnr": 3.2201122182938784,
  "efc": 0.5701971497168901,
  "fber": 1678.57080078125,
  "fwhm_avg": 3.6392133333333336,
  "fwhm_x": 3.71921,
  "fwhm_y": 3.77385,
  "fwhm_z": 3.42458,
  "icvs_csf": 0.19488949540818923,
  "icvs_gm": 0.40732421369984473,
  "icvs_wm": 0.39778629089196604,
  "inu_med": 1.0204756259918213,
  "inu_range": 0.4026247382164,
  "provenance": {
    "md5sum": "53e3844141b073805139fd4ec7600d90",
    "mriqc_pred": 0,
    "settings": {
      "testing": false
    },
    "software": "mriqc",
    "version": "0.9.6",
    "warnings": {
      "large_rot_frame": true,
      "small_air_mask": false
    }
  },
  "qi_1": 0.0,
  "qi_2": 0.008113005583698724,
  "rpve_csf": 34.71557884310453,
  "rpve_gm": 17.335814400568374,
  "rpve_wm": 21.352434081621944,
  "size_x": 256,
  "size_y": 256,
  "size_z": 256,
  "snr_csf": 2.898486064131761,
  "snr_gm": 10.273586710664512,
  "snr_total": 10.959214230132957,
  "snr_wm": 19.705569915602602,
  "snrd_csf": 19.677272173536764,
  "snrd_gm": 43.36646950197742,
  "snrd_total": 41.13287080833234,
  "snrd_wm": 60.35487074948284,
  "spacing_x": 1.0,
  "spacing_y": 1.0,
  "spacing_z": 1.0,
  "summary_bg_k": 7.025541620797389,
  "summary_bg_mad": 10.85488224029541,
  "summary_bg_mean": 16.725385665893555,
  "summary_bg_median": 14.097957611083984,
  "summary_bg_n": 3612325.0,
  "summary_bg_p05": 2.710988473892212,
  "summary_bg_p95": 41.349736022949195,
  "summary_bg_stdv": 13.205923080444336,
  "summary_csf_k": 5.395083541665114,
  "summary_csf_mad": 93.212890625,
  "summary_csf_mean": 352.20025634765625,
  "summary_csf_median": 326.0305480957031,
  "summary_csf_n": 28232.0,
  "summary_csf_p05": 212.69294052124025,
  "summary_csf_p95": 568.3935607910155,
  "summary_csf_stdv": 112.4810562133789,
  "summary_gm_k": 0.16788526840859452,
  "summary_gm_mad": 67.34976196289062,
  "summary_gm_mean": 720.776123046875,
  "summary_gm_median": 718.5342407226562,
  "summary_gm_n": 15058.0,
  "summary_gm_p05": 608.8667877197265,
  "summary_gm_p95": 841.1499633789062,
  "summary_gm_stdv": 69.93763732910156,
  "summary_wm_k": 0.39959085007446005,
  "summary_wm_mad": 48.71059799194336,
  "summary_wm_mean": 1000.4940795898438,
  "summary_wm_median": 1000.01318359375,
  "summary_wm_n": 264449.0,
  "summary_wm_p05": 918.0309326171875,
  "summary_wm_p95": 1084.648193359375,
  "summary_wm_stdv": 50.74764633178711,
  "tpm_overlap_csf": 0.24890343844890594,
  "tpm_overlap_gm": 0.5052782893180847,
  "tpm_overlap_wm": 0.5682476162910461,
  "wm2max": 0.6288326154658613
}