{
  "aor": 0.0013354615384615384,
  "aqi": 0.002333246846153846,
  "bids_meta": {
    "EchoTime": 0.027,
    "FlipAngle": 90,
    "MagneticFieldStrength": 3.0,
    "Manufacturer": "Siemens",
    "ManufacturersModelName": "MAGNETOM Trio",
    "ReceiveCoilName": "Siemens 12 channel Head Matrix Coil (Erlangen, Germany)",
    "RepetitionTime": 2.5,
    "TaskName": "rest",
    "modality": "bold",
    "run_id": "2",
    "subject_id": "025",
    "task_id": "rest"
  },
  "dummy_trs": 0,
  "dvars_nstd": 18.1068089435659,
  "dvars_std": 1.4816076751162792,
  "dvars_vstd": 1.0099686999224813,
  "efc": 0.4361705283477642,
  "fber": 34151.6171875,
  "fd_mean": 0.07415930846310131,
  "fd_num": 2,
  "fd_perc": 1.5384615384615385,
  "fwhm_avg": 2.5535950476751257,
  "fwhm_x": 2.3281675,
  "fwhm_y": 2.93305,
  "fwhm_z": 2.3995676430253767,
  "gcor": 0.0308292,
  "gsr_x": -0.008927480317652225,
  "gsr_y": 0.011632930487394333,
  "provenance": {
    "md5sum": "927c2ba095d3ed1418eebaf2a3b6b792",
    "settings": {
      "fd_thres": 0.2,
      "hmc_fsl": false
    },
    "software": "mriqc",
    "version": "0.9.6"
  },
  "size_t": 130,
  "size_x": 64,
  "size_y": 64,
  "size_z": 32,
  "snr": 4.807399979858494,
  "spacing_tr": 2.5,
  "spacing_x": 4.0,
  "spacing_y": 4.0,
  "spacing_z": 3.999999761581421,
  "summary_bg_k": 30.546437050302373,
  "summary_bg_mad": 2.680088758468628,
  "summary_bg_mean": 21.071962356567383,
  "summary_bg_median": 3.9538462162017822,
  "summary_bg_n": 82552.0,
  "summary_bg_p05": 1.8153846263885498,
  "summary_bg_p95": 117.65922927856431,
  "summary_bg_stdv": 53.783348083496094,
  "summary_fg_k": 4.158129424776583,
  "summary_fg_mad": 109.75817108154297,
  "summary_fg_mean": 741.9944458007812,
  "summary_fg_median": 763.7922973632812,
  "summary_fg_n": 21456.0,
  "summary_fg_p05": 434.2461624145508,
  "summary_fg_p95": 938.9788513183594,
  "summary_fg_stdv": 158.874755859375,
  "tsnr": 117.22346496582031
}