{
  "aor": 0.0012734090909090909,
  "aqi": 0.004492309015151515,
  "bids_meta": {
    "EchoTime": 0.027,
    "FlipAngle": 90,
    "MagneticFieldStrength": 3.0,
    "Manufacturer": "Siemens",
    "ManufacturersModelName": "MAGNETOM Trio",
    "ReceiveCoilName": "Siemens 12 channel Head Matrix Coil (Erlangen, Germany)",
    "RepetitionTime": 2.5,
    "TaskName": "rest",
    "modality": "bold",
    "run_id": "2",
    "subject_id": "058",
    "task_id": "rest"
  },
  "dummy_trs": 0,
  "dvars_nstd": 14.200915365496192,
  "dvars_std": 1.2039437788549625,
  "dvars_vstd": 0.9150281635877864,
  "efc": 0.42178368169109093,
  "fber": 47323.17578125,
  "fd_mean": 0.043713990414758104,
  "fd_num": 2,
  "fd_perc": 1.5151515151515151,
  "fwhm_avg": 2.6353066666666667,
  "fwhm_x": 2.35932,
  "fwhm_y": 3.023125,
  "fwhm_z": 2.523475,
  "gcor": 0.0172372,
  "gsr_x": -0.02019002102315426,
  "gsr_y": 0.019874386489391327,
  "provenance": {
    "md5sum": "9b17d94106dbbf706c378c96179f9e55",
    "settings": {
      "fd_thres": 0.2,
      "hmc_fsl": false
    },
    "software": "mriqc",
    "version": "0.9.6"
  },
  "size_t": 132,
  "size_x": 64,
  "size_y": 64,
  "size_z": 32,
  "snr": 4.881743257299254,
  "spacing_tr": 2.5,
  "spacing_x": 4.0,
  "spacing_y": 4.0,
  "spacing_z": 4.0,
  "summary_bg_k": 44.42648212842866,
  "summary_bg_mad": 2.605785846710205,
  "summary_bg_mean": 15.498047828674316,
  "summary_bg_median": 4.015151500701904,
  "summary_bg_n": 82850.0,
  "summary_bg_p05": 1.7196969985961914,
  "summary_bg_p95": 71.96212005615234,
  "summary_bg_stdv": 39.00348663330078,
  "summary_fg_k": 3.61445835194169,
  "summary_fg_mad": 132.68728637695312,
  "summary_fg_mean": 887.5185546875,
  "summary_fg_median": 909.7197265625,
  "summary_fg_n": 21514.0,
  "summary_fg_p05": 539.6651519775392,
  "summary_fg_p95": 1132.045452880859,
  "summary_fg_stdv": 186.34707641601562,
  "tsnr": 84.39382934570312
}