{
  "aor": 0.0006802900552486187,
  "aqi": 0.003975729419889502,
  "bids_meta": {
    "EchoTime": 0.027,
    "FlipAngle": 90,
    "MagneticFieldStrength": 3.0,
    "Manufacturer": "Siemens",
    "ManufacturersModelName": "MAGNETOM Trio",
    "ReceiveCoilName": "Siemens 12 channel Head Matrix Coil (Erlangen, Germany)",
    "RepetitionTime": 2.5,
    "TaskName": "rest",
    "modality": "bold",
    "run_id": "1",
    "subject_id": "009",
    "task_id": "rest"
  },
  "dummy_trs": 0,
  "dvars_nstd": 21.216586605311207,
  "dvars_std": 1.5728684551313987,
  "dvars_vstd": 0.9829301709681877,
  "efc": 0.4381876249796824,
  "fber": 40538.6953125,
  "fd_mean": 0.04877147527247503,
  "fd_num": 3,
  "fd_perc": 0.4143646408839779,
  "fwhm_avg": 2.4292973188561633,
  "fwhm_x": 2.25095,
  "fwhm_y": 2.757625,
  "fwhm_z": 2.27931695656849,
  "gcor": 0.0371382,
  "gsr_x": -0.020862681791186333,
  "gsr_y": 0.028445910662412643,
  "provenance": {
    "md5sum": "d14ddd643e60e2d67ad11573fa71e509",
    "settings": {
      "fd_thres": 0.2,
      "hmc_fsl": false
    },
    "software": "mriqc",
    "version": "0.9.6"
  },
  "size_t": 724,
  "size_x": 64,
  "size_y": 64,
  "size_z": 32,
  "snr": 4.98561882715222,
  "spacing_tr": 2.5,
  "spacing_x": 4.0,
  "spacing_y": 4.0,
  "spacing_z": 4.000000953674316,
  "summary_bg_k": 28.36464540010869,
  "summary_bg_mad": 2.4368739128112793,
  "summary_bg_mean": 19.664743423461914,
  "summary_bg_median": 3.6408841609954834,
  "summary_bg_n": 82574.0,
  "summary_bg_p05": 1.511049747467041,
  "summary_bg_p95": 106.14890136718739,
  "summary_bg_stdv": 52.05815124511719,
  "summary_fg_k": 3.6707094003295344,
  "summary_fg_mad": 110.07299041748047,
  "summary_fg_mean": 747.9924926757812,
  "summary_fg_median": 762.2997436523438,
  "summary_fg_n": 21659.0,
  "summary_fg_p05": 464.1703216552735,
  "summary_fg_p95": 949.8273742675781,
  "summary_fg_stdv": 152.8961944580078,
  "tsnr": 92.34529113769531
}