{
  "aor": 0.002604015151515152,
  "aqi": 0.0040698590909090905,
  "bids_meta": {
    "EchoTime": 0.027,
    "FlipAngle": 90,
    "MagneticFieldStrength": 3.0,
    "Manufacturer": "Siemens",
    "ManufacturersModelName": "MAGNETOM Trio",
    "ReceiveCoilName": "Siemens 12 channel Head Matrix Coil (Erlangen, Germany)",
    "RepetitionTime": 2.5,
    "TaskName": "rest",
    "modality": "bold",
    "run_id": "1",
    "subject_id": "065",
    "task_id": "rest"
  },
  "dummy_trs": 0,
  "dvars_nstd": 16.96819373885495,
  "dvars_std": 1.2584208177099239,
  "dvars_vstd": 0.9932319258015269,
  "efc": 0.40310153773519836,
  "fber": 48157.03515625,
  "fd_mean": 0.07722314844690933,
  "fd_num": 8,
  "fd_perc": 6.0606060606060606,
  "fwhm_avg": 2.517251576040696,
  "fwhm_x": 2.3489275,
  "fwhm_y": 2.92215,
  "fwhm_z": 2.2806772281220877,
  "gcor": 0.031842,
  "gsr_x": -0.012443237006664276,
  "gsr_y": 0.019019849598407745,
  "provenance": {
    "md5sum": "29ecfc0285bfac4e1397f7dd617e116c",
    "settings": {
      "fd_thres": 0.2,
      "hmc_fsl": false
    },
    "software": "mriqc",
    "version": "0.9.6"
  },
  "size_t": 132,
  "size_x": 64,
  "size_y": 64,
  "size_z": 32,
  "snr": 4.99043334418475,
  "spacing_tr": 2.5,
  "spacing_x": 4.0,
  "spacing_y": 4.0,
  "spacing_z": 4.000000476837158,
  "summary_bg_k": 64.7112250741388,
  "summary_bg_mad": 1.976803183555603,
  "summary_bg_mean": 12.930253982543945,
  "summary_bg_median": 3.1742424964904785,
  "summary_bg_n": 84865.0,
  "summary_bg_p05": 1.3333333730697632,
  "summary_bg_p95": 64.78484954833989,
  "summary_bg_stdv": 32.22602081298828,
  "summary_fg_k": 3.842162141004777,
  "summary_fg_mad": 97.11605834960938,
  "summary_fg_mean": 703.1576538085938,
  "summary_fg_median": 721.2916870117188,
  "summary_fg_n": 19740.0,
  "summary_fg_p05": 424.7341049194336,
  "summary_fg_p95": 883.1621490478516,
  "summary_fg_stdv": 144.53121948242188,
  "tsnr": 89.853515625
}