{
  "aor": 0.002682121212121212,
  "aqi": 0.0055705496969696965,
  "bids_meta": {
    "EchoTime": 0.027,
    "FlipAngle": 90,
    "MagneticFieldStrength": 3.0,
    "Manufacturer": "Siemens",
    "ManufacturersModelName": "MAGNETOM Trio",
    "ReceiveCoilName": "Siemens 12 channel Head Matrix Coil (Erlangen, Germany)",
    "RepetitionTime": 2.5,
    "TaskName": "rest",
    "modality": "bold",
    "run_id": "1",
    "subject_id": "060",
    "task_id": "rest"
  },
  "dummy_trs": 0,
  "dvars_nstd": 19.245778135114502,
  "dvars_std": 1.263585112366412,
  "dvars_vstd": 0.9724676506106875,
  "efc": 0.41207164168391475,
  "fber": 46557.78515625,
  "fd_mean": 0.13849107570683428,
  "fd_num": 25,
  "fd_perc": 18.939393939393938,
  "fwhm_avg": 2.5265873096679106,
  "fwhm_x": 2.23608,
  "fwhm_y": 2.94875,
  "fwhm_z": 2.3949319290037323,
  "gcor": 0.0160446,
  "gsr_x": -0.015156063251197338,
  "gsr_y": 0.01775958575308323,
  "provenance": {
    "md5sum": "e669cde0c041fb7bc29153bd0fc0672e",
    "settings": {
      "fd_thres": 0.2,
      "hmc_fsl": false
    },
    "software": "mriqc",
    "version": "0.9.6"
  },
  "size_t": 132,
  "size_x": 64,
  "size_y": 64,
  "size_z": 32,
  "snr": 5.276485614587753,
  "spacing_tr": 2.5,
  "spacing_x": 4.0,
  "spacing_y": 4.0,
  "spacing_z": 4.000000953674316,
  "summary_bg_k": 41.736233436051165,
  "summary_bg_mad": 2.3811490535736084,
  "summary_bg_mean": 15.507868766784668,
  "summary_bg_median": 3.3712122440338135,
  "summary_bg_n": 84225.0,
  "summary_bg_p05": 1.2954546213150024,
  "summary_bg_p95": 79.99696960449224,
  "summary_bg_stdv": 37.164058685302734,
  "summary_fg_k": 4.703255761927625,
  "summary_fg_mad": 102.76006317138672,
  "summary_fg_mean": 742.038330078125,
  "summary_fg_median": 757.7879028320312,
  "summary_fg_n": 20287.0,
  "summary_fg_p05": 481.08106994628906,
  "summary_fg_p95": 923.9894470214845,
  "summary_fg_stdv": 143.61248779296875,
  "tsnr": 79.6644287109375
}