{
  "aor": 0.003498787878787879,
  "aqi": 0.007555476136363636,
  "bids_meta": {
    "EchoTime": 0.027,
    "FlipAngle": 90,
    "MagneticFieldStrength": 3.0,
    "Manufacturer": "Siemens",
    "ManufacturersModelName": "MAGNETOM Trio",
    "ReceiveCoilName": "Siemens 12 channel Head Matrix Coil (Erlangen, Germany)",
    "RepetitionTime": 2.5,
    "TaskName": "rest",
    "modality": "bold",
    "run_id": "1",
    "subject_id": "066",
    "task_id": "rest"
  },
  "dummy_trs": 0,
  "dvars_nstd": 19.756115862595422,
  "dvars_std": 1.2316442916793897,
  "dvars_vstd": 0.9299731320610685,
  "efc": 0.39904081916278117,
  "fber": 45660.49609375,
  "fd_mean": 0.10733355872288247,
  "fd_num": 14,
  "fd_perc": 10.606060606060606,
  "fwhm_avg": 2.651918968318748,
  "fwhm_x": 2.3891125,
  "fwhm_y": 3.07085,
  "fwhm_z": 2.4957944049562446,
  "gcor": 0.0302389,
  "gsr_x": -0.013992429710924625,
  "gsr_y": 0.015176980756223202,
  "provenance": {
    "md5sum": "59fa97fbb559c585458bbabab9f1203d",
    "settings": {
      "fd_thres": 0.2,
      "hmc_fsl": false
    },
    "software": "mriqc",
    "version": "0.9.6"
  },
  "size_t": 132,
  "size_x": 64,
  "size_y": 64,
  "size_z": 32,
  "snr": 4.3587963357062245,
  "spacing_tr": 2.5,
  "spacing_x": 4.0,
  "spacing_y": 4.0,
  "spacing_z": 4.000000953674316,
  "summary_bg_k": 54.43702330503548,
  "summary_bg_mad": 2.156512498855591,
  "summary_bg_mean": 12.051461219787598,
  "summary_bg_median": 3.303030490875244,
  "summary_bg_n": 85135.0,
  "summary_bg_p05": 1.4848484992980957,
  "summary_bg_p95": 59.582578277587956,
  "summary_bg_stdv": 28.680490493774414,
  "summary_fg_k": 2.8479077931565717,
  "summary_fg_mad": 112.50927734375,
  "summary_fg_mean": 708.7999267578125,
  "summary_fg_median": 736.3333740234375,
  "summary_fg_n": 19617.0,
  "summary_fg_p05": 340.3424255371094,
  "summary_fg_p95": 915.712158203125,
  "summary_fg_stdv": 168.92613220214844,
  "tsnr": 59.922203063964844
}