{
  "bids_meta": {
    "EchoTime": 0.03,
    "FlipAngle": 8,
    "MagneticFieldStrength": 3.0,
    "Manufacturer": "Siemens",
    "ManufacturersModelName": "MAGNETOM Trio",
    "ReceiveCoilName": "Siemens 12 channel Head Matrix Coil (Erlangen, Germany)",
    "RepetitionTime": 2.4,
    "modality": "T1w",
    "subject_id": "081"
  },
  "cjv": 0.538590845774589,
  "cnr": 2.536608417592329,
  "efc": 0.5681555041444633,
  "fber": 1763.3251953125,
  "fwhm_avg": 3.408996735662822,
  "fwhm_x": 3.4726902069884664,
  "fwhm_y": 3.57637,
  "fwhm_z": 3.17793,
  "icvs_csf": 0.17380203553642914,
  "icvs_gm": 0.42892544583735615,
  "icvs_wm": 0.3972725186262147,
  "inu_med": 1.0512096881866455,
  "inu_range": 0.46328651607036586,
  "provenance": {
    "md5sum": "12841b8e3a8e75051bd804aa44860ac4",
    "mriqc_pred": 0,
    "settings": {
      "testing": false
    },
    "software": "mriqc",
    "version": "0.9.6",
    "warnings": {
      "large_rot_frame": true,
      "small_air_mask": false
    }
  },
  "qi_1": 0.0,
  "qi_2": 0.007113608364028647,
  "rpve_csf": 48.70789978373526,
  "rpve_gm": 21.688732743224392,
  "rpve_wm": 27.045054192313486,
  "size_x": 256,
  "size_y": 256,
  "size_z": 256,
  "snr_csf": 3.2561162689434817,
  "snr_gm": 10.566899071233397,
  "snr_total": 10.217886122120468,
  "snr_wm": 16.830643026184525,
  "snrd_csf": 19.345867663948933,
  "snrd_gm": 39.59372354425825,
  "snrd_total": 37.00672105489721,
  "snrd_wm": 52.080571956484455,
  "spacing_x": 0.9999999403953552,
  "spacing_y": 1.0,
  "spacing_z": 1.0,
  "summary_bg_k": 4.543485451040356,
  "summary_bg_mad": 12.579595565795898,
  "summary_bg_mean": 19.65800666809082,
  "summary_bg_median": 16.29840087890625,
  "summary_bg_n": 3925172.0,
  "summary_bg_p05": 3.3769139528274534,
  "summary_bg_p95": 48.46400947570797,
  "summary_bg_stdv": 15.101670265197754,
  "summary_csf_k": 6.888414081666886,
  "summary_csf_mad": 95.91447448730469,
  "summary_csf_mean": 388.6832275390625,
  "summary_csf_median": 371.4695129394531,
  "summary_csf_n": 12167.0,
  "summary_csf_p05": 242.8577865600586,
  "summary_csf_p95": 598.6615539550779,
  "summary_csf_stdv": 114.07892608642578,
  "summary_gm_k": 0.11119178000876095,
  "summary_gm_mad": 71.0025634765625,
  "summary_gm_mean": 762.8076782226562,
  "summary_gm_median": 760.258544921875,
  "summary_gm_n": 15298.0,
  "summary_gm_p05": 646.4640625,
  "summary_gm_p95": 884.1772491455079,
  "summary_gm_stdv": 71.94482421875,
  "summary_wm_k": 0.1936328771656548,
  "summary_wm_mad": 58.133270263671875,
  "summary_wm_mean": 1000.7652587890625,
  "summary_wm_median": 1000.024658203125,
  "summary_wm_n": 203784.0,
  "summary_wm_p05": 904.5303558349609,
  "summary_wm_p95": 1099.5897827148435,
  "summary_wm_stdv": 59.41675567626953,
  "tpm_overlap_csf": 0.231817364692688,
  "tpm_overlap_gm": 0.5101121664047241,
  "tpm_overlap_wm": 0.5551052689552307,
  "wm2max": 0.5935983052366025
}