{
  "aor": 0.002987045454545455,
  "aqi": 0.0038808329545454543,
  "bids_meta": {
    "EchoTime": 0.027,
    "FlipAngle": 90,
    "MagneticFieldStrength": 3.0,
    "Manufacturer": "Siemens",
    "ManufacturersModelName": "MAGNETOM Trio",
    "ReceiveCoilName": "Siemens 12 channel Head Matrix Coil (Erlangen, Germany)",
    "RepetitionTime": 2.5,
    "TaskName": "rest",
    "modality": "bold",
    "run_id": "1",
    "subject_id": "096",
    "task_id": "rest"
  },
  "dummy_trs": 0,
  "dvars_nstd": 19.239646962671756,
  "dvars_std": 1.4499928598473277,
  "dvars_vstd": 1.0060881738931293,
  "efc": 0.4020282499255347,
  "fber": 49174.609375,
  "fd_mean": 0.08823404594976036,
  "fd_num": 12,
  "fd_perc": 9.090909090909092,
  "fwhm_avg": 2.4811597070635414,
  "fwhm_x": 2.175,
  "fwhm_y": 2.81115,
  "fwhm_z": 2.4573291211906234,
  "gcor": 0.0434416,
  "gsr_x": -0.01237814873456955,
  "gsr_y": 0.006166313774883747,
  "provenance": {
    "md5sum": "d6cd9e5a5da2f457fe08db3e4fabc455",
    "settings": {
      "fd_thres": 0.2,
      "hmc_fsl": false
    },
    "software": "mriqc",
    "version": "0.9.6"
  },
  "size_t": 132,
  "size_x": 64,
  "size_y": 64,
  "size_z": 32,
  "snr": 5.252810063416998,
  "spacing_tr": 2.5,
  "spacing_x": 4.0,
  "spacing_y": 4.0,
  "spacing_z": 4.000001430511475,
  "summary_bg_k": 50.06349938492991,
  "summary_bg_mad": 2.4148447513580322,
  "summary_bg_mean": 15.7064847946167,
  "summary_bg_median": 3.8257577419281006,
  "summary_bg_n": 85781.0,
  "summary_bg_p05": 1.6590909957885742,
  "summary_bg_p95": 72.53030395507812,
  "summary_bg_stdv": 43.334083557128906,
  "summary_fg_k": 4.459078390863846,
  "summary_fg_mad": 116.00240325927734,
  "summary_fg_mean": 857.7787475585938,
  "summary_fg_median": 876.3636474609375,
  "summary_fg_n": 19469.0,
  "summary_fg_p05": 539.0439575195312,
  "summary_fg_p95": 1069.447021484375,
  "summary_fg_stdv": 166.83282470703125,
  "tsnr": 105.7775650024414
}