{
  "bids_meta": {
    "EchoTime": 0.03,
    "FlipAngle": 8,
    "MagneticFieldStrength": 3.0,
    "Manufacturer": "Siemens",
    "ManufacturersModelName": "MAGNETOM Trio",
    "ReceiveCoilName": "Siemens 12 channel Head Matrix Coil (Erlangen, Germany)",
    "RepetitionTime": 2.4,
    "modality": "T1w",
    "subject_id": "049"
  },
  "cjv": 0.3796787456148908,
  "cnr": 3.416131832571992,
  "efc": 0.529921600407682,
  "fber": 2049.033203125,
  "fwhm_avg": 3.2151,
  "fwhm_x": 3.25759,
  "fwhm_y": 3.37128,
  "fwhm_z": 3.01643,
  "icvs_csf": 0.19820905751710685,
  "icvs_gm": 0.4270946487047947,
  "icvs_wm": 0.3746962937780985,
  "inu_med": 1.0766515731811523,
  "inu_range": 0.3208792060613632,
  "provenance": {
    "md5sum": "1098d811006c6c191ebde01e88afe084",
    "mriqc_pred": 0,
    "settings": {
      "testing": false
    },
    "software": "mriqc",
    "version": "0.9.6",
    "warnings": {
      "large_rot_frame": true,
      "small_air_mask": false
    }
  },
  "qi_1": 0.0,
  "qi_2": 0.01682514476601061,
  "rpve_csf": 28.79362971792415,
  "rpve_gm": 14.478277455500765,
  "rpve_wm": 20.321068474268777,
  "size_x": 176,
  "size_y": 256,
  "size_z": 256,
  "snr_csf": 3.7515160053121366,
  "snr_gm": 8.509376446688844,
  "snr_total": 10.759286978394535,
  "snr_wm": 20.016968483182623,
  "snrd_csf": 32.28803972808051,
  "snrd_gm": 51.323823871860206,
  "snrd_total": 53.13505925397229,
  "snrd_wm": 75.79331416197613,
  "spacing_x": 1.0,
  "spacing_y": 1.0,
  "spacing_z": 1.0,
  "summary_bg_k": 3.3300025465115333,
  "summary_bg_mad": 8.643722534179688,
  "summary_bg_mean": 13.871440887451172,
  "summary_bg_median": 11.326608657836914,
  "summary_bg_n": 3338798.0,
  "summary_bg_p05": 2.4755840182304385,
  "summary_bg_p95": 33.165626525878906,
  "summary_bg_stdv": 10.170856475830078,
  "summary_csf_k": 0.3810335081754901,
  "summary_csf_mad": 77.18875122070312,
  "summary_csf_mean": 395.0951232910156,
  "summary_csf_median": 426.00115966796875,
  "summary_csf_n": 9619.0,
  "summary_csf_p05": 160.98438568115236,
  "summary_csf_p95": 533.9071655273439,
  "summary_csf_stdv": 113.54850006103516,
  "summary_gm_k": 0.2085602524402348,
  "summary_gm_mad": 75.9150390625,
  "summary_gm_mean": 678.3792114257812,
  "summary_gm_median": 677.155029296875,
  "summary_gm_n": 16146.0,
  "summary_gm_p05": 546.2716522216797,
  "summary_gm_p95": 812.7035675048828,
  "summary_gm_stdv": 79.5750503540039,
  "summary_wm_k": 0.6250488364665356,
  "summary_wm_mad": 46.66233444213867,
  "summary_wm_mean": 998.3138427734375,
  "summary_wm_median": 1000.0,
  "summary_wm_n": 187292.0,
  "summary_wm_p05": 913.1016510009765,
  "summary_wm_p95": 1076.4123840332031,
  "summary_wm_stdv": 49.957481384277344,
  "tpm_overlap_csf": 0.21519532799720764,
  "tpm_overlap_gm": 0.5089733004570007,
  "tpm_overlap_wm": 0.5697045922279358,
  "wm2max": 0.6247388036327008
}