{
  "bids_meta": {
    "EchoTime": 0.03,
    "FlipAngle": 8,
    "MagneticFieldStrength": 3.0,
    "Manufacturer": "Siemens",
    "ManufacturersModelName": "MAGNETOM Trio",
    "ReceiveCoilName": "Siemens 12 channel Head Matrix Coil (Erlangen, Germany)",
    "RepetitionTime": 2.4,
    "modality": "T1w",
    "subject_id": "107"
  },
  "cjv": 0.43057324907082206,
  "cnr": 3.0666659015304627,
  "efc": 0.6033822488781672,
  "fber": 1065.76318359375,
  "fwhm_avg": 3.207686666666666,
  "fwhm_x": 3.24438,
  "fwhm_y": 3.40338,
  "fwhm_z": 2.9753,
  "icvs_csf": 0.20406499041427384,
  "icvs_gm": 0.4014827595869866,
  "icvs_wm": 0.39445224999873957,
  "inu_med": 1.2229878902435303,
  "inu_range": 0.39084532260894744,
  "provenance": {
    "md5sum": "be7cce8a931b4aa05ad715a5f5738411",
    "mriqc_pred": 0,
    "settings": {
      "testing": false
    },
    "software": "mriqc",
    "version": "0.9.6",
    "warnings": {
      "large_rot_frame": true,
      "small_air_mask": false
    }
  },
  "qi_1": 0.0,
  "qi_2": 0.010563265263665744,
  "rpve_csf": 22.46716565845677,
  "rpve_gm": 11.900466670652616,
  "rpve_wm": 15.34915759809932,
  "size_x": 176,
  "size_y": 256,
  "size_z": 256,
  "snr_csf": 3.5318108364936354,
  "snr_gm": 8.243016634739725,
  "snr_total": 9.595205916937731,
  "snr_wm": 17.010790279579833,
  "snrd_csf": 23.386685501304694,
  "snrd_gm": 37.51946240412681,
  "snrd_total": 38.561940142980596,
  "snrd_wm": 54.77967252351028,
  "spacing_x": 1.0,
  "spacing_y": 1.0,
  "spacing_z": 1.0,
  "summary_bg_k": 3.204760042618534,
  "summary_bg_mad": 11.959524154663086,
  "summary_bg_mean": 19.40729331970215,
  "summary_bg_median": 15.853981018066406,
  "summary_bg_n": 3707390.0,
  "summary_bg_p05": 3.5109812140464784,
  "summary_bg_p95": 46.222041511535636,
  "summary_bg_stdv": 14.038195610046387,
  "summary_csf_k": 1.3804171515513337,
  "summary_csf_mad": 104.80004119873047,
  "summary_csf_mean": 411.5900573730469,
  "summary_csf_median": 426.9242858886719,
  "summary_csf_n": 6099.0,
  "summary_csf_p05": 181.0500778198242,
  "summary_csf_p95": 581.8238647460935,
  "summary_csf_stdv": 120.86980438232422,
  "summary_gm_k": 0.24169271146693028,
  "summary_gm_mad": 79.18013763427734,
  "summary_gm_mean": 687.2514038085938,
  "summary_gm_median": 684.9183349609375,
  "summary_gm_n": 17960.0,
  "summary_gm_p05": 555.1350067138671,
  "summary_gm_p95": 832.2835479736328,
  "summary_gm_stdv": 83.08842468261719,
  "summary_wm_k": 0.358972174322969,
  "summary_wm_mad": 56.48720169067383,
  "summary_wm_mean": 999.529296875,
  "summary_wm_median": 1000.0037231445312,
  "summary_wm_n": 254213.0,
  "summary_wm_p05": 902.2951538085938,
  "summary_wm_p95": 1094.8433837890625,
  "summary_wm_stdv": 58.786319732666016,
  "tpm_overlap_csf": 0.18158313632011414,
  "tpm_overlap_gm": 0.47586655616760254,
  "tpm_overlap_wm": 0.5532175898551941,
  "wm2max": 0.562194375736922
}