{
  "bids_meta": {
    "EchoTime": 0.03,
    "FlipAngle": 8,
    "MagneticFieldStrength": 3.0,
    "Manufacturer": "Siemens",
    "ManufacturersModelName": "MAGNETOM Trio",
    "ReceiveCoilName": "Siemens 12 channel Head Matrix Coil (Erlangen, Germany)",
    "RepetitionTime": 2.4,
    "modality": "T1w",
    "subject_id": "066"
  },
  "cjv": 0.4378683881315785,
  "cnr": 3.0511754994019955,
  "efc": 0.5616581587260921,
  "fber": 1804.58056640625,
  "fwhm_avg": 3.4367266666666665,
  "fwhm_x": 3.47841,
  "fwhm_y": 3.59585,
  "fwhm_z": 3.23592,
  "icvs_csf": 0.1934562034120586,
  "icvs_gm": 0.4205152209811755,
  "icvs_wm": 0.3860285756067659,
  "inu_med": 1.104467749595642,
  "inu_range": 0.401232624053955,
  "provenance": {
    "md5sum": "266f3ae593ed252a1392aa1b91651aff",
    "mriqc_pred": 0,
    "settings": {
      "testing": false
    },
    "software": "mriqc",
    "version": "0.9.6",
    "warnings": {
      "large_rot_frame": true,
      "small_air_mask": false
    }
  },
  "qi_1": 0.0,
  "qi_2": 0.006885126541091407,
  "rpve_csf": 40.43399114150585,
  "rpve_gm": 19.639553589263826,
  "rpve_wm": 25.209447746409115,
  "size_x": 256,
  "size_y": 256,
  "size_z": 256,
  "snr_csf": 3.245534010252454,
  "snr_gm": 10.958866608782293,
  "snr_total": 11.008607662216733,
  "snr_wm": 18.821422367615448,
  "snrd_csf": 21.09002943518453,
  "snrd_gm": 40.61825946757631,
  "snrd_total": 38.97991515125147,
  "snrd_wm": 55.231456550993556,
  "spacing_x": 1.0,
  "spacing_y": 1.0,
  "spacing_z": 1.0,
  "summary_bg_k": 5.714495113584933,
  "summary_bg_mad": 11.861751556396484,
  "summary_bg_mean": 18.050783157348633,
  "summary_bg_median": 14.928214073181152,
  "summary_bg_n": 3712078.0,
  "summary_bg_p05": 3.0830193042755125,
  "summary_bg_p95": 44.3023021697998,
  "summary_bg_stdv": 13.908794403076172,
  "summary_csf_k": 0.3648523358959501,
  "summary_csf_mad": 113.51956176757812,
  "summary_csf_mean": 396.9170227050781,
  "summary_csf_median": 381.851318359375,
  "summary_csf_n": 16200.0,
  "summary_csf_p05": 229.27970809936525,
  "summary_csf_p95": 608.6066009521484,
  "summary_csf_stdv": 117.6507568359375,
  "summary_gm_k": 0.1722727994443365,
  "summary_gm_mad": 64.95252990722656,
  "summary_gm_mean": 738.7383422851562,
  "summary_gm_median": 735.425048828125,
  "summary_gm_n": 14325.0,
  "summary_gm_p05": 631.6632690429688,
  "summary_gm_p95": 853.7010742187499,
  "summary_gm_stdv": 67.10542297363281,
  "summary_wm_k": 0.516571460837322,
  "summary_wm_mad": 50.90011215209961,
  "summary_wm_mean": 1001.1372680664062,
  "summary_wm_median": 1000.00830078125,
  "summary_wm_n": 213209.0,
  "summary_wm_p05": 916.0558471679688,
  "summary_wm_p95": 1089.4677001953123,
  "summary_wm_stdv": 53.131263732910156,
  "tpm_overlap_csf": 0.23555469512939453,
  "tpm_overlap_gm": 0.5101195573806763,
  "tpm_overlap_wm": 0.5640325546264648,
  "wm2max": 0.5844348646791196
}