{
  "aor": 0.004162083333333333,
  "aqi": 0.0104158296875,
  "bids_meta": {
    "EchoTime": 0.027,
    "FlipAngle": 90,
    "MagneticFieldStrength": 3.0,
    "Manufacturer": "Siemens",
    "ManufacturersModelName": "MAGNETOM Trio",
    "ReceiveCoilName": "Siemens 12 channel Head Matrix Coil (Erlangen, Germany)",
    "RepetitionTime": 2.5,
    "TaskName": "rest",
    "modality": "bold",
    "run_id": "1",
    "subject_id": "069",
    "task_id": "rest"
  },
  "dummy_trs": 0,
  "dvars_nstd": 22.736089662797475,
  "dvars_std": 1.3950503674112729,
  "dvars_vstd": 0.9770902816283913,
  "efc": 0.4436724121146136,
  "fber": 39806.16796875,
  "fd_mean": 0.12553190320339305,
  "fd_num": 85,
  "fd_perc": 17.708333333333332,
  "fwhm_avg": 2.5017872113643134,
  "fwhm_x": 2.272085,
  "fwhm_y": 2.812025,
  "fwhm_z": 2.421251634092939,
  "gcor": 0.0503246,
  "gsr_x": -0.018727852031588554,
  "gsr_y": 0.02557757869362831,
  "provenance": {
    "md5sum": "80c792f9afeb39933500d1f78a1dc61d",
    "settings": {
      "fd_thres": 0.2,
      "hmc_fsl": false
    },
    "software": "mriqc",
    "version": "0.9.6"
  },
  "size_t": 480,
  "size_x": 64,
  "size_y": 64,
  "size_z": 32,
  "snr": 5.748564271064423,
  "spacing_tr": 2.5,
  "spacing_x": 4.0,
  "spacing_y": 4.0,
  "spacing_z": 4.000001430511475,
  "summary_bg_k": 33.663419501195094,
  "summary_bg_mad": 2.6439743041992188,
  "summary_bg_mean": 20.3693790435791,
  "summary_bg_median": 3.8083336353302,
  "summary_bg_n": 81734.0,
  "summary_bg_p05": 1.5625001192092896,
  "summary_bg_p95": 118.31188278198238,
  "summary_bg_stdv": 52.7668571472168,
  "summary_fg_k": 6.265690099601414,
  "summary_fg_mad": 88.2735595703125,
  "summary_fg_mean": 768.8449096679688,
  "summary_fg_median": 781.9822998046875,
  "summary_fg_n": 22372.0,
  "summary_fg_p05": 531.2702423095703,
  "summary_fg_p95": 938.4214050292969,
  "summary_fg_stdv": 136.02784729003906,
  "tsnr": 67.91229248046875
}