{
  "bids_meta": {
    "EchoTime": 0.03,
    "FlipAngle": 8,
    "MagneticFieldStrength": 3.0,
    "Manufacturer": "Siemens",
    "ManufacturersModelName": "MAGNETOM Trio",
    "ReceiveCoilName": "Siemens 12 channel Head Matrix Coil (Erlangen, Germany)",
    "RepetitionTime": 2.4,
    "modality": "T1w",
    "subject_id": "053"
  },
  "cjv": 0.35657285611574635,
  "cnr": 3.6813074365801515,
  "efc": 0.5291422950633506,
  "fber": 2063.780029296875,
  "fwhm_avg": 3.317043333333333,
  "fwhm_x": 3.34006,
  "fwhm_y": 3.49247,
  "fwhm_z": 3.1186,
  "icvs_csf": 0.18551303704865804,
  "icvs_gm": 0.4480180744120286,
  "icvs_wm": 0.3664688885393133,
  "inu_med": 1.081502914428711,
  "inu_range": 0.3758050203323364,
  "provenance": {
    "md5sum": "ca4d7bc435f9cae6e7ca629b97c5d04e",
    "mriqc_pred": 0,
    "settings": {
      "testing": false
    },
    "software": "mriqc",
    "version": "0.9.6",
    "warnings": {
      "large_rot_frame": true,
      "small_air_mask": false
    }
  },
  "qi_1": 0.0,
  "qi_2": 0.01298801209747309,
  "rpve_csf": 28.895595465237186,
  "rpve_gm": 13.410417403608065,
  "rpve_wm": 19.15980213285795,
  "size_x": 176,
  "size_y": 256,
  "size_z": 256,
  "snr_csf": 2.6073322837714477,
  "snr_gm": 9.612206271740636,
  "snr_total": 10.049463257936855,
  "snr_wm": 17.928851218298483,
  "snrd_csf": 26.534170875395183,
  "snrd_gm": 49.08200688211046,
  "snrd_total": 49.65433113763322,
  "snrd_wm": 73.34681565539401,
  "spacing_x": 1.0,
  "spacing_y": 1.0,
  "spacing_z": 1.0,
  "summary_bg_k": 4.1002843957588375,
  "summary_bg_mad": 8.932025909423828,
  "summary_bg_mean": 14.250885963439941,
  "summary_bg_median": 11.912732124328613,
  "summary_bg_n": 3765585.0,
  "summary_bg_p05": 0.0,
  "summary_bg_p95": 34.993527221679685,
  "summary_bg_stdv": 10.887619018554688,
  "summary_csf_k": 14.017715292201068,
  "summary_csf_mad": 158.3447265625,
  "summary_csf_mean": 348.6383972167969,
  "summary_csf_median": 361.7626953125,
  "summary_csf_n": 8516.0,
  "summary_csf_p05": 146.3191146850586,
  "summary_csf_p95": 539.7704467773438,
  "summary_csf_stdv": 138.7400665283203,
  "summary_gm_k": 0.4093485457821546,
  "summary_gm_mad": 66.09687805175781,
  "summary_gm_mean": 669.4801635742188,
  "summary_gm_median": 669.1763305664062,
  "summary_gm_n": 19638.0,
  "summary_gm_p05": 554.2432800292968,
  "summary_gm_p95": 783.7119659423828,
  "summary_gm_stdv": 69.6155776977539,
  "summary_wm_k": 0.6513763820589946,
  "summary_wm_mad": 51.86547088623047,
  "summary_wm_mean": 997.9035034179688,
  "summary_wm_median": 999.9989013671875,
  "summary_wm_n": 185325.0,
  "summary_wm_p05": 902.4696533203124,
  "summary_wm_p95": 1085.3346923828124,
  "summary_wm_stdv": 55.77581024169922,
  "tpm_overlap_csf": 0.2262483686208725,
  "tpm_overlap_gm": 0.5241549611091614,
  "tpm_overlap_wm": 0.5547457337379456,
  "wm2max": 0.6243823474290583
}