{
  "bids_meta": {
    "EchoTime": 0.03,
    "FlipAngle": 8,
    "MagneticFieldStrength": 3.0,
    "Manufacturer": "Siemens",
    "ManufacturersModelName": "MAGNETOM Trio",
    "ReceiveCoilName": "Siemens 12 channel Head Matrix Coil (Erlangen, Germany)",
    "RepetitionTime": 2.4,
    "modality": "T1w",
    "subject_id": "086"
  },
  "cjv": 0.40081523832090726,
  "cnr": 3.342390361317858,
  "efc": 0.5457684294485833,
  "fber": 2110.208251953125,
  "fwhm_avg": 3.510340065285567,
  "fwhm_x": 3.62075,
  "fwhm_y": 3.62434,
  "fwhm_z": 3.285930195856702,
  "icvs_csf": 0.18447842109089801,
  "icvs_gm": 0.42384684616481566,
  "icvs_wm": 0.3916747327442863,
  "inu_med": 1.0647143125534058,
  "inu_range": 0.39862864017486577,
  "provenance": {
    "md5sum": "74b89cd1335878b21399a98e15627557",
    "mriqc_pred": 0,
    "settings": {
      "testing": false
    },
    "software": "mriqc",
    "version": "0.9.6",
    "warnings": {
      "large_rot_frame": true,
      "small_air_mask": false
    }
  },
  "qi_1": 2.7379439423256097e-05,
  "qi_2": 0.0076598183435955996,
  "rpve_csf": 47.69459532746293,
  "rpve_gm": 22.386637960034985,
  "rpve_wm": 28.28826063981139,
  "size_x": 256,
  "size_y": 256,
  "size_z": 256,
  "snr_csf": 3.1713329374345136,
  "snr_gm": 11.887327347371114,
  "snr_total": 11.6887041405479,
  "snr_wm": 20.007452136838072,
  "snrd_csf": 24.637759645791913,
  "snrd_gm": 52.30588010290893,
  "snrd_total": 49.51335183817819,
  "snrd_wm": 71.59641576583374,
  "spacing_x": 1.0,
  "spacing_y": 1.0,
  "spacing_z": 0.9999999403953552,
  "summary_bg_k": 189.2243198373133,
  "summary_bg_mad": 9.150347709655762,
  "summary_bg_mean": 16.060523986816406,
  "summary_bg_median": 13.146308898925781,
  "summary_bg_n": 3526675.0,
  "summary_bg_p05": 0.0,
  "summary_bg_p95": 38.77721328735351,
  "summary_bg_stdv": 14.942429542541504,
  "summary_csf_k": 0.6767309212508885,
  "summary_csf_mad": 98.02279663085938,
  "summary_csf_mean": 365.0448913574219,
  "summary_csf_median": 344.1177673339844,
  "summary_csf_n": 12516.0,
  "summary_csf_p05": 224.9999542236328,
  "summary_csf_p95": 573.4060363769531,
  "summary_csf_stdv": 108.5045394897461,
  "summary_gm_k": 0.08743858087796497,
  "summary_gm_mad": 60.56336212158203,
  "summary_gm_mean": 730.0604248046875,
  "summary_gm_median": 730.5608520507812,
  "summary_gm_n": 15025.0,
  "summary_gm_p05": 628.50771484375,
  "summary_gm_p95": 831.3136474609372,
  "summary_gm_stdv": 61.45507049560547,
  "summary_wm_k": 0.42208726064908,
  "summary_wm_mad": 47.42933654785156,
  "summary_wm_mean": 999.0103759765625,
  "summary_wm_median": 999.9934692382812,
  "summary_wm_n": 190337.0,
  "summary_wm_p05": 914.7925903320313,
  "summary_wm_p95": 1079.0298095703124,
  "summary_wm_stdv": 49.980918884277344,
  "tpm_overlap_csf": 0.2398420125246048,
  "tpm_overlap_gm": 0.5030617117881775,
  "tpm_overlap_wm": 0.5429587960243225,
  "wm2max": 0.6084501752717826
}