{
  "aor": 0.0028229545454545456,
  "aqi": 0.004086399772727273,
  "bids_meta": {
    "EchoTime": 0.027,
    "FlipAngle": 90,
    "MagneticFieldStrength": 3.0,
    "Manufacturer": "Siemens",
    "ManufacturersModelName": "MAGNETOM Trio",
    "ReceiveCoilName": "Siemens 12 channel Head Matrix Coil (Erlangen, Germany)",
    "RepetitionTime": 2.5,
    "TaskName": "rest",
    "modality": "bold",
    "run_id": "1",
    "subject_id": "068",
    "task_id": "rest"
  },
  "dummy_trs": 0,
  "dvars_nstd": 18.684286321221375,
  "dvars_std": 1.3580820667175573,
  "dvars_vstd": 0.9829352040458014,
  "efc": 0.3950978191658781,
  "fber": 40274.1015625,
  "fd_mean": 0.12028419300527465,
  "fd_num": 11,
  "fd_perc": 8.333333333333334,
  "fwhm_avg": 2.5196400484379162,
  "fwhm_x": 2.33836,
  "fwhm_y": 2.7826,
  "fwhm_z": 2.4379601453137485,
  "gcor": 0.061576,
  "gsr_x": -0.009325692430138588,
  "gsr_y": 0.011246995069086552,
  "provenance": {
    "md5sum": "1f7fd4e67c657c69a5f52a74723ad2c1",
    "settings": {
      "fd_thres": 0.2,
      "hmc_fsl": false
    },
    "software": "mriqc",
    "version": "0.9.6"
  },
  "size_t": 132,
  "size_x": 64,
  "size_y": 64,
  "size_z": 32,
  "snr": 4.876478095532628,
  "spacing_tr": 2.5,
  "spacing_x": 4.0,
  "spacing_y": 4.0,
  "spacing_z": 3.999999761581421,
  "summary_bg_k": 48.02633051516921,
  "summary_bg_mad": 2.6731767654418945,
  "summary_bg_mean": 17.18457794189453,
  "summary_bg_median": 4.439393997192383,
  "summary_bg_n": 86258.0,
  "summary_bg_p05": 2.060606002807617,
  "summary_bg_p95": 82.25113639831538,
  "summary_bg_stdv": 43.39567565917969,
  "summary_fg_k": 4.019296156754394,
  "summary_fg_mad": 136.63522338867188,
  "summary_fg_mean": 905.185791015625,
  "summary_fg_median": 930.3182373046875,
  "summary_fg_n": 18681.0,
  "summary_fg_p05": 543.257568359375,
  "summary_fg_p95": 1144.3787841796875,
  "summary_fg_stdv": 190.7715606689453,
  "tsnr": 89.99037170410156
}