{
  "bids_meta": {
    "EchoTime": 0.03,
    "FlipAngle": 8,
    "MagneticFieldStrength": 3.0,
    "Manufacturer": "Siemens",
    "ManufacturersModelName": "MAGNETOM Trio",
    "ReceiveCoilName": "Siemens 12 channel Head Matrix Coil (Erlangen, Germany)",
    "RepetitionTime": 2.4,
    "modality": "T1w",
    "subject_id": "094"
  },
  "cjv": 0.41629846108851054,
  "cnr": 3.16382327206209,
  "efc": 0.5992167252191063,
  "fber": 1410.9942626953125,
  "fwhm_avg": 3.3832598643605074,
  "fwhm_x": 3.4134795930815227,
  "fwhm_y": 3.57703,
  "fwhm_z": 3.15927,
  "icvs_csf": 0.19111330125950635,
  "icvs_gm": 0.4242259279185049,
  "icvs_wm": 0.38466077082198874,
  "inu_med": 1.051169991493225,
  "inu_range": 0.41206257939338664,
  "provenance": {
    "md5sum": "b825234b8d66bfc8a044c4b5c55b1324",
    "mriqc_pred": 0,
    "settings": {
      "testing": false
    },
    "software": "mriqc",
    "version": "0.9.6",
    "warnings": {
      "large_rot_frame": true,
      "small_air_mask": false
    }
  },
  "qi_1": 0.0,
  "qi_2": 0.006429622109616538,
  "rpve_csf": 21.346409785749803,
  "rpve_gm": 10.573122879948652,
  "rpve_wm": 14.35180044635021,
  "size_x": 176,
  "size_y": 256,
  "size_z": 256,
  "snr_csf": 2.1745484538223274,
  "snr_gm": 8.107830703007691,
  "snr_total": 9.421206198089662,
  "snr_wm": 17.981239437438965,
  "snrd_csf": 20.32090060318144,
  "snrd_gm": 43.33511551271139,
  "snrd_total": 42.48506969378849,
  "snrd_wm": 63.79919296547264,
  "spacing_x": 1.0000001192092896,
  "spacing_y": 1.0,
  "spacing_z": 1.0,
  "summary_bg_k": 3.6675057914551425,
  "summary_bg_mad": 10.268686294555664,
  "summary_bg_mean": 17.945409774780273,
  "summary_bg_median": 14.855141639709473,
  "summary_bg_n": 3604755.0,
  "summary_bg_p05": 2.7912262439727784,
  "summary_bg_p95": 42.50987739562987,
  "summary_bg_stdv": 12.940529823303223,
  "summary_csf_k": -0.6454244100446855,
  "summary_csf_mad": 179.51171875,
  "summary_csf_mean": 332.067138671875,
  "summary_csf_median": 318.5122375488281,
  "summary_csf_n": 8847.0,
  "summary_csf_p05": 126.92786026000977,
  "summary_csf_p95": 574.4007202148437,
  "summary_csf_stdv": 146.46453857421875,
  "summary_gm_k": 0.09445034575937816,
  "summary_gm_mad": 80.96905517578125,
  "summary_gm_mean": 680.8482666015625,
  "summary_gm_median": 679.2398071289062,
  "summary_gm_n": 28086.0,
  "summary_gm_p05": 544.6382141113281,
  "summary_gm_p95": 824.7054595947266,
  "summary_gm_stdv": 83.77428436279297,
  "summary_wm_k": 0.5068294705692371,
  "summary_wm_mad": 52.561344146728516,
  "summary_wm_mean": 999.5977172851562,
  "summary_wm_median": 999.9962158203125,
  "summary_wm_n": 289949.0,
  "summary_wm_p05": 907.7685668945312,
  "summary_wm_p95": 1089.7932373046874,
  "summary_wm_stdv": 55.61321258544922,
  "tpm_overlap_csf": 0.2142612189054489,
  "tpm_overlap_gm": 0.5019974708557129,
  "tpm_overlap_wm": 0.5581448078155518,
  "wm2max": 0.5979395537398832
}