{
  "aor": 0.0024277692307692307,
  "aqi": 0.00490218123076923,
  "bids_meta": {
    "EchoTime": 0.027,
    "FlipAngle": 90,
    "MagneticFieldStrength": 3.0,
    "Manufacturer": "Siemens",
    "ManufacturersModelName": "MAGNETOM Trio",
    "ReceiveCoilName": "Siemens 12 channel Head Matrix Coil (Erlangen, Germany)",
    "RepetitionTime": 2.5,
    "TaskName": "rest",
    "modality": "bold",
    "run_id": "1",
    "subject_id": "015",
    "task_id": "rest"
  },
  "dummy_trs": 0,
  "dvars_nstd": 16.94365536868218,
  "dvars_std": 1.318685105581395,
  "dvars_vstd": 0.9872606139534883,
  "efc": 0.44427302293134663,
  "fber": 31612.708984375,
  "fd_mean": 0.09124942476924604,
  "fd_num": 3,
  "fd_perc": 2.3076923076923075,
  "fwhm_avg": 2.560237005474212,
  "fwhm_x": 2.403405,
  "fwhm_y": 2.8412,
  "fwhm_z": 2.4361060164226362,
  "gcor": 0.0166796,
  "gsr_x": -0.010139870457351208,
  "gsr_y": 0.018022509291768074,
  "provenance": {
    "md5sum": "b0176b2c637785f13fb5d1e4ffc93206",
    "settings": {
      "fd_thres": 0.2,
      "hmc_fsl": false
    },
    "software": "mriqc",
    "version": "0.9.6"
  },
  "size_t": 130,
  "size_x": 64,
  "size_y": 64,
  "size_z": 32,
  "snr": 4.604413334848266,
  "spacing_tr": 2.5,
  "spacing_x": 4.0,
  "spacing_y": 4.0,
  "spacing_z": 3.9999983310699463,
  "summary_bg_k": 52.02907258436908,
  "summary_bg_mad": 2.9081811904907227,
  "summary_bg_mean": 17.32107162475586,
  "summary_bg_median": 4.115384578704834,
  "summary_bg_n": 80414.0,
  "summary_bg_p05": 1.6615384817123413,
  "summary_bg_p95": 86.77961578369134,
  "summary_bg_stdv": 43.926185607910156,
  "summary_fg_k": 3.322227606962973,
  "summary_fg_mad": 118.43714904785156,
  "summary_fg_mean": 742.5603637695312,
  "summary_fg_median": 764.015380859375,
  "summary_fg_n": 23263.0,
  "summary_fg_p05": 418.06614379882814,
  "summary_fg_p95": 955.483850097656,
  "summary_fg_stdv": 165.9275360107422,
  "tsnr": 79.59033203125
}