{
  "aor": 0.003976287878787879,
  "aqi": 0.023046291515151515,
  "bids_meta": {
    "EchoTime": 0.027,
    "FlipAngle": 90,
    "MagneticFieldStrength": 3.0,
    "Manufacturer": "Siemens",
    "ManufacturersModelName": "MAGNETOM Trio",
    "ReceiveCoilName": "Siemens 12 channel Head Matrix Coil (Erlangen, Germany)",
    "RepetitionTime": 2.5,
    "TaskName": "rest",
    "modality": "bold",
    "run_id": "1",
    "subject_id": "104",
    "task_id": "rest"
  },
  "dummy_trs": 0,
  "dvars_nstd": 21.487237668549618,
  "dvars_std": 1.0277532927480917,
  "dvars_vstd": 0.843098563816794,
  "efc": 0.4305968943054506,
  "fber": 36236.02734375,
  "fd_mean": 0.14544929503115028,
  "fd_num": 30,
  "fd_perc": 22.727272727272727,
  "fwhm_avg": 2.510527856031543,
  "fwhm_x": 2.292845,
  "fwhm_y": 2.8364,
  "fwhm_z": 2.4023385680946303,
  "gcor": 0.0154452,
  "gsr_x": -0.012769901193678379,
  "gsr_y": 0.022933706641197205,
  "provenance": {
    "md5sum": "af56ca33685caf0e1a709dced3dc8643",
    "settings": {
      "fd_thres": 0.2,
      "hmc_fsl": false
    },
    "software": "mriqc",
    "version": "0.9.6"
  },
  "size_t": 132,
  "size_x": 64,
  "size_y": 64,
  "size_z": 32,
  "snr": 4.827192145915167,
  "spacing_tr": 2.5,
  "spacing_x": 4.0,
  "spacing_y": 4.0,
  "spacing_z": 4.000002384185791,
  "summary_bg_k": 40.68134449321299,
  "summary_bg_mad": 2.4260764122009277,
  "summary_bg_mean": 16.233789443969727,
  "summary_bg_median": 3.446969747543335,
  "summary_bg_n": 82696.0,
  "summary_bg_p05": 1.3030303716659546,
  "summary_bg_p95": 87.78977394104004,
  "summary_bg_stdv": 38.2238655090332,
  "summary_fg_k": 3.362701101077608,
  "summary_fg_mad": 104.93899536132812,
  "summary_fg_mean": 669.6888427734375,
  "summary_fg_median": 685.0303344726562,
  "summary_fg_n": 21505.0,
  "summary_fg_p05": 389.5591064453125,
  "summary_fg_p95": 850.76669921875,
  "summary_fg_stdv": 141.9074249267578,
  "tsnr": 40.41104507446289
}