{
  "bids_meta": {
    "EchoTime": 0.03,
    "FlipAngle": 8,
    "MagneticFieldStrength": 3.0,
    "Manufacturer": "Siemens",
    "ManufacturersModelName": "MAGNETOM Trio",
    "ReceiveCoilName": "Siemens 12 channel Head Matrix Coil (Erlangen, Germany)",
    "RepetitionTime": 2.4,
    "modality": "T1w",
    "subject_id": "019"
  },
  "cjv": 0.3932094486384331,
  "cnr": 3.3375142994644333,
  "efc": 0.6021556126552364,
  "fber": 1253.948974609375,
  "fwhm_avg": 3.2580266666666664,
  "fwhm_x": 3.27471,
  "fwhm_y": 3.45804,
  "fwhm_z": 3.04133,
  "icvs_csf": 0.18079802092717986,
  "icvs_gm": 0.4434700592686477,
  "icvs_wm": 0.3757319198041725,
  "inu_med": 1.1292810440063477,
  "inu_range": 0.4486161470413206,
  "provenance": {
    "md5sum": "d4c7eac55684c0a9f151fe85c5d2b3f2",
    "mriqc_pred": 0,
    "settings": {
      "testing": false
    },
    "software": "mriqc",
    "version": "0.9.6",
    "warnings": {
      "large_rot_frame": true,
      "small_air_mask": false
    }
  },
  "qi_1": 0.0,
  "qi_2": 0.005572536328031253,
  "rpve_csf": 25.78917913811756,
  "rpve_gm": 11.786915098490068,
  "rpve_wm": 16.3794754934147,
  "size_x": 176,
  "size_y": 256,
  "size_z": 256,
  "snr_csf": 1.9292473975958984,
  "snr_gm": 8.909899763478707,
  "snr_total": 9.230246981031513,
  "snr_wm": 16.851593782019933,
  "snrd_csf": 15.688935407687028,
  "snrd_gm": 37.66909840553319,
  "snrd_total": 36.385126764114,
  "snrd_wm": 55.797346479121764,
  "spacing_x": 1.0,
  "spacing_y": 1.0,
  "spacing_z": 1.0,
  "summary_bg_k": 4.807341497691758,
  "summary_bg_mad": 11.74140739440918,
  "summary_bg_mean": 19.205928802490234,
  "summary_bg_median": 15.441532135009766,
  "summary_bg_n": 3647248.0,
  "summary_bg_p05": 3.3779861688613892,
  "summary_bg_p95": 46.85055217742919,
  "summary_bg_stdv": 14.629335403442383,
  "summary_csf_k": -0.3362723301781947,
  "summary_csf_mad": 157.59181213378906,
  "summary_csf_mean": 311.9407043457031,
  "summary_csf_median": 281.1783752441406,
  "summary_csf_n": 6906.0,
  "summary_csf_p05": 123.01456260681152,
  "summary_csf_p95": 569.7564239501953,
  "summary_csf_stdv": 145.73455810546875,
  "summary_gm_k": 0.3990222657287652,
  "summary_gm_mad": 71.0267333984375,
  "summary_gm_mean": 677.4608154296875,
  "summary_gm_median": 675.108642578125,
  "summary_gm_n": 21506.0,
  "summary_gm_p05": 557.0967712402344,
  "summary_gm_p95": 808.7534637451172,
  "summary_gm_stdv": 75.76885986328125,
  "summary_wm_k": 0.3760709719180362,
  "summary_wm_mad": 56.72541809082031,
  "summary_wm_mean": 998.050048828125,
  "summary_wm_median": 1000.0045776367188,
  "summary_wm_n": 227178.0,
  "summary_wm_p05": 897.3629913330078,
  "summary_wm_p95": 1092.18251953125,
  "summary_wm_stdv": 59.34170913696289,
  "tpm_overlap_csf": 0.21040581166744232,
  "tpm_overlap_gm": 0.5081732273101807,
  "tpm_overlap_wm": 0.5538561344146729,
  "wm2max": 0.5797712731161063
}