{
  "bids_meta": {
    "EchoTime": 0.03,
    "FlipAngle": 8,
    "MagneticFieldStrength": 3.0,
    "Manufacturer": "Siemens",
    "ManufacturersModelName": "MAGNETOM Trio",
    "ReceiveCoilName": "Siemens 12 channel Head Matrix Coil (Erlangen, Germany)",
    "RepetitionTime": 2.4,
    "modality": "T1w",
    "subject_id": "058"
  },
  "cjv": 0.40913014277553883,
  "cnr": 3.156829072299587,
  "efc": 0.5570707566921902,
  "fber": 1813.76904296875,
  "fwhm_avg": 3.322216731968526,
  "fwhm_x": 3.286750195905578,
  "fwhm_y": 3.53933,
  "fwhm_z": 3.14057,
  "icvs_csf": 0.17922531628124252,
  "icvs_gm": 0.4267074860238506,
  "icvs_wm": 0.3940671976949069,
  "inu_med": 0.9600468873977661,
  "inu_range": 0.35973933339118946,
  "provenance": {
    "md5sum": "03f6992b7256a93ad01c3b2a95242cef",
    "mriqc_pred": 0,
    "settings": {
      "testing": false
    },
    "software": "mriqc",
    "version": "0.9.6",
    "warnings": {
      "large_rot_frame": true,
      "small_air_mask": false
    }
  },
  "qi_1": 0.0,
  "qi_2": 0.0272902624872994,
  "rpve_csf": 25.661285872893046,
  "rpve_gm": 11.869609886308291,
  "rpve_wm": 15.551447316589467,
  "size_x": 176,
  "size_y": 256,
  "size_z": 256,
  "snr_csf": 1.9122451204231696,
  "snr_gm": 8.510585192149595,
  "snr_total": 9.61601637082179,
  "snr_wm": 18.425218799892605,
  "snrd_csf": 18.743777266173954,
  "snrd_gm": 43.244320024942375,
  "snrd_total": 41.55595431024026,
  "snrd_wm": 62.67976563960447,
  "spacing_x": 0.9999999403953552,
  "spacing_y": 1.0,
  "spacing_z": 1.0,
  "summary_bg_k": 3.308249689321223,
  "summary_bg_mad": 10.452136993408203,
  "summary_bg_mean": 15.468116760253906,
  "summary_bg_median": 13.257362365722656,
  "summary_bg_n": 3537328.0,
  "summary_bg_p05": 2.6333333611488343,
  "summary_bg_p95": 37.33749713897704,
  "summary_bg_stdv": 11.438843727111816,
  "summary_csf_k": 0.2651152841049855,
  "summary_csf_mad": 185.79052734375,
  "summary_csf_mean": 325.5514221191406,
  "summary_csf_median": 299.04083251953125,
  "summary_csf_n": 9692.0,
  "summary_csf_p05": 120.84921188354492,
  "summary_csf_p95": 585.1536834716796,
  "summary_csf_stdv": 156.37399291992188,
  "summary_gm_k": 0.37945802537497997,
  "summary_gm_mad": 75.56752014160156,
  "summary_gm_mean": 692.8352661132812,
  "summary_gm_median": 689.9259033203125,
  "summary_gm_n": 18286.0,
  "summary_gm_p05": 563.4766387939453,
  "summary_gm_p95": 833.1469573974609,
  "summary_gm_stdv": 81.06458282470703,
  "summary_wm_k": 0.532825060222152,
  "summary_wm_mad": 51.29383850097656,
  "summary_wm_mean": 999.1818237304688,
  "summary_wm_median": 1000.001708984375,
  "summary_wm_n": 255248.0,
  "summary_wm_p05": 909.0428955078125,
  "summary_wm_p95": 1086.4882385253907,
  "summary_wm_stdv": 54.2734260559082,
  "tpm_overlap_csf": 0.22941336035728455,
  "tpm_overlap_gm": 0.5116614103317261,
  "tpm_overlap_wm": 0.5724364519119263,
  "wm2max": 0.604232385792604
}