{
  "bids_meta": {
    "EchoTime": 0.03,
    "FlipAngle": 8,
    "MagneticFieldStrength": 3.0,
    "Manufacturer": "Siemens",
    "ManufacturersModelName": "MAGNETOM Trio",
    "ReceiveCoilName": "Siemens 12 channel Head Matrix Coil (Erlangen, Germany)",
    "RepetitionTime": 2.4,
    "modality": "T1w",
    "subject_id": "056"
  },
  "cjv": 0.34657195577399874,
  "cnr": 3.793659737528039,
  "efc": 0.5355993330658079,
  "fber": 1871.0521240234375,
  "fwhm_avg": 3.3749599999999997,
  "fwhm_x": 3.41077,
  "fwhm_y": 3.55618,
  "fwhm_z": 3.15793,
  "icvs_csf": 0.18784424041137426,
  "icvs_gm": 0.4464439649243358,
  "icvs_wm": 0.36571179466429,
  "inu_med": 1.1380839347839355,
  "inu_range": 0.35518971681594846,
  "provenance": {
    "md5sum": "b74127ee93032f2fd24cd7d8ffc8bd50",
    "mriqc_pred": 0,
    "settings": {
      "testing": false
    },
    "software": "mriqc",
    "version": "0.9.6",
    "warnings": {
      "large_rot_frame": true,
      "small_air_mask": false
    }
  },
  "qi_1": 0.0,
  "qi_2": 0.017391141943297862,
  "rpve_csf": 27.46251931622947,
  "rpve_gm": 12.92212085842646,
  "rpve_wm": 18.559223558872073,
  "size_x": 176,
  "size_y": 256,
  "size_z": 256,
  "snr_csf": 2.590370750448818,
  "snr_gm": 9.305411446172666,
  "snr_total": 10.521573030034208,
  "snr_wm": 19.668936893481142,
  "snrd_csf": 22.90319001173891,
  "snrd_gm": 47.222256526290764,
  "snrd_total": 47.048874928749086,
  "snrd_wm": 71.02117824821758,
  "spacing_x": 1.0,
  "spacing_y": 1.0,
  "spacing_z": 1.0,
  "summary_bg_k": 3.059547682706296,
  "summary_bg_mad": 9.224435806274414,
  "summary_bg_mean": 14.690935134887695,
  "summary_bg_median": 12.061094284057617,
  "summary_bg_n": 3617031.0,
  "summary_bg_p05": 2.7082427740097046,
  "summary_bg_p95": 34.81204032897949,
  "summary_bg_stdv": 10.584844589233398,
  "summary_csf_k": 2.6997446631952053,
  "summary_csf_mad": 150.8297882080078,
  "summary_csf_mean": 323.8959045410156,
  "summary_csf_median": 322.48095703125,
  "summary_csf_n": 11414.0,
  "summary_csf_p05": 144.5707130432129,
  "summary_csf_p95": 519.1541687011719,
  "summary_csf_stdv": 124.48674774169922,
  "summary_gm_k": 0.28931141821255535,
  "summary_gm_mad": 68.2831802368164,
  "summary_gm_mean": 666.8945922851562,
  "summary_gm_median": 664.897705078125,
  "summary_gm_n": 25118.0,
  "summary_gm_p05": 552.0151947021484,
  "summary_gm_p95": 788.6066375732415,
  "summary_gm_stdv": 71.45137786865234,
  "summary_wm_k": 0.5555387951335371,
  "summary_wm_mad": 47.85066223144531,
  "summary_wm_mean": 998.1377563476562,
  "summary_wm_median": 999.99072265625,
  "summary_wm_n": 203257.0,
  "summary_wm_p05": 911.4853759765624,
  "summary_wm_p95": 1078.0701416015625,
  "summary_wm_stdv": 50.84099197387695,
  "tpm_overlap_csf": 0.23327326774597168,
  "tpm_overlap_gm": 0.5268914103507996,
  "tpm_overlap_wm": 0.5710315704345703,
  "wm2max": 0.6167036507347219
}