{
  "aor": 0.002390153846153846,
  "aqi": 0.002344412384615385,
  "bids_meta": {
    "EchoTime": 0.027,
    "FlipAngle": 90,
    "MagneticFieldStrength": 3.0,
    "Manufacturer": "Siemens",
    "ManufacturersModelName": "MAGNETOM Trio",
    "ReceiveCoilName": "Siemens 12 channel Head Matrix Coil (Erlangen, Germany)",
    "RepetitionTime": 2.5,
    "TaskName": "rest",
    "modality": "bold",
    "run_id": "1",
    "subject_id": "025",
    "task_id": "rest"
  },
  "dummy_trs": 0,
  "dvars_nstd": 17.45946425790697,
  "dvars_std": 1.4589951831782952,
  "dvars_vstd": 1.0087292743410847,
  "efc": 0.4361272065384963,
  "fber": 34534.02734375,
  "fd_mean": 0.06707235848597741,
  "fd_num": 0,
  "fd_perc": 0.0,
  "fwhm_avg": 2.5532575476472106,
  "fwhm_x": 2.328635,
  "fwhm_y": 2.932975,
  "fwhm_z": 2.3981626429416325,
  "gcor": 0.0254973,
  "gsr_x": -0.009063880890607834,
  "gsr_y": 0.01127274613827467,
  "provenance": {
    "md5sum": "862438cc2ba47df60d51340b1cf0230a",
    "settings": {
      "fd_thres": 0.2,
      "hmc_fsl": false
    },
    "software": "mriqc",
    "version": "0.9.6"
  },
  "size_t": 130,
  "size_x": 64,
  "size_y": 64,
  "size_z": 32,
  "snr": 4.802155729397742,
  "spacing_tr": 2.5,
  "spacing_x": 4.0,
  "spacing_y": 4.0,
  "spacing_z": 3.999999761581421,
  "summary_bg_k": 31.346239890932324,
  "summary_bg_mad": 2.623065233230591,
  "summary_bg_mean": 21.046689987182617,
  "summary_bg_median": 3.923076868057251,
  "summary_bg_n": 82610.0,
  "summary_bg_p05": 1.8230769634246826,
  "summary_bg_p95": 117.03922882080083,
  "summary_bg_stdv": 54.031436920166016,
  "summary_fg_k": 4.1526962980975854,
  "summary_fg_mad": 109.56430053710938,
  "summary_fg_mean": 740.4636840820312,
  "summary_fg_median": 762.3076782226562,
  "summary_fg_n": 21444.0,
  "summary_fg_p05": 433.55731658935554,
  "summary_fg_p95": 938.0453735351562,
  "summary_fg_stdv": 158.73910522460938,
  "tsnr": 114.79271697998047
}