{
  "aor": 0.012614060150375939,
  "aqi": 0.008006416917293233,
  "bids_meta": {
    "EchoTime": 0.027,
    "FlipAngle": 90,
    "MagneticFieldStrength": 3.0,
    "Manufacturer": "Siemens",
    "ManufacturersModelName": "MAGNETOM Trio",
    "ReceiveCoilName": "Siemens 12 channel Head Matrix Coil (Erlangen, Germany)",
    "RepetitionTime": 2.5,
    "TaskName": "rest",
    "modality": "bold",
    "run_id": "1",
    "subject_id": "042",
    "task_id": "rest"
  },
  "dummy_trs": 0,
  "dvars_nstd": 23.027182174469687,
  "dvars_std": 1.493631102575758,
  "dvars_vstd": 1.0648026812121214,
  "efc": 0.4350611008781895,
  "fber": 32237.244140625,
  "fd_mean": 0.17089114509842218,
  "fd_num": 34,
  "fd_perc": 25.56390977443609,
  "fwhm_avg": 2.3545647187865786,
  "fwhm_x": 2.081205,
  "fwhm_y": 2.6235,
  "fwhm_z": 2.3589891563597356,
  "gcor": 0.0405979,
  "gsr_x": -0.014736548066139221,
  "gsr_y": 0.022148728370666504,
  "provenance": {
    "md5sum": "bad2eed2fc729d6eddc94b3544bf0cd3",
    "settings": {
      "fd_thres": 0.2,
      "hmc_fsl": false
    },
    "software": "mriqc",
    "version": "0.9.6"
  },
  "size_t": 133,
  "size_x": 64,
  "size_y": 64,
  "size_z": 32,
  "snr": 5.218412018980165,
  "spacing_tr": 2.5,
  "spacing_x": 4.0,
  "spacing_y": 4.0,
  "spacing_z": 4.000001430511475,
  "summary_bg_k": 33.455804347021754,
  "summary_bg_mad": 2.3409507274627686,
  "summary_bg_mean": 16.419824600219727,
  "summary_bg_median": 3.6842105388641357,
  "summary_bg_n": 82335.0,
  "summary_bg_p05": 1.3984962701797485,
  "summary_bg_p95": 90.64586715698249,
  "summary_bg_stdv": 40.82123947143555,
  "summary_fg_k": 4.57215664331071,
  "summary_fg_mad": 96.24652862548828,
  "summary_fg_mean": 674.1298828125,
  "summary_fg_median": 682.3308715820312,
  "summary_fg_n": 22071.0,
  "summary_fg_p05": 452.2969970703125,
  "summary_fg_p95": 850.1654052734375,
  "summary_fg_stdv": 130.7515411376953,
  "tsnr": 64.83708190917969
}