{
  "aor": 0.001495828729281768,
  "aqi": 0.006375737306629835,
  "bids_meta": {
    "EchoTime": 0.027,
    "FlipAngle": 90,
    "MagneticFieldStrength": 3.0,
    "Manufacturer": "Siemens",
    "ManufacturersModelName": "MAGNETOM Trio",
    "ReceiveCoilName": "Siemens 12 channel Head Matrix Coil (Erlangen, Germany)",
    "RepetitionTime": 2.5,
    "TaskName": "rest",
    "modality": "bold",
    "run_id": "1",
    "subject_id": "011",
    "task_id": "rest"
  },
  "dummy_trs": 0,
  "dvars_nstd": 16.16186341795298,
  "dvars_std": 1.36745829428769,
  "dvars_vstd": 0.9499099314522825,
  "efc": 0.45054146554211716,
  "fber": 31788.4296875,
  "fd_mean": 0.05682890059673036,
  "fd_num": 24,
  "fd_perc": 3.314917127071823,
  "fwhm_avg": 2.454751573395045,
  "fwhm_x": 2.2162725,
  "fwhm_y": 2.800725,
  "fwhm_z": 2.3472572201851345,
  "gcor": 0.0188902,
  "gsr_x": -0.014468112960457802,
  "gsr_y": 0.017298048362135887,
  "provenance": {
    "md5sum": "dd24f9102c133608a75eaf8bc7b7de7c",
    "settings": {
      "fd_thres": 0.2,
      "hmc_fsl": false
    },
    "software": "mriqc",
    "version": "0.9.6"
  },
  "size_t": 724,
  "size_x": 64,
  "size_y": 64,
  "size_z": 32,
  "snr": 5.300398139513295,
  "spacing_tr": 2.5,
  "spacing_x": 4.0,
  "spacing_y": 4.0,
  "spacing_z": 4.000000476837158,
  "summary_bg_k": 37.25828552657954,
  "summary_bg_mad": 3.640976905822754,
  "summary_bg_mean": 21.79646110534668,
  "summary_bg_median": 4.6077351570129395,
  "summary_bg_n": 80275.0,
  "summary_bg_p05": 1.6519337892532349,
  "summary_bg_p95": 110.89765853881836,
  "summary_bg_stdv": 51.986236572265625,
  "summary_fg_k": 4.170497017299944,
  "summary_fg_mad": 127.58152770996094,
  "summary_fg_mean": 855.7122192382812,
  "summary_fg_median": 863.2017211914062,
  "summary_fg_n": 23631.0,
  "summary_fg_p05": 603.2590026855469,
  "summary_fg_p95": 1082.1002197265625,
  "summary_fg_stdv": 162.85256958007812,
  "tsnr": 73.84042358398438
}