{
  "bids_meta": {
    "EchoTime": 0.03,
    "FlipAngle": 8,
    "MagneticFieldStrength": 3.0,
    "Manufacturer": "Siemens",
    "ManufacturersModelName": "MAGNETOM Trio",
    "ReceiveCoilName": "Siemens 12 channel Head Matrix Coil (Erlangen, Germany)",
    "RepetitionTime": 2.4,
    "modality": "T1w",
    "subject_id": "118"
  },
  "cjv": 0.373967252899808,
  "cnr": 3.5188804755367076,
  "efc": 0.5418468117485742,
  "fber": 2240.2666015625,
  "fwhm_avg": 3.3604100000000003,
  "fwhm_x": 3.40062,
  "fwhm_y": 3.57234,
  "fwhm_z": 3.10827,
  "icvs_csf": 0.17839934044398076,
  "icvs_gm": 0.41900725223394447,
  "icvs_wm": 0.40259340732207477,
  "inu_med": 1.0317164659500122,
  "inu_range": 0.3364300072193145,
  "provenance": {
    "md5sum": "1889b34923917ce9c71294a8bef5873f",
    "mriqc_pred": 0,
    "settings": {
      "testing": false
    },
    "software": "mriqc",
    "version": "0.9.6",
    "warnings": {
      "large_rot_frame": true,
      "small_air_mask": false
    }
  },
  "qi_1": 0.0,
  "qi_2": 0.024989458841193083,
  "rpve_csf": 26.364027606174044,
  "rpve_gm": 12.359278120545381,
  "rpve_wm": 15.96258406704739,
  "size_x": 176,
  "size_y": 256,
  "size_z": 256,
  "snr_csf": 2.2059791084848195,
  "snr_gm": 8.832608825141367,
  "snr_total": 10.46318534457338,
  "snr_wm": 20.350968100093958,
  "snrd_csf": 19.794105765057658,
  "snrd_gm": 45.572986637583135,
  "snrd_total": 44.21514002956129,
  "snrd_wm": 67.27832768604306,
  "spacing_x": 1.0,
  "spacing_y": 1.0,
  "spacing_z": 1.0,
  "summary_bg_k": 3.5575731083807414,
  "summary_bg_mad": 9.737653732299805,
  "summary_bg_mean": 14.213053703308105,
  "summary_bg_median": 12.39658260345459,
  "summary_bg_n": 3578400.0,
  "summary_bg_p05": 2.4969298124313357,
  "summary_bg_p95": 34.12864437103271,
  "summary_bg_stdv": 10.489917755126953,
  "summary_csf_k": -0.7502892375047723,
  "summary_csf_mad": 154.46324157714844,
  "summary_csf_mean": 314.3318176269531,
  "summary_csf_median": 294.2107238769531,
  "summary_csf_n": 6711.0,
  "summary_csf_p05": 134.6500244140625,
  "summary_csf_p95": 545.5228576660156,
  "summary_csf_stdv": 133.3597412109375,
  "summary_gm_k": 0.16039212173483985,
  "summary_gm_mad": 73.91139221191406,
  "summary_gm_mean": 677.457275390625,
  "summary_gm_median": 677.37646484375,
  "summary_gm_n": 18047.0,
  "summary_gm_p05": 551.4010742187501,
  "summary_gm_p95": 805.4951110839844,
  "summary_gm_stdv": 76.68829345703125,
  "summary_wm_k": 0.49065683472066146,
  "summary_wm_mad": 46.73735046386719,
  "summary_wm_mean": 999.3618774414062,
  "summary_wm_median": 999.9949340820312,
  "summary_wm_n": 257640.0,
  "summary_wm_p05": 917.8271545410156,
  "summary_wm_p95": 1078.5770874023438,
  "summary_wm_stdv": 49.137367248535156,
  "tpm_overlap_csf": 0.2181905061006546,
  "tpm_overlap_gm": 0.49929866194725037,
  "tpm_overlap_wm": 0.555608868598938,
  "wm2max": 0.6068927798079535
}