{
  "aor": 0.004976187845303868,
  "aqi": 0.007173755842541436,
  "bids_meta": {
    "EchoTime": 0.027,
    "FlipAngle": 90,
    "MagneticFieldStrength": 3.0,
    "Manufacturer": "Siemens",
    "ManufacturersModelName": "MAGNETOM Trio",
    "ReceiveCoilName": "Siemens 12 channel Head Matrix Coil (Erlangen, Germany)",
    "RepetitionTime": 2.5,
    "TaskName": "rest",
    "modality": "bold",
    "run_id": "1",
    "subject_id": "010",
    "task_id": "rest"
  },
  "dummy_trs": 0,
  "dvars_nstd": 21.120511111770416,
  "dvars_std": 1.2955374358644538,
  "dvars_vstd": 1.0586483751175655,
  "efc": 0.4010023185190008,
  "fber": 44841.37890625,
  "fd_mean": 0.21538254391994865,
  "fd_num": 340,
  "fd_perc": 46.96132596685083,
  "fwhm_avg": 2.5938290722078197,
  "fwhm_x": 2.3657525,
  "fwhm_y": 3.0386,
  "fwhm_z": 2.377134716623459,
  "gcor": 0.0287495,
  "gsr_x": -0.013931604102253914,
  "gsr_y": 0.019676322117447853,
  "provenance": {
    "md5sum": "22195f1cf4fb21e5399213a4e338a807",
    "settings": {
      "fd_thres": 0.2,
      "hmc_fsl": false
    },
    "software": "mriqc",
    "version": "0.9.6"
  },
  "size_t": 724,
  "size_x": 64,
  "size_y": 64,
  "size_z": 32,
  "snr": 4.527682601762547,
  "spacing_tr": 2.5,
  "spacing_x": 4.0,
  "spacing_y": 4.0,
  "spacing_z": 4.000000476837158,
  "summary_bg_k": 82.34281700490305,
  "summary_bg_mad": 2.520833969116211,
  "summary_bg_mean": 15.329710960388184,
  "summary_bg_median": 3.7306630611419678,
  "summary_bg_n": 85559.0,
  "summary_bg_p05": 1.4254144430160522,
  "summary_bg_p95": 69.88508529663065,
  "summary_bg_stdv": 40.83796310424805,
  "summary_fg_k": 3.314734584424225,
  "summary_fg_mad": 116.71393585205078,
  "summary_fg_mean": 784.7485961914062,
  "summary_fg_median": 813.4392700195312,
  "summary_fg_n": 19355.0,
  "summary_fg_p05": 417.2763946533203,
  "summary_fg_p95": 1003.5354064941405,
  "summary_fg_stdv": 179.65443420410156,
  "tsnr": 58.23623275756836
}