{
  "bids_meta": {
    "EchoTime": 0.03,
    "FlipAngle": 8,
    "MagneticFieldStrength": 3.0,
    "Manufacturer": "Siemens",
    "ManufacturersModelName": "MAGNETOM Trio",
    "ReceiveCoilName": "Siemens 12 channel Head Matrix Coil (Erlangen, Germany)",
    "RepetitionTime": 2.4,
    "modality": "T1w",
    "subject_id": "060"
  },
  "cjv": 0.44006357371869853,
  "cnr": 3.0007266408904854,
  "efc": 0.5627879057078952,
  "fber": 1756.0218505859375,
  "fwhm_avg": 3.36534673493346,
  "fwhm_x": 3.4359802048003796,
  "fwhm_y": 3.48929,
  "fwhm_z": 3.17077,
  "icvs_csf": 0.18324285997246761,
  "icvs_gm": 0.43884504640973254,
  "icvs_wm": 0.3779120936177998,
  "inu_med": 1.1414958238601685,
  "inu_range": 0.40319005250930795,
  "provenance": {
    "md5sum": "1eca090f332bfb157ad47a76fe356be5",
    "mriqc_pred": 0,
    "settings": {
      "testing": false
    },
    "software": "mriqc",
    "version": "0.9.6",
    "warnings": {
      "large_rot_frame": true,
      "small_air_mask": false
    }
  },
  "qi_1": 0.0,
  "qi_2": 0.00786397379127471,
  "rpve_csf": 41.86173553656868,
  "rpve_gm": 19.016850370994245,
  "rpve_wm": 25.08034914681717,
  "size_x": 256,
  "size_y": 256,
  "size_z": 256,
  "snr_csf": 3.4278707769511834,
  "snr_gm": 11.401195371857652,
  "snr_total": 11.139756450867212,
  "snr_wm": 18.590203203792804,
  "snrd_csf": 22.039789420958538,
  "snrd_gm": 43.915035056740656,
  "snrd_total": 41.685914795357384,
  "snrd_wm": 59.10291990837296,
  "spacing_x": 0.9999999403953552,
  "spacing_y": 1.0,
  "spacing_z": 1.0,
  "summary_bg_k": 16.798440011737977,
  "summary_bg_mad": 11.08481502532959,
  "summary_bg_mean": 17.551637649536133,
  "summary_bg_median": 14.653057098388672,
  "summary_bg_n": 3699623.0,
  "summary_bg_p05": 2.8931997776031495,
  "summary_bg_p95": 43.59505577087401,
  "summary_bg_stdv": 13.897639274597168,
  "summary_csf_k": 1.1613046765114952,
  "summary_csf_mad": 100.04031372070312,
  "summary_csf_mean": 388.1977233886719,
  "summary_csf_median": 372.9101257324219,
  "summary_csf_n": 20003.0,
  "summary_csf_p05": 238.6059783935547,
  "summary_csf_p95": 584.5059020996091,
  "summary_csf_stdv": 108.78496551513672,
  "summary_gm_k": 0.30943716945528443,
  "summary_gm_mad": 61.8191032409668,
  "summary_gm_mean": 745.7020874023438,
  "summary_gm_median": 743.0361938476562,
  "summary_gm_n": 19457.0,
  "summary_gm_p05": 641.0872314453125,
  "summary_gm_p95": 857.836083984375,
  "summary_gm_stdv": 65.17010498046875,
  "summary_wm_k": 0.4461798888633668,
  "summary_wm_mad": 51.26705551147461,
  "summary_wm_mean": 1000.027099609375,
  "summary_wm_median": 1000.0130615234375,
  "summary_wm_n": 208264.0,
  "summary_wm_p05": 911.6892547607422,
  "summary_wm_p95": 1088.0614868164062,
  "summary_wm_stdv": 53.7923469543457,
  "tpm_overlap_csf": 0.23948746919631958,
  "tpm_overlap_gm": 0.5174161791801453,
  "tpm_overlap_wm": 0.561921238899231,
  "wm2max": 0.5943550247284319
}