{
  "aor": 0.002007583333333333,
  "aqi": 0.0027129990000000002,
  "bids_meta": {
    "EchoTime": 0.027,
    "FlipAngle": 90,
    "MagneticFieldStrength": 3.0,
    "Manufacturer": "Siemens",
    "ManufacturersModelName": "MAGNETOM Trio",
    "ReceiveCoilName": "Siemens 12 channel Head Matrix Coil (Erlangen, Germany)",
    "RepetitionTime": 2.5,
    "TaskName": "rest",
    "modality": "bold",
    "run_id": "1",
    "subject_id": "005",
    "task_id": "rest"
  },
  "dummy_trs": 0,
  "dvars_nstd": 15.947674224895392,
  "dvars_std": 1.290607201087867,
  "dvars_vstd": 0.9929934057740586,
  "efc": 0.39249833892495717,
  "fber": 46040.734375,
  "fd_mean": 0.10157542010327636,
  "fd_num": 8,
  "fd_perc": 3.3333333333333335,
  "fwhm_avg": 2.656802156569455,
  "fwhm_x": 2.450795,
  "fwhm_y": 3.05385,
  "fwhm_z": 2.465761469708365,
  "gcor": 0.0280794,
  "gsr_x": -0.015874771401286125,
  "gsr_y": 0.012128799222409725,
  "provenance": {
    "md5sum": "cda93beeb427eeccf62cc3307b73c2e6",
    "settings": {
      "fd_thres": 0.2,
      "hmc_fsl": false
    },
    "software": "mriqc",
    "version": "0.9.6"
  },
  "size_t": 240,
  "size_x": 64,
  "size_y": 64,
  "size_z": 32,
  "snr": 4.535547179493487,
  "spacing_tr": 2.5,
  "spacing_x": 4.0,
  "spacing_y": 4.0,
  "spacing_z": 3.999997615814209,
  "summary_bg_k": 43.610797890466245,
  "summary_bg_mad": 2.4895365238189697,
  "summary_bg_mean": 14.570121765136719,
  "summary_bg_median": 3.887500286102295,
  "summary_bg_n": 86118.0,
  "summary_bg_p05": 1.695208436250688,
  "summary_bg_p95": 69.54667167663555,
  "summary_bg_stdv": 32.96728515625,
  "summary_fg_k": 3.101144315075018,
  "summary_fg_mad": 128.66519165039062,
  "summary_fg_mean": 836.6590576171875,
  "summary_fg_median": 872.9375,
  "summary_fg_n": 18852.0,
  "summary_fg_p05": 427.35669097900393,
  "summary_fg_p95": 1066.2702392578126,
  "summary_fg_stdv": 192.4606475830078,
  "tsnr": 97.13252258300781
}