{
  "aor": 0.0034156153846153846,
  "aqi": 0.0034774777692307694,
  "bids_meta": {
    "EchoTime": 0.027,
    "FlipAngle": 90,
    "MagneticFieldStrength": 3.0,
    "Manufacturer": "Siemens",
    "ManufacturersModelName": "MAGNETOM Trio",
    "ReceiveCoilName": "Siemens 12 channel Head Matrix Coil (Erlangen, Germany)",
    "RepetitionTime": 2.5,
    "TaskName": "rest",
    "modality": "bold",
    "run_id": "2",
    "subject_id": "021",
    "task_id": "rest"
  },
  "dummy_trs": 0,
  "dvars_nstd": 20.95347345333333,
  "dvars_std": 1.5835944882945734,
  "dvars_vstd": 1.0303951546511634,
  "efc": 0.41468734614270547,
  "fber": 42671.24609375,
  "fd_mean": 0.05761686191230415,
  "fd_num": 3,
  "fd_perc": 2.3076923076923075,
  "fwhm_avg": 2.58510010083915,
  "fwhm_x": 2.344025,
  "fwhm_y": 2.873575,
  "fwhm_z": 2.5377003025174503,
  "gcor": 0.04549,
  "gsr_x": -0.015664411708712578,
  "gsr_y": 0.01371858548372984,
  "provenance": {
    "md5sum": "2676659cc0e301c8089239bcb325b4b2",
    "settings": {
      "fd_thres": 0.2,
      "hmc_fsl": false
    },
    "software": "mriqc",
    "version": "0.9.6"
  },
  "size_t": 130,
  "size_x": 64,
  "size_y": 64,
  "size_z": 32,
  "snr": 4.716063828980654,
  "spacing_tr": 2.5,
  "spacing_x": 4.0,
  "spacing_y": 4.0,
  "spacing_z": 3.999999523162842,
  "summary_bg_k": 30.65155866806844,
  "summary_bg_mad": 2.3607590198516846,
  "summary_bg_mean": 15.630426406860352,
  "summary_bg_median": 3.5923078060150146,
  "summary_bg_n": 84260.0,
  "summary_bg_p05": 1.3615384101867676,
  "summary_bg_p95": 86.19346046447761,
  "summary_bg_stdv": 38.273860931396484,
  "summary_fg_k": 3.4034702616522017,
  "summary_fg_mad": 117.46202087402344,
  "summary_fg_mean": 749.036376953125,
  "summary_fg_median": 772.0615234375,
  "summary_fg_n": 20312.0,
  "summary_fg_p05": 425.38384704589845,
  "summary_fg_p95": 954.4950012207032,
  "summary_fg_stdv": 163.70484924316406,
  "tsnr": 94.2088394165039
}