{
  "aor": 0.0011002272727272725,
  "aqi": 0.003752429545454545,
  "bids_meta": {
    "EchoTime": 0.027,
    "FlipAngle": 90,
    "MagneticFieldStrength": 3.0,
    "Manufacturer": "Siemens",
    "ManufacturersModelName": "MAGNETOM Trio",
    "ReceiveCoilName": "Siemens 12 channel Head Matrix Coil (Erlangen, Germany)",
    "RepetitionTime": 2.5,
    "TaskName": "rest",
    "modality": "bold",
    "run_id": "2",
    "subject_id": "051",
    "task_id": "rest"
  },
  "dummy_trs": 0,
  "dvars_nstd": 18.421362490839698,
  "dvars_std": 1.154897069465648,
  "dvars_vstd": 0.9540855097709926,
  "efc": 0.37368428377968205,
  "fber": 48464.1484375,
  "fd_mean": 0.15305633639021998,
  "fd_num": 26,
  "fd_perc": 19.696969696969695,
  "fwhm_avg": 2.5679798046486053,
  "fwhm_x": 2.30995,
  "fwhm_y": 2.9359,
  "fwhm_z": 2.4580894139458147,
  "gcor": 0.0104588,
  "gsr_x": -0.011781995184719563,
  "gsr_y": 0.01268679928034544,
  "provenance": {
    "md5sum": "ee9fb1691dd967f844ec5cfcd90a6d3b",
    "settings": {
      "fd_thres": 0.2,
      "hmc_fsl": false
    },
    "software": "mriqc",
    "version": "0.9.6"
  },
  "size_t": 132,
  "size_x": 64,
  "size_y": 64,
  "size_z": 32,
  "snr": 4.4685307420759335,
  "spacing_tr": 2.5,
  "spacing_x": 4.0,
  "spacing_y": 4.0,
  "spacing_z": 4.000000953674316,
  "summary_bg_k": 96.86533163021234,
  "summary_bg_mad": 2.313758373260498,
  "summary_bg_mean": 13.714951515197754,
  "summary_bg_median": 3.7727274894714355,
  "summary_bg_n": 88371.0,
  "summary_bg_p05": 1.7575757503509521,
  "summary_bg_p95": 61.88257598876953,
  "summary_bg_stdv": 35.485626220703125,
  "summary_fg_k": 3.0342079607579775,
  "summary_fg_mad": 136.05120849609375,
  "summary_fg_mean": 838.466064453125,
  "summary_fg_median": 867.5416870117188,
  "summary_fg_n": 17198.0,
  "summary_fg_p05": 432.6106323242187,
  "summary_fg_p95": 1080.5196960449218,
  "summary_fg_stdv": 194.1390838623047,
  "tsnr": 78.63235473632812
}