{
  "aor": 0.0012563157894736842,
  "aqi": 0.0036516953383458643,
  "bids_meta": {
    "EchoTime": 0.027,
    "FlipAngle": 90,
    "MagneticFieldStrength": 3.0,
    "Manufacturer": "Siemens",
    "ManufacturersModelName": "MAGNETOM Trio",
    "ReceiveCoilName": "Siemens 12 channel Head Matrix Coil (Erlangen, Germany)",
    "RepetitionTime": 2.5,
    "TaskName": "rest",
    "modality": "bold",
    "run_id": "2",
    "subject_id": "034",
    "task_id": "rest"
  },
  "dummy_trs": 0,
  "dvars_nstd": 21.67453885757576,
  "dvars_std": 1.4722701982575763,
  "dvars_vstd": 0.9861951849242421,
  "efc": 0.429905176064207,
  "fber": 30483.453125,
  "fd_mean": 0.09875751935488253,
  "fd_num": 7,
  "fd_perc": 5.2631578947368425,
  "fwhm_avg": 2.518642693391886,
  "fwhm_x": 2.284545,
  "fwhm_y": 2.83795,
  "fwhm_z": 2.433433080175657,
  "gcor": 0.0286896,
  "gsr_x": -0.015034851618111134,
  "gsr_y": 0.015779806300997734,
  "provenance": {
    "md5sum": "9acfd2b88160367442a2e1da0d660342",
    "settings": {
      "fd_thres": 0.2,
      "hmc_fsl": false
    },
    "software": "mriqc",
    "version": "0.9.6"
  },
  "size_t": 133,
  "size_x": 64,
  "size_y": 64,
  "size_z": 32,
  "snr": 4.967625513670458,
  "spacing_tr": 2.5,
  "spacing_x": 4.0,
  "spacing_y": 4.0,
  "spacing_z": 3.9999990463256836,
  "summary_bg_k": 36.438472048352054,
  "summary_bg_mad": 2.7088146209716797,
  "summary_bg_mean": 18.78476905822754,
  "summary_bg_median": 3.9774436950683594,
  "summary_bg_n": 83370.0,
  "summary_bg_p05": 1.7443609237670898,
  "summary_bg_p95": 95.33158149719242,
  "summary_bg_stdv": 44.11271286010742,
  "summary_fg_k": 4.33456056974976,
  "summary_fg_mad": 103.10211944580078,
  "summary_fg_mean": 712.9513549804688,
  "summary_fg_median": 727.6240844726562,
  "summary_fg_n": 21174.0,
  "summary_fg_p05": 444.24060974121096,
  "summary_fg_p95": 900.9406127929686,
  "summary_fg_stdv": 146.46975708007812,
  "tsnr": 94.9162368774414
}