{
  "aor": 0.001972153846153846,
  "aqi": 0.002733994538461539,
  "bids_meta": {
    "EchoTime": 0.027,
    "FlipAngle": 90,
    "MagneticFieldStrength": 3.0,
    "Manufacturer": "Siemens",
    "ManufacturersModelName": "MAGNETOM Trio",
    "ReceiveCoilName": "Siemens 12 channel Head Matrix Coil (Erlangen, Germany)",
    "RepetitionTime": 2.5,
    "TaskName": "rest",
    "modality": "bold",
    "run_id": "1",
    "subject_id": "017",
    "task_id": "rest"
  },
  "dummy_trs": 0,
  "dvars_nstd": 16.278246643100772,
  "dvars_std": 1.224072334573643,
  "dvars_vstd": 1.0294952085271316,
  "efc": 0.41210225881463913,
  "fber": 44731.76953125,
  "fd_mean": 0.06843737398069652,
  "fd_num": 2,
  "fd_perc": 1.5384615384615385,
  "fwhm_avg": 2.6560388147965956,
  "fwhm_x": 2.3953325,
  "fwhm_y": 3.1495,
  "fwhm_z": 2.423283944389787,
  "gcor": 0.145443,
  "gsr_x": -0.02371951751410961,
  "gsr_y": 0.01877579092979431,
  "provenance": {
    "md5sum": "ac133d8677376a81778607570a214919",
    "settings": {
      "fd_thres": 0.2,
      "hmc_fsl": false
    },
    "software": "mriqc",
    "version": "0.9.6"
  },
  "size_t": 130,
  "size_x": 64,
  "size_y": 64,
  "size_z": 32,
  "snr": 4.644965644565733,
  "spacing_tr": 2.5,
  "spacing_x": 4.0,
  "spacing_y": 4.0,
  "spacing_z": 3.999997615814209,
  "summary_bg_k": 30.296329452782693,
  "summary_bg_mad": 2.098452568054199,
  "summary_bg_mean": 17.242050170898438,
  "summary_bg_median": 3.392307758331299,
  "summary_bg_n": 85144.0,
  "summary_bg_p05": 1.615384578704834,
  "summary_bg_p95": 86.00076789855918,
  "summary_bg_stdv": 50.209991455078125,
  "summary_fg_k": 3.22524924035441,
  "summary_fg_mad": 105.84063720703125,
  "summary_fg_mean": 722.34521484375,
  "summary_fg_median": 754.4577026367188,
  "summary_fg_n": 19360.0,
  "summary_fg_p05": 369.3738372802735,
  "summary_fg_p95": 910.4104064941406,
  "summary_fg_stdv": 162.42062377929688,
  "tsnr": 89.88356018066406
}