{
  "aor": 0.012857878787878784,
  "aqi": 0.004496254015151515,
  "bids_meta": {
    "EchoTime": 0.027,
    "FlipAngle": 90,
    "MagneticFieldStrength": 3.0,
    "Manufacturer": "Siemens",
    "ManufacturersModelName": "MAGNETOM Trio",
    "ReceiveCoilName": "Siemens 12 channel Head Matrix Coil (Erlangen, Germany)",
    "RepetitionTime": 2.5,
    "TaskName": "rest",
    "modality": "bold",
    "run_id": "1",
    "subject_id": "111",
    "task_id": "rest"
  },
  "dummy_trs": 0,
  "dvars_nstd": 21.439262040992375,
  "dvars_std": 1.30967309129771,
  "dvars_vstd": 1.005189523206107,
  "efc": 0.37495088872502214,
  "fber": 50530.87890625,
  "fd_mean": 0.13847276333193032,
  "fd_num": 20,
  "fd_perc": 15.151515151515152,
  "fwhm_avg": 2.558288870121245,
  "fwhm_x": 2.3025625,
  "fwhm_y": 2.916175,
  "fwhm_z": 2.456129110363735,
  "gcor": 0.0331723,
  "gsr_x": -0.014378695748746395,
  "gsr_y": 0.011621952056884766,
  "provenance": {
    "md5sum": "1cb34172ec1d1ecdea6c68574b571ce2",
    "settings": {
      "fd_thres": 0.2,
      "hmc_fsl": false
    },
    "software": "mriqc",
    "version": "0.9.6"
  },
  "size_t": 132,
  "size_x": 64,
  "size_y": 64,
  "size_z": 32,
  "snr": 4.74906777093271,
  "spacing_tr": 2.5,
  "spacing_x": 4.0,
  "spacing_y": 4.0,
  "spacing_z": 3.99999737739563,
  "summary_bg_k": 46.09226549533337,
  "summary_bg_mad": 2.6507134437561035,
  "summary_bg_mean": 15.62365436553955,
  "summary_bg_median": 4.219696998596191,
  "summary_bg_n": 88237.0,
  "summary_bg_p05": 1.704545497894287,
  "summary_bg_p95": 76.48030242919917,
  "summary_bg_stdv": 38.47602081298828,
  "summary_fg_k": 3.4429823687008607,
  "summary_fg_mad": 155.76300048828125,
  "summary_fg_mean": 965.4317016601562,
  "summary_fg_median": 988.5909423828125,
  "summary_fg_n": 17239.0,
  "summary_fg_p05": 567.3947265625001,
  "summary_fg_p95": 1233.5788452148436,
  "summary_fg_stdv": 208.1592254638672,
  "tsnr": 76.65462493896484
}