{
  "bids_meta": {
    "EchoTime": 0.03,
    "FlipAngle": 8,
    "MagneticFieldStrength": 3.0,
    "Manufacturer": "Siemens",
    "ManufacturersModelName": "MAGNETOM Trio",
    "ReceiveCoilName": "Siemens 12 channel Head Matrix Coil (Erlangen, Germany)",
    "RepetitionTime": 2.4,
    "modality": "T1w",
    "subject_id": "040"
  },
  "cjv": 0.4369243385404881,
  "cnr": 3.0225190592921303,
  "efc": 0.5763671705841446,
  "fber": 1295.95556640625,
  "fwhm_avg": 3.3745600716996234,
  "fwhm_x": 3.3968,
  "fwhm_y": 3.608760215098871,
  "fwhm_z": 3.11812,
  "icvs_csf": 0.1890295184491314,
  "icvs_gm": 0.42430406526446696,
  "icvs_wm": 0.38666641628640164,
  "inu_med": 1.0211025476455688,
  "inu_range": 0.4406683981418609,
  "provenance": {
    "md5sum": "72a82879f194c0aacb056150bd51be08",
    "mriqc_pred": 0,
    "settings": {
      "testing": false
    },
    "software": "mriqc",
    "version": "0.9.6",
    "warnings": {
      "large_rot_frame": true,
      "small_air_mask": false
    }
  },
  "qi_1": 0.0,
  "qi_2": 0.03108385498101411,
  "rpve_csf": 25.333816107379576,
  "rpve_gm": 12.178646237206115,
  "rpve_wm": 16.118779260093632,
  "size_x": 176,
  "size_y": 256,
  "size_z": 256,
  "snr_csf": 1.9151236167096242,
  "snr_gm": 8.510072269669559,
  "snr_total": 9.138002351556507,
  "snr_wm": 16.988811168290336,
  "snrd_csf": 14.412671722183472,
  "snrd_gm": 33.6800146478426,
  "snrd_total": 32.22978230263794,
  "snrd_wm": 48.59666053788776,
  "spacing_x": 1.0,
  "spacing_y": 0.9999999403953552,
  "spacing_z": 1.0,
  "summary_bg_k": 2.8532942449125436,
  "summary_bg_mad": 13.481287956237793,
  "summary_bg_mean": 20.194623947143555,
  "summary_bg_median": 17.144989013671875,
  "summary_bg_n": 3712750.0,
  "summary_bg_p05": 3.3200186491012573,
  "summary_bg_p95": 48.35620899200438,
  "summary_bg_stdv": 14.71473503112793,
  "summary_csf_k": -0.42632075028865346,
  "summary_csf_mad": 177.65223693847656,
  "summary_csf_mean": 323.6694641113281,
  "summary_csf_median": 296.5815734863281,
  "summary_csf_n": 6819.0,
  "summary_csf_p05": 118.34541549682618,
  "summary_csf_p95": 589.9005004882812,
  "summary_csf_stdv": 154.85153198242188,
  "summary_gm_k": 0.26706953310253523,
  "summary_gm_mad": 77.99515533447266,
  "summary_gm_mean": 696.6700439453125,
  "summary_gm_median": 693.061767578125,
  "summary_gm_n": 15315.0,
  "summary_gm_p05": 568.5934387207031,
  "summary_gm_p95": 837.7505493164062,
  "summary_gm_stdv": 81.43751525878906,
  "summary_wm_k": 0.4128016355158355,
  "summary_wm_mad": 56.1197624206543,
  "summary_wm_mean": 999.19140625,
  "summary_wm_median": 1000.0140380859375,
  "summary_wm_n": 229112.0,
  "summary_wm_p05": 901.0051849365234,
  "summary_wm_p95": 1094.201678466797,
  "summary_wm_stdv": 58.86296844482422,
  "tpm_overlap_csf": 0.220966637134552,
  "tpm_overlap_gm": 0.5004698634147644,
  "tpm_overlap_wm": 0.5520237684249878,
  "wm2max": 0.5885641779030903
}