{
  "bids_meta": {
    "EchoTime": 0.03,
    "FlipAngle": 8,
    "MagneticFieldStrength": 3.0,
    "Manufacturer": "Siemens",
    "ManufacturersModelName": "MAGNETOM Trio",
    "ReceiveCoilName": "Siemens 12 channel Head Matrix Coil (Erlangen, Germany)",
    "RepetitionTime": 2.4,
    "modality": "T1w",
    "subject_id": "018"
  },
  "cjv": 0.44250760129856653,
  "cnr": 2.938197616055441,
  "efc": 0.5778862333706599,
  "fber": 1506.5255126953125,
  "fwhm_avg": 3.391296666666667,
  "fwhm_x": 3.34031,
  "fwhm_y": 3.645,
  "fwhm_z": 3.18858,
  "icvs_csf": 0.19269099685402097,
  "icvs_gm": 0.40839786961368385,
  "icvs_wm": 0.3989111335322952,
  "inu_med": 1.0382001399993896,
  "inu_range": 0.3931676864624025,
  "provenance": {
    "md5sum": "9d24876528147f41ea6364ea1f11de8a",
    "mriqc_pred": 0,
    "settings": {
      "testing": false
    },
    "software": "mriqc",
    "version": "0.9.6",
    "warnings": {
      "large_rot_frame": true,
      "small_air_mask": false
    }
  },
  "qi_1": 0.0,
  "qi_2": 0.010430373917394372,
  "rpve_csf": 24.699498336065165,
  "rpve_gm": 12.405573110484644,
  "rpve_wm": 15.76448387682855,
  "size_x": 176,
  "size_y": 256,
  "size_z": 256,
  "snr_csf": 2.0149238315451705,
  "snr_gm": 8.117836148897318,
  "snr_total": 9.48633747711563,
  "snr_wm": 18.3262524509044,
  "snrd_csf": 16.001930427685682,
  "snrd_gm": 38.57955855603403,
  "snrd_total": 36.61168316377646,
  "snrd_wm": 55.25356050760968,
  "spacing_x": 1.0,
  "spacing_y": 1.0,
  "spacing_z": 1.0,
  "summary_bg_k": 3.432273339632454,
  "summary_bg_mad": 11.856863021850586,
  "summary_bg_mean": 17.782541275024414,
  "summary_bg_median": 14.982542991638184,
  "summary_bg_n": 3698416.0,
  "summary_bg_p05": 3.0732839107513428,
  "summary_bg_p95": 42.986111640930176,
  "summary_bg_stdv": 13.174610137939453,
  "summary_csf_k": 0.9147484640471091,
  "summary_csf_mad": 164.58584594726562,
  "summary_csf_mean": 313.6014099121094,
  "summary_csf_median": 289.6079406738281,
  "summary_csf_n": 12498.0,
  "summary_csf_p05": 119.28932495117188,
  "summary_csf_p95": 549.5616485595704,
  "summary_csf_stdv": 143.7257080078125,
  "summary_gm_k": 0.33240381442125155,
  "summary_gm_mad": 81.49661254882812,
  "summary_gm_mean": 701.80078125,
  "summary_gm_median": 698.2249145507812,
  "summary_gm_n": 18765.0,
  "summary_gm_p05": 566.6424194335937,
  "summary_gm_p95": 849.4625610351562,
  "summary_gm_stdv": 86.00891876220703,
  "summary_wm_k": 0.45416455691573354,
  "summary_wm_mad": 52.03948211669922,
  "summary_wm_mean": 1000.0942993164062,
  "summary_wm_median": 999.9962158203125,
  "summary_wm_n": 262454.0,
  "summary_wm_p05": 910.5325714111327,
  "summary_wm_p95": 1089.2501831054688,
  "summary_wm_stdv": 54.566219329833984,
  "tpm_overlap_csf": 0.2377942055463791,
  "tpm_overlap_gm": 0.5064623951911926,
  "tpm_overlap_wm": 0.5873016715049744,
  "wm2max": 0.5721098613336061
}