{
  "bids_meta": {
    "EchoTime": 0.03,
    "FlipAngle": 8,
    "MagneticFieldStrength": 3.0,
    "Manufacturer": "Siemens",
    "ManufacturersModelName": "MAGNETOM Trio",
    "ReceiveCoilName": "Siemens 12 channel Head Matrix Coil (Erlangen, Germany)",
    "RepetitionTime": 2.4,
    "modality": "T1w",
    "subject_id": "022"
  },
  "cjv": 0.4158605409446767,
  "cnr": 3.206395093116532,
  "efc": 0.5822919048524812,
  "fber": 1393.853271484375,
  "fwhm_avg": 3.2756366666666668,
  "fwhm_x": 3.32775,
  "fwhm_y": 3.42446,
  "fwhm_z": 3.0747,
  "icvs_csf": 0.19933044492721957,
  "icvs_gm": 0.4081446868855095,
  "icvs_wm": 0.39252486818727095,
  "inu_med": 1.1336594820022583,
  "inu_range": 0.3519270718097687,
  "provenance": {
    "md5sum": "58019280e37993c610392a98c88f9e4b",
    "mriqc_pred": 0,
    "settings": {
      "testing": false
    },
    "software": "mriqc",
    "version": "0.9.6",
    "warnings": {
      "large_rot_frame": true,
      "small_air_mask": false
    }
  },
  "qi_1": 0.0,
  "qi_2": 0.005208584350798541,
  "rpve_csf": 24.34817986149107,
  "rpve_gm": 12.548707843511934,
  "rpve_wm": 16.25928942827301,
  "size_x": 176,
  "size_y": 256,
  "size_z": 256,
  "snr_csf": 2.9422633814634254,
  "snr_gm": 8.919382713700811,
  "snr_total": 10.188105006559018,
  "snr_wm": 18.702668924512814,
  "snrd_csf": 23.962407118532738,
  "snrd_gm": 41.833374091288434,
  "snrd_total": 42.01685075363802,
  "snrd_wm": 60.254771051092874,
  "spacing_x": 1.0,
  "spacing_y": 1.0,
  "spacing_z": 1.0,
  "summary_bg_k": 5.277503017147158,
  "summary_bg_mad": 10.872803688049316,
  "summary_bg_mean": 17.204856872558594,
  "summary_bg_median": 14.520085334777832,
  "summary_bg_n": 3710899.0,
  "summary_bg_p05": 2.899308180809021,
  "summary_bg_p95": 41.84589805603026,
  "summary_bg_stdv": 13.192662239074707,
  "summary_csf_k": -0.7855783274605987,
  "summary_csf_mad": 151.32687377929688,
  "summary_csf_mean": 377.0891418457031,
  "summary_csf_median": 397.68597412109375,
  "summary_csf_n": 11050.0,
  "summary_csf_p05": 158.0206443786621,
  "summary_csf_p95": 578.2576171874998,
  "summary_csf_stdv": 135.15716552734375,
  "summary_gm_k": 0.18399698537407438,
  "summary_gm_mad": 75.23274230957031,
  "summary_gm_mean": 693.9698486328125,
  "summary_gm_median": 694.2769165039062,
  "summary_gm_n": 13737.0,
  "summary_gm_p05": 565.150146484375,
  "summary_gm_p95": 822.1692749023437,
  "summary_gm_stdv": 77.83628845214844,
  "summary_wm_k": 0.2954206157373651,
  "summary_wm_mad": 51.90664291381836,
  "summary_wm_mean": 999.8281860351562,
  "summary_wm_median": 1000.0029296875,
  "summary_wm_n": 247463.0,
  "summary_wm_p05": 911.7648681640625,
  "summary_wm_p95": 1086.996435546875,
  "summary_wm_stdv": 53.468353271484375,
  "tpm_overlap_csf": 0.2100818008184433,
  "tpm_overlap_gm": 0.4830431640148163,
  "tpm_overlap_wm": 0.5480382442474365,
  "wm2max": 0.5728564003349705
}