{
  "aor": 0.0016066153846153845,
  "aqi": 0.0031517476153846155,
  "bids_meta": {
    "EchoTime": 0.027,
    "FlipAngle": 90,
    "MagneticFieldStrength": 3.0,
    "Manufacturer": "Siemens",
    "ManufacturersModelName": "MAGNETOM Trio",
    "ReceiveCoilName": "Siemens 12 channel Head Matrix Coil (Erlangen, Germany)",
    "RepetitionTime": 2.5,
    "TaskName": "rest",
    "modality": "bold",
    "run_id": "2",
    "subject_id": "016",
    "task_id": "rest"
  },
  "dummy_trs": 0,
  "dvars_nstd": 20.70068813333333,
  "dvars_std": 1.5382562534108517,
  "dvars_vstd": 1.021313357364341,
  "efc": 0.4274239008391948,
  "fber": 45769.76171875,
  "fd_mean": 0.06003638433062797,
  "fd_num": 2,
  "fd_perc": 1.5384615384615385,
  "fwhm_avg": 2.5101010731171787,
  "fwhm_x": 2.209735,
  "fwhm_y": 2.906825,
  "fwhm_z": 2.413743219351536,
  "gcor": 0.0473592,
  "gsr_x": -0.01543665025383234,
  "gsr_y": 0.021906664595007896,
  "provenance": {
    "md5sum": "4009d689d633683ff6ec6f4239a46bf6",
    "settings": {
      "fd_thres": 0.2,
      "hmc_fsl": false
    },
    "software": "mriqc",
    "version": "0.9.6"
  },
  "size_t": 130,
  "size_x": 64,
  "size_y": 64,
  "size_z": 32,
  "snr": 5.015314144666584,
  "spacing_tr": 2.5,
  "spacing_x": 4.0,
  "spacing_y": 4.0,
  "spacing_z": 3.9999988079071045,
  "summary_bg_k": 42.26300928768421,
  "summary_bg_mad": 2.5774471759796143,
  "summary_bg_mean": 19.79111671447754,
  "summary_bg_median": 4.046154022216797,
  "summary_bg_n": 83001.0,
  "summary_bg_p05": 1.6230769157409668,
  "summary_bg_p95": 111.07691955566406,
  "summary_bg_stdv": 53.35222625732422,
  "summary_fg_k": 3.9875459761348067,
  "summary_fg_mad": 128.02845764160156,
  "summary_fg_mean": 879.9194946289062,
  "summary_fg_median": 895.6769409179688,
  "summary_fg_n": 21472.0,
  "summary_fg_p05": 556.0765258789062,
  "summary_fg_p95": 1109.7703735351565,
  "summary_fg_stdv": 178.58424377441406,
  "tsnr": 112.18978118896484
}