{
  "bids_meta": {
    "EchoTime": 0.03,
    "FlipAngle": 8,
    "MagneticFieldStrength": 3.0,
    "Manufacturer": "Siemens",
    "ManufacturersModelName": "MAGNETOM Trio",
    "ReceiveCoilName": "Siemens 12 channel Head Matrix Coil (Erlangen, Germany)",
    "RepetitionTime": 2.4,
    "modality": "T1w",
    "subject_id": "067"
  },
  "cjv": 0.4083861504014912,
  "cnr": 3.2707929628423917,
  "efc": 0.5449795923399307,
  "fber": 1938.197021484375,
  "fwhm_avg": 3.2913099999999997,
  "fwhm_x": 3.35227,
  "fwhm_y": 3.43045,
  "fwhm_z": 3.09121,
  "icvs_csf": 0.17803487077691535,
  "icvs_gm": 0.4506213591631652,
  "icvs_wm": 0.3713437700599195,
  "inu_med": 1.0872074365615845,
  "inu_range": 0.36144453287124634,
  "provenance": {
    "md5sum": "8d70997f9f7b0fb0a2e038b282d9f0e9",
    "mriqc_pred": 0,
    "settings": {
      "testing": false
    },
    "software": "mriqc",
    "version": "0.9.6",
    "warnings": {
      "large_rot_frame": true,
      "small_air_mask": false
    }
  },
  "qi_1": 0.0,
  "qi_2": 0.007350563135750024,
  "rpve_csf": 50.76811972795728,
  "rpve_gm": 22.20806947035261,
  "rpve_wm": 30.42810358111468,
  "size_x": 256,
  "size_y": 256,
  "size_z": 256,
  "snr_csf": 2.716171357969116,
  "snr_gm": 11.355617931489544,
  "snr_total": 11.441859362653988,
  "snr_wm": 20.253788798503304,
  "snrd_csf": 22.861438793378223,
  "snrd_gm": 46.65750208926672,
  "snrd_total": 44.434308931266344,
  "snrd_wm": 63.7839859111541,
  "spacing_x": 1.0,
  "spacing_y": 1.0,
  "spacing_z": 1.0,
  "summary_bg_k": 4.789561922688847,
  "summary_bg_mad": 10.27116584777832,
  "summary_bg_mean": 16.194190979003906,
  "summary_bg_median": 13.669764518737793,
  "summary_bg_n": 3471578.0,
  "summary_bg_p05": 2.668640720844269,
  "summary_bg_p95": 39.55492095947263,
  "summary_bg_stdv": 12.335869789123535,
  "summary_csf_k": 8.869307139670322,
  "summary_csf_mad": 120.0828628540039,
  "summary_csf_mean": 388.9519958496094,
  "summary_csf_median": 358.4194641113281,
  "summary_csf_n": 10823.0,
  "summary_csf_p05": 227.89500885009767,
  "summary_csf_p95": 620.5874206542968,
  "summary_csf_stdv": 131.95150756835938,
  "summary_gm_k": 0.08992144250549439,
  "summary_gm_mad": 62.77717590332031,
  "summary_gm_mean": 732.7667846679688,
  "summary_gm_median": 731.4918823242188,
  "summary_gm_n": 17100.0,
  "summary_gm_p05": 627.7909301757813,
  "summary_gm_p95": 842.0014770507812,
  "summary_gm_stdv": 64.41485595703125,
  "summary_wm_k": 0.4912870465800032,
  "summary_wm_mad": 46.87752151489258,
  "summary_wm_mean": 999.1685791015625,
  "summary_wm_median": 999.999267578125,
  "summary_wm_n": 163449.0,
  "summary_wm_p05": 916.6132690429688,
  "summary_wm_p95": 1078.161376953125,
  "summary_wm_stdv": 49.373291015625,
  "tpm_overlap_csf": 0.23166677355766296,
  "tpm_overlap_gm": 0.5166618824005127,
  "tpm_overlap_wm": 0.5351924300193787,
  "wm2max": 0.5829872252608306
}