{
  "bids_meta": {
    "EchoTime": 0.03,
    "FlipAngle": 8,
    "MagneticFieldStrength": 3.0,
    "Manufacturer": "Siemens",
    "ManufacturersModelName": "MAGNETOM Trio",
    "ReceiveCoilName": "Siemens 12 channel Head Matrix Coil (Erlangen, Germany)",
    "RepetitionTime": 2.4,
    "modality": "T1w",
    "subject_id": "030"
  },
  "cjv": 0.3620742304448944,
  "cnr": 3.661625915896331,
  "efc": 0.5340416336985057,
  "fber": 1851.879638671875,
  "fwhm_avg": 3.5509800000000005,
  "fwhm_x": 3.54664,
  "fwhm_y": 3.8063,
  "fwhm_z": 3.3,
  "icvs_csf": 0.1879368691651542,
  "icvs_gm": 0.4267509044869821,
  "icvs_wm": 0.3853122263478637,
  "inu_med": 1.0664689540863037,
  "inu_range": 0.3595254719257355,
  "provenance": {
    "md5sum": "cd8ceb504d2fc672b7735daf1209ce78",
    "mriqc_pred": 0,
    "settings": {
      "testing": false
    },
    "software": "mriqc",
    "version": "0.9.6",
    "warnings": {
      "large_rot_frame": true,
      "small_air_mask": false
    }
  },
  "qi_1": 0.0,
  "qi_2": 0.03848193600262208,
  "rpve_csf": 27.82596875851068,
  "rpve_gm": 13.476211527885765,
  "rpve_wm": 18.156637194779023,
  "size_x": 176,
  "size_y": 256,
  "size_z": 256,
  "snr_csf": 3.3881036262230046,
  "snr_gm": 8.92385490743393,
  "snr_total": 10.946629049862297,
  "snr_wm": 20.52792861592996,
  "snrd_csf": 28.12938451662663,
  "snrd_gm": 43.96827254960025,
  "snrd_total": 45.91136204060155,
  "snrd_wm": 65.63642905557779,
  "spacing_x": 1.0,
  "spacing_y": 1.0,
  "spacing_z": 1.0,
  "summary_bg_k": 2.6897809348032284,
  "summary_bg_mad": 9.981156349182129,
  "summary_bg_mean": 15.305950164794922,
  "summary_bg_median": 13.561434745788574,
  "summary_bg_n": 3674979.0,
  "summary_bg_p05": 0.0,
  "summary_bg_p95": 36.017185974121034,
  "summary_bg_stdv": 10.987258911132812,
  "summary_csf_k": 0.010834828007754371,
  "summary_csf_mad": 105.20263671875,
  "summary_csf_mean": 397.6029052734375,
  "summary_csf_median": 428.5577697753906,
  "summary_csf_n": 11919.0,
  "summary_csf_p05": 162.79748077392577,
  "summary_csf_p95": 564.4872802734375,
  "summary_csf_stdv": 126.48367309570312,
  "summary_gm_k": 0.16834843365216212,
  "summary_gm_mad": 73.38998413085938,
  "summary_gm_mean": 672.0344848632812,
  "summary_gm_median": 669.866943359375,
  "summary_gm_n": 24598.0,
  "summary_gm_p05": 552.5646514892578,
  "summary_gm_p95": 800.3204040527343,
  "summary_gm_stdv": 75.06322479248047,
  "summary_wm_k": 0.5566758854537173,
  "summary_wm_mad": 46.137760162353516,
  "summary_wm_mean": 998.4039916992188,
  "summary_wm_median": 999.9863891601562,
  "summary_wm_n": 222141.0,
  "summary_wm_p05": 916.0869140625,
  "summary_wm_p95": 1075.0877685546875,
  "summary_wm_stdv": 48.713348388671875,
  "tpm_overlap_csf": 0.2248712182044983,
  "tpm_overlap_gm": 0.5206063389778137,
  "tpm_overlap_wm": 0.5708388090133667,
  "wm2max": 0.6147333859238653
}