{
  "aor": 0.002584015151515152,
  "aqi": 0.0020487192424242426,
  "bids_meta": {
    "EchoTime": 0.027,
    "FlipAngle": 90,
    "MagneticFieldStrength": 3.0,
    "Manufacturer": "Siemens",
    "ManufacturersModelName": "MAGNETOM Trio",
    "ReceiveCoilName": "Siemens 12 channel Head Matrix Coil (Erlangen, Germany)",
    "RepetitionTime": 2.5,
    "TaskName": "rest",
    "modality": "bold",
    "run_id": "2",
    "subject_id": "059",
    "task_id": "rest"
  },
  "dummy_trs": 0,
  "dvars_nstd": 15.93564806656489,
  "dvars_std": 1.322472122977099,
  "dvars_vstd": 1.0007036326717553,
  "efc": 0.420664840169172,
  "fber": 42378.94921875,
  "fd_mean": 0.051835519004000866,
  "fd_num": 1,
  "fd_perc": 0.7575757575757576,
  "fwhm_avg": 2.535073333333333,
  "fwhm_x": 2.25554,
  "fwhm_y": 2.907525,
  "fwhm_z": 2.442155,
  "gcor": 0.0464578,
  "gsr_x": -0.012836148962378502,
  "gsr_y": 0.023324616253376007,
  "provenance": {
    "md5sum": "1fa00b886ccc17f161b55b13c30348a9",
    "settings": {
      "fd_thres": 0.2,
      "hmc_fsl": false
    },
    "software": "mriqc",
    "version": "0.9.6"
  },
  "size_t": 132,
  "size_x": 64,
  "size_y": 64,
  "size_z": 32,
  "snr": 4.507542955654395,
  "spacing_tr": 2.5,
  "spacing_x": 4.0,
  "spacing_y": 4.0,
  "spacing_z": 4.0,
  "summary_bg_k": 53.49762017307091,
  "summary_bg_mad": 2.021730422973633,
  "summary_bg_mean": 12.356215476989746,
  "summary_bg_median": 3.3712122440338135,
  "summary_bg_n": 82418.0,
  "summary_bg_p05": 1.6666667461395264,
  "summary_bg_p95": 63.65492515563952,
  "summary_bg_stdv": 28.779464721679688,
  "summary_fg_k": 2.801198673907212,
  "summary_fg_mad": 125.12822723388672,
  "summary_fg_mean": 717.7109985351562,
  "summary_fg_median": 729.3787841796875,
  "summary_fg_n": 22008.0,
  "summary_fg_p05": 422.37767028808594,
  "summary_fg_p95": 941.5227661132812,
  "summary_fg_stdv": 161.80926513671875,
  "tsnr": 104.83949279785156
}