{
  "aor": 0.005356616541353384,
  "aqi": 0.010015979172932331,
  "bids_meta": {
    "EchoTime": 0.027,
    "FlipAngle": 90,
    "MagneticFieldStrength": 3.0,
    "Manufacturer": "Siemens",
    "ManufacturersModelName": "MAGNETOM Trio",
    "ReceiveCoilName": "Siemens 12 channel Head Matrix Coil (Erlangen, Germany)",
    "RepetitionTime": 2.5,
    "TaskName": "rest",
    "modality": "bold",
    "run_id": "1",
    "subject_id": "041",
    "task_id": "rest"
  },
  "dummy_trs": 0,
  "dvars_nstd": 17.001907088787885,
  "dvars_std": 1.1422512655303032,
  "dvars_vstd": 0.9287839263636364,
  "efc": 0.3944706544264234,
  "fber": 33705.1328125,
  "fd_mean": 0.1312823159419242,
  "fd_num": 20,
  "fd_perc": 15.037593984962406,
  "fwhm_avg": 2.603342403351676,
  "fwhm_x": 2.2803925,
  "fwhm_y": 3.0974,
  "fwhm_z": 2.4322347100550283,
  "gcor": 0.0283639,
  "gsr_x": -0.018179288133978844,
  "gsr_y": 0.020500248298048973,
  "provenance": {
    "md5sum": "546da930600df76e646a5173cb8644b3",
    "settings": {
      "fd_thres": 0.2,
      "hmc_fsl": false
    },
    "software": "mriqc",
    "version": "0.9.6"
  },
  "size_t": 133,
  "size_x": 64,
  "size_y": 64,
  "size_z": 32,
  "snr": 5.141034823496471,
  "spacing_tr": 2.5,
  "spacing_x": 4.0,
  "spacing_y": 4.0,
  "spacing_z": 4.000000476837158,
  "summary_bg_k": 59.80699064593165,
  "summary_bg_mad": 2.0288240909576416,
  "summary_bg_mean": 11.295944213867188,
  "summary_bg_median": 3.345864772796631,
  "summary_bg_n": 86457.0,
  "summary_bg_p05": 1.541353464126587,
  "summary_bg_p95": 49.565415191650374,
  "summary_bg_stdv": 25.954219818115234,
  "summary_fg_k": 4.613159464859417,
  "summary_fg_mad": 81.54312133789062,
  "summary_fg_mean": 617.5839233398438,
  "summary_fg_median": 635.3233032226562,
  "summary_fg_n": 18559.0,
  "summary_fg_p05": 377.77293090820314,
  "summary_fg_p95": 764.8203308105469,
  "summary_fg_stdv": 123.57554626464844,
  "tsnr": 58.28440856933594
}