{
  "aor": 0.001016153846153846,
  "aqi": 0.002355187153846154,
  "bids_meta": {
    "EchoTime": 0.027,
    "FlipAngle": 90,
    "MagneticFieldStrength": 3.0,
    "Manufacturer": "Siemens",
    "ManufacturersModelName": "MAGNETOM Trio",
    "ReceiveCoilName": "Siemens 12 channel Head Matrix Coil (Erlangen, Germany)",
    "RepetitionTime": 2.5,
    "TaskName": "rest",
    "modality": "bold",
    "run_id": "1",
    "subject_id": "020",
    "task_id": "rest"
  },
  "dummy_trs": 0,
  "dvars_nstd": 19.431072301937984,
  "dvars_std": 1.3245847574418612,
  "dvars_vstd": 1.0078975924031008,
  "efc": 0.4441664066424878,
  "fber": 33068.89453125,
  "fd_mean": 0.08251197575526978,
  "fd_num": 2,
  "fd_perc": 1.5384615384615385,
  "fwhm_avg": 2.570442689174856,
  "fwhm_x": 2.3569075,
  "fwhm_y": 2.97405,
  "fwhm_z": 2.3803705675245683,
  "gcor": 0.189713,
  "gsr_x": -0.00635669007897377,
  "gsr_y": 0.018285147845745087,
  "provenance": {
    "md5sum": "9f47b24e4badfe9aff2d63959a2b0f37",
    "settings": {
      "fd_thres": 0.2,
      "hmc_fsl": false
    },
    "software": "mriqc",
    "version": "0.9.6"
  },
  "size_t": 130,
  "size_x": 64,
  "size_y": 64,
  "size_z": 32,
  "snr": 4.87236461542951,
  "spacing_tr": 2.5,
  "spacing_x": 4.0,
  "spacing_y": 4.0,
  "spacing_z": 3.9999990463256836,
  "summary_bg_k": 24.01471910621729,
  "summary_bg_mad": 2.668684244155884,
  "summary_bg_mean": 19.66421890258789,
  "summary_bg_median": 3.700000047683716,
  "summary_bg_n": 81120.0,
  "summary_bg_p05": 1.4923076629638672,
  "summary_bg_p95": 112.11577148437502,
  "summary_bg_stdv": 46.40430450439453,
  "summary_fg_k": 3.9059690917618495,
  "summary_fg_mad": 102.19689178466797,
  "summary_fg_mean": 686.328857421875,
  "summary_fg_median": 704.1692504882812,
  "summary_fg_n": 22440.0,
  "summary_fg_p05": 404.375,
  "summary_fg_p95": 868.9946166992188,
  "summary_fg_stdv": 144.51988220214844,
  "tsnr": 97.64663696289062
}