{
  "aor": 0.002110833333333333,
  "aqi": 0.0026274315151515147,
  "bids_meta": {
    "EchoTime": 0.027,
    "FlipAngle": 90,
    "MagneticFieldStrength": 3.0,
    "Manufacturer": "Siemens",
    "ManufacturersModelName": "MAGNETOM Trio",
    "ReceiveCoilName": "Siemens 12 channel Head Matrix Coil (Erlangen, Germany)",
    "RepetitionTime": 2.5,
    "TaskName": "rest",
    "modality": "bold",
    "run_id": "1",
    "subject_id": "100",
    "task_id": "rest"
  },
  "dummy_trs": 0,
  "dvars_nstd": 15.429254153358777,
  "dvars_std": 1.3472714502290073,
  "dvars_vstd": 0.9867568128244273,
  "efc": 0.39815049016980125,
  "fber": 46209.90625,
  "fd_mean": 0.042241609327362026,
  "fd_num": 0,
  "fd_perc": 0.0,
  "fwhm_avg": 2.514452045442444,
  "fwhm_x": 2.295405,
  "fwhm_y": 2.8649,
  "fwhm_z": 2.3830511363273317,
  "gcor": 0.0162241,
  "gsr_x": -0.014460152946412563,
  "gsr_y": 0.017855996266007423,
  "provenance": {
    "md5sum": "2ef19c5e6f0678b0646ab27b0dd6ad84",
    "settings": {
      "fd_thres": 0.2,
      "hmc_fsl": false
    },
    "software": "mriqc",
    "version": "0.9.6"
  },
  "size_t": 132,
  "size_x": 64,
  "size_y": 64,
  "size_z": 32,
  "snr": 4.5903323211503455,
  "spacing_tr": 2.5,
  "spacing_x": 4.0,
  "spacing_y": 4.0,
  "spacing_z": 3.999998092651367,
  "summary_bg_k": 71.03162912308906,
  "summary_bg_mad": 2.605786085128784,
  "summary_bg_mean": 14.92162799835205,
  "summary_bg_median": 4.007575988769531,
  "summary_bg_n": 85247.0,
  "summary_bg_p05": 1.7196969985961914,
  "summary_bg_p95": 67.56818389892578,
  "summary_bg_stdv": 39.23590850830078,
  "summary_fg_k": 3.37804864610896,
  "summary_fg_mad": 141.10556030273438,
  "summary_fg_mean": 879.5884399414062,
  "summary_fg_median": 899.7197265625,
  "summary_fg_n": 19385.0,
  "summary_fg_p05": 505.6393981933594,
  "summary_fg_p95": 1134.2439697265622,
  "summary_fg_stdv": 195.9981231689453,
  "tsnr": 105.70965576171875
}