{
  "aor": 0.0015035338345864662,
  "aqi": 0.003502333909774436,
  "bids_meta": {
    "EchoTime": 0.027,
    "FlipAngle": 90,
    "MagneticFieldStrength": 3.0,
    "Manufacturer": "Siemens",
    "ManufacturersModelName": "MAGNETOM Trio",
    "ReceiveCoilName": "Siemens 12 channel Head Matrix Coil (Erlangen, Germany)",
    "RepetitionTime": 2.5,
    "TaskName": "rest",
    "modality": "bold",
    "run_id": "1",
    "subject_id": "029",
    "task_id": "rest"
  },
  "dummy_trs": 0,
  "dvars_nstd": 21.254631287954542,
  "dvars_std": 1.5314304918939396,
  "dvars_vstd": 0.9990809274999998,
  "efc": 0.43914865951473697,
  "fber": 35140.80859375,
  "fd_mean": 0.06974858435399832,
  "fd_num": 2,
  "fd_perc": 1.5037593984962405,
  "fwhm_avg": 2.420821768862164,
  "fwhm_x": 2.1187975,
  "fwhm_y": 2.803825167121003,
  "fwhm_z": 2.3398426394654894,
  "gcor": 0.0366367,
  "gsr_x": -0.015049071982502937,
  "gsr_y": 0.017933685332536697,
  "provenance": {
    "md5sum": "a216659fcada73bf8e2e5e286a1f2003",
    "settings": {
      "fd_thres": 0.2,
      "hmc_fsl": false
    },
    "software": "mriqc",
    "version": "0.9.6"
  },
  "size_t": 133,
  "size_x": 64,
  "size_y": 64,
  "size_z": 32,
  "snr": 5.341760770380977,
  "spacing_tr": 2.5,
  "spacing_x": 4.0,
  "spacing_y": 3.999999761581421,
  "spacing_z": 3.999999761581421,
  "summary_bg_k": 37.389269905183546,
  "summary_bg_mad": 2.530456781387329,
  "summary_bg_mean": 16.59162139892578,
  "summary_bg_median": 3.8421053886413574,
  "summary_bg_n": 81072.0,
  "summary_bg_p05": 1.609022617340088,
  "summary_bg_p95": 88.68270797729483,
  "summary_bg_stdv": 39.93347930908203,
  "summary_fg_k": 4.72649522926845,
  "summary_fg_mad": 99.679931640625,
  "summary_fg_mean": 732.87646484375,
  "summary_fg_median": 747.3834838867188,
  "summary_fg_n": 22885.0,
  "summary_fg_p05": 481.95941162109375,
  "summary_fg_p95": 914.2541748046875,
  "summary_fg_stdv": 139.91026306152344,
  "tsnr": 111.54536437988281
}