{
  "aor": 0.0015584848484848485,
  "aqi": 0.0017860549242424242,
  "bids_meta": {
    "EchoTime": 0.027,
    "FlipAngle": 90,
    "MagneticFieldStrength": 3.0,
    "Manufacturer": "Siemens",
    "ManufacturersModelName": "MAGNETOM Trio",
    "ReceiveCoilName": "Siemens 12 channel Head Matrix Coil (Erlangen, Germany)",
    "RepetitionTime": 2.5,
    "TaskName": "rest",
    "modality": "bold",
    "run_id": "1",
    "subject_id": "110",
    "task_id": "rest"
  },
  "dummy_trs": 0,
  "dvars_nstd": 17.972188469312968,
  "dvars_std": 1.4009149200000002,
  "dvars_vstd": 0.992752507175572,
  "efc": 0.39280379487867917,
  "fber": 44542.03125,
  "fd_mean": 0.03932515146190305,
  "fd_num": 0,
  "fd_perc": 0.0,
  "fwhm_avg": 2.661577013393984,
  "fwhm_x": 2.40003,
  "fwhm_y": 3.09165,
  "fwhm_z": 2.493051040181952,
  "gcor": 0.00771243,
  "gsr_x": -0.0180791225284338,
  "gsr_y": 0.017357612028717995,
  "provenance": {
    "md5sum": "5c84e795215cca057f65260afb7a0bb0",
    "settings": {
      "fd_thres": 0.2,
      "hmc_fsl": false
    },
    "software": "mriqc",
    "version": "0.9.6"
  },
  "size_t": 132,
  "size_x": 64,
  "size_y": 64,
  "size_z": 32,
  "snr": 4.6222356493506,
  "spacing_tr": 2.5,
  "spacing_x": 4.0,
  "spacing_y": 4.0,
  "spacing_z": 3.9999983310699463,
  "summary_bg_k": 62.049765747061244,
  "summary_bg_mad": 2.852886199951172,
  "summary_bg_mean": 18.10732650756836,
  "summary_bg_median": 4.742424488067627,
  "summary_bg_n": 86201.0,
  "summary_bg_p05": 2.25,
  "summary_bg_p95": 86.51515197753906,
  "summary_bg_stdv": 45.74080276489258,
  "summary_fg_k": 2.88758571299201,
  "summary_fg_mad": 171.00474548339844,
  "summary_fg_mean": 1019.0824584960938,
  "summary_fg_median": 1049.3560791015625,
  "summary_fg_n": 18901.0,
  "summary_fg_p05": 575.492431640625,
  "summary_fg_p95": 1314.757568359375,
  "summary_fg_stdv": 227.01748657226562,
  "tsnr": 124.6851577758789
}