{
  "aor": 0.0024400757575757577,
  "aqi": 0.003955094015151516,
  "bids_meta": {
    "EchoTime": 0.027,
    "FlipAngle": 90,
    "MagneticFieldStrength": 3.0,
    "Manufacturer": "Siemens",
    "ManufacturersModelName": "MAGNETOM Trio",
    "ReceiveCoilName": "Siemens 12 channel Head Matrix Coil (Erlangen, Germany)",
    "RepetitionTime": 2.5,
    "TaskName": "rest",
    "modality": "bold",
    "run_id": "2",
    "subject_id": "100",
    "task_id": "rest"
  },
  "dummy_trs": 0,
  "dvars_nstd": 17.4878979383206,
  "dvars_std": 1.3790780658778625,
  "dvars_vstd": 0.9818522399999999,
  "efc": 0.3972853988490633,
  "fber": 47037.4453125,
  "fd_mean": 0.061078148684721154,
  "fd_num": 1,
  "fd_perc": 0.7575757575757576,
  "fwhm_avg": 2.5270612139254633,
  "fwhm_x": 2.303555,
  "fwhm_y": 2.88315,
  "fwhm_z": 2.3944786417763906,
  "gcor": 0.0162646,
  "gsr_x": -0.01438162475824356,
  "gsr_y": 0.018898116424679756,
  "provenance": {
    "md5sum": "56fdea550a1a818167211223be69d2ad",
    "settings": {
      "fd_thres": 0.2,
      "hmc_fsl": false
    },
    "software": "mriqc",
    "version": "0.9.6"
  },
  "size_t": 132,
  "size_x": 64,
  "size_y": 64,
  "size_z": 32,
  "snr": 4.596342181389297,
  "spacing_tr": 2.5,
  "spacing_x": 4.0,
  "spacing_y": 4.0,
  "spacing_z": 3.999998092651367,
  "summary_bg_k": 75.31551072705997,
  "summary_bg_mad": 2.605786085128784,
  "summary_bg_mean": 14.950132369995117,
  "summary_bg_median": 4.007575988769531,
  "summary_bg_n": 85268.0,
  "summary_bg_p05": 1.7196969985961914,
  "summary_bg_p95": 67.23977241516108,
  "summary_bg_stdv": 39.7939567565918,
  "summary_fg_k": 3.4971787309142037,
  "summary_fg_mad": 141.5098876953125,
  "summary_fg_mean": 886.5021362304688,
  "summary_fg_median": 905.8258056640625,
  "summary_fg_n": 19334.0,
  "summary_fg_p05": 510.5848739624023,
  "summary_fg_p95": 1141.0436035156247,
  "summary_fg_stdv": 197.0702667236328,
  "tsnr": 85.71887969970703
}