{
  "aor": 0.0011806870229007632,
  "aqi": 0.002052381832061069,
  "bids_meta": {
    "EchoTime": 0.027,
    "FlipAngle": 90,
    "MagneticFieldStrength": 3.0,
    "Manufacturer": "Siemens",
    "ManufacturersModelName": "MAGNETOM Trio",
    "ReceiveCoilName": "Siemens 12 channel Head Matrix Coil (Erlangen, Germany)",
    "RepetitionTime": 2.5,
    "TaskName": "rest",
    "modality": "bold",
    "run_id": "2",
    "subject_id": "050",
    "task_id": "rest"
  },
  "dummy_trs": 1,
  "dvars_nstd": 19.140048628461543,
  "dvars_std": 1.3942260136923077,
  "dvars_vstd": 0.9972427647692307,
  "efc": 0.41108247944839094,
  "fber": 43327.34375,
  "fd_mean": 0.1534307480630828,
  "fd_num": 39,
  "fd_perc": 29.770992366412212,
  "fwhm_avg": 2.472203102515744,
  "fwhm_x": 2.193725,
  "fwhm_y": 2.817125167913745,
  "fwhm_z": 2.4057591396334863,
  "gcor": 0.0222512,
  "gsr_x": -0.015161985531449318,
  "gsr_y": 0.015270230360329151,
  "provenance": {
    "md5sum": "5ead0576600b67f781ed5d0b0f8ef445",
    "settings": {
      "fd_thres": 0.2,
      "hmc_fsl": false
    },
    "software": "mriqc",
    "version": "0.9.6"
  },
  "size_t": 131,
  "size_x": 64,
  "size_y": 64,
  "size_z": 32,
  "snr": 4.791216733038593,
  "spacing_tr": 2.5,
  "spacing_x": 4.0,
  "spacing_y": 3.999999761581421,
  "spacing_z": 4.000001430511475,
  "summary_bg_k": 52.241476243321486,
  "summary_bg_mad": 2.37669038772583,
  "summary_bg_mean": 15.661544799804688,
  "summary_bg_median": 3.8091602325439453,
  "summary_bg_n": 84451.0,
  "summary_bg_p05": 1.610687017440796,
  "summary_bg_p95": 78.82061004638672,
  "summary_bg_stdv": 41.42253112792969,
  "summary_fg_k": 3.8265084982923003,
  "summary_fg_mad": 123.66706848144531,
  "summary_fg_mean": 809.9389038085938,
  "summary_fg_median": 825.1832275390625,
  "summary_fg_n": 20269.0,
  "summary_fg_p05": 490.24274902343745,
  "summary_fg_p95": 1037.0717529296874,
  "summary_fg_stdv": 172.2240753173828,
  "tsnr": 118.28296661376953
}