{
  "bids_meta": {
    "EchoTime": 0.03,
    "FlipAngle": 8,
    "MagneticFieldStrength": 3.0,
    "Manufacturer": "Siemens",
    "ManufacturersModelName": "MAGNETOM Trio",
    "ReceiveCoilName": "Siemens 12 channel Head Matrix Coil (Erlangen, Germany)",
    "RepetitionTime": 2.4,
    "modality": "T1w",
    "subject_id": "063"
  },
  "cjv": 0.46981775674241144,
  "cnr": 2.7847304402693918,
  "efc": 0.5778160625666342,
  "fber": 2062.010009765625,
  "fwhm_avg": 3.513316666666667,
  "fwhm_x": 3.59598,
  "fwhm_y": 3.65058,
  "fwhm_z": 3.29339,
  "icvs_csf": 0.18379161970408012,
  "icvs_gm": 0.4031577509484596,
  "icvs_wm": 0.4130506293474603,
  "inu_med": 1.032639741897583,
  "inu_range": 0.4414808750152588,
  "provenance": {
    "md5sum": "4177b493065a556714190baba705d29b",
    "mriqc_pred": 0,
    "settings": {
      "testing": false
    },
    "software": "mriqc",
    "version": "0.9.6",
    "warnings": {
      "large_rot_frame": true,
      "small_air_mask": false
    }
  },
  "qi_1": 0.0,
  "qi_2": 0.007121712880798567,
  "rpve_csf": 34.834118037619874,
  "rpve_gm": 16.7246406330666,
  "rpve_wm": 19.662661114228985,
  "size_x": 256,
  "size_y": 256,
  "size_z": 256,
  "snr_csf": 3.270859848085154,
  "snr_gm": 9.982976088721497,
  "snr_total": 10.767799283073154,
  "snr_wm": 19.049561912412813,
  "snrd_csf": 18.316129473445493,
  "snrd_gm": 43.257300685254165,
  "snrd_total": 39.91617552974733,
  "snrd_wm": 58.175096430542325,
  "spacing_x": 1.0,
  "spacing_y": 1.0,
  "spacing_z": 1.0,
  "summary_bg_k": 5.652864760350369,
  "summary_bg_mad": 11.261600494384766,
  "summary_bg_mean": 17.232332229614258,
  "summary_bg_median": 14.695406913757324,
  "summary_bg_n": 4183155.0,
  "summary_bg_p05": 2.9008113145828247,
  "summary_bg_p95": 42.535168838500965,
  "summary_bg_stdv": 13.275956153869629,
  "summary_csf_k": 12.760712802455275,
  "summary_csf_mad": 62.005558013916016,
  "summary_csf_mean": 334.7082824707031,
  "summary_csf_median": 314.8488464355469,
  "summary_csf_n": 26120.0,
  "summary_csf_p05": 222.85627517700195,
  "summary_csf_p95": 534.1424591064452,
  "summary_csf_stdv": 96.25689697265625,
  "summary_gm_k": 0.4289663995234059,
  "summary_gm_mad": 70.24913787841797,
  "summary_gm_mean": 746.8892822265625,
  "summary_gm_median": 743.5802001953125,
  "summary_gm_n": 18377.0,
  "summary_gm_p05": 630.011669921875,
  "summary_gm_p95": 876.9761718750001,
  "summary_gm_stdv": 74.48279571533203,
  "summary_wm_k": 0.3891029328136164,
  "summary_wm_mad": 50.22740173339844,
  "summary_wm_mean": 1000.1013793945312,
  "summary_wm_median": 1000.0126953125,
  "summary_wm_n": 298398.0,
  "summary_wm_p05": 914.0517425537109,
  "summary_wm_p95": 1086.4238647460938,
  "summary_wm_stdv": 52.49522399902344,
  "tpm_overlap_csf": 0.23151835799217224,
  "tpm_overlap_gm": 0.48999616503715515,
  "tpm_overlap_wm": 0.555864691734314,
  "wm2max": 0.5805246348426509
}