{
  "aor": 0.002248030303030303,
  "aqi": 0.0030785859848484845,
  "bids_meta": {
    "EchoTime": 0.027,
    "FlipAngle": 90,
    "MagneticFieldStrength": 3.0,
    "Manufacturer": "Siemens",
    "ManufacturersModelName": "MAGNETOM Trio",
    "ReceiveCoilName": "Siemens 12 channel Head Matrix Coil (Erlangen, Germany)",
    "RepetitionTime": 2.5,
    "TaskName": "rest",
    "modality": "bold",
    "run_id": "1",
    "subject_id": "118",
    "task_id": "rest"
  },
  "dummy_trs": 0,
  "dvars_nstd": 13.868818690534345,
  "dvars_std": 1.2495336924427483,
  "dvars_vstd": 0.9725372009160307,
  "efc": 0.4153338540413842,
  "fber": 47079.94140625,
  "fd_mean": 0.05170837417909332,
  "fd_num": 0,
  "fd_perc": 0.0,
  "fwhm_avg": 2.444128147256617,
  "fwhm_x": 2.2072475,
  "fwhm_y": 2.78375,
  "fwhm_z": 2.3413869417698523,
  "gcor": 0.0161079,
  "gsr_x": -0.012767964042723179,
  "gsr_y": 0.01865442842245102,
  "provenance": {
    "md5sum": "ad7c49ad072e85e72682a8d390d0b26f",
    "settings": {
      "fd_thres": 0.2,
      "hmc_fsl": false
    },
    "software": "mriqc",
    "version": "0.9.6"
  },
  "size_t": 132,
  "size_x": 64,
  "size_y": 64,
  "size_z": 32,
  "snr": 4.8919368714235665,
  "spacing_tr": 2.5,
  "spacing_x": 4.0,
  "spacing_y": 4.0,
  "spacing_z": 4.000000953674316,
  "summary_bg_k": 79.48635276961066,
  "summary_bg_mad": 2.392381191253662,
  "summary_bg_mean": 12.835055351257324,
  "summary_bg_median": 3.8181819915771484,
  "summary_bg_n": 82565.0,
  "summary_bg_p05": 1.5303031206130981,
  "summary_bg_p95": 54.31515350341801,
  "summary_bg_stdv": 34.61067199707031,
  "summary_fg_k": 3.6599448264983065,
  "summary_fg_mad": 128.5371551513672,
  "summary_fg_mean": 849.8430786132812,
  "summary_fg_median": 863.6287841796875,
  "summary_fg_n": 21654.0,
  "summary_fg_p05": 528.8462463378906,
  "summary_fg_p95": 1088.897747802734,
  "summary_fg_stdv": 176.53720092773438,
  "tsnr": 99.93780517578125
}