{
  "bids_meta": {
    "EchoTime": 0.03,
    "FlipAngle": 8,
    "MagneticFieldStrength": 3.0,
    "Manufacturer": "Siemens",
    "ManufacturersModelName": "MAGNETOM Trio",
    "ReceiveCoilName": "Siemens 12 channel Head Matrix Coil (Erlangen, Germany)",
    "RepetitionTime": 2.4,
    "modality": "T1w",
    "subject_id": "119"
  },
  "cjv": 0.4264589752443166,
  "cnr": 3.120967281532624,
  "efc": 0.5746604642316913,
  "fber": 1532.791259765625,
  "fwhm_avg": 3.3628198671062948,
  "fwhm_x": 3.344379601318884,
  "fwhm_y": 3.53996,
  "fwhm_z": 3.20412,
  "icvs_csf": 0.1915356982844992,
  "icvs_gm": 0.41668115018211827,
  "icvs_wm": 0.3917831515333825,
  "inu_med": 1.1383848190307617,
  "inu_range": 0.3773009777069092,
  "provenance": {
    "md5sum": "ae75331641aa05fe86f3e6f687bed29a",
    "mriqc_pred": 0,
    "settings": {
      "testing": false
    },
    "software": "mriqc",
    "version": "0.9.6",
    "warnings": {
      "large_rot_frame": true,
      "small_air_mask": false
    }
  },
  "qi_1": 0.0,
  "qi_2": 0.008163663526630277,
  "rpve_csf": 24.131695180293203,
  "rpve_gm": 12.020218124535516,
  "rpve_wm": 15.63087698993296,
  "size_x": 176,
  "size_y": 256,
  "size_z": 256,
  "snr_csf": 1.9376757463437335,
  "snr_gm": 8.474290893858573,
  "snr_total": 9.483225422916014,
  "snr_wm": 18.037709628545738,
  "snrd_csf": 16.815208255878904,
  "snrd_gm": 38.3101440988659,
  "snrd_total": 36.88359544594811,
  "snrd_wm": 55.52543398309952,
  "spacing_x": 1.0000001192092896,
  "spacing_y": 1.0,
  "spacing_z": 1.0,
  "summary_bg_k": 3.7719701421738154,
  "summary_bg_mad": 11.799163818359375,
  "summary_bg_mean": 17.38945960998535,
  "summary_bg_median": 14.702165603637695,
  "summary_bg_n": 3729817.0,
  "summary_bg_p05": 2.9926945686340334,
  "summary_bg_p95": 41.87516021728514,
  "summary_bg_stdv": 12.914850234985352,
  "summary_csf_k": 3.21963672921433,
  "summary_csf_mad": 165.7749786376953,
  "summary_csf_mean": 332.4825134277344,
  "summary_csf_median": 302.845947265625,
  "summary_csf_n": 11999.0,
  "summary_csf_p05": 126.66249237060546,
  "summary_csf_p95": 592.8309143066407,
  "summary_csf_stdv": 156.28689575195312,
  "summary_gm_k": 0.17427595766155912,
  "summary_gm_mad": 78.73917388916016,
  "summary_gm_mean": 692.4276123046875,
  "summary_gm_median": 689.9749145507812,
  "summary_gm_n": 23137.0,
  "summary_gm_p05": 561.9648315429688,
  "summary_gm_p95": 832.4045776367187,
  "summary_gm_stdv": 81.41802215576172,
  "summary_wm_k": 0.33107851554324697,
  "summary_wm_mad": 53.485076904296875,
  "summary_wm_mean": 1000.5015869140625,
  "summary_wm_median": 1000.0264282226562,
  "summary_wm_n": 258821.0,
  "summary_wm_p05": 910.0138549804688,
  "summary_wm_p95": 1091.71435546875,
  "summary_wm_stdv": 55.44076919555664,
  "tpm_overlap_csf": 0.2247655987739563,
  "tpm_overlap_gm": 0.5027438998222351,
  "tpm_overlap_wm": 0.5628705024719238,
  "wm2max": 0.5631941008758936
}