{
  "aor": 0.006436055555555556,
  "aqi": 0.01007399436111111,
  "bids_meta": {
    "EchoTime": 0.027,
    "FlipAngle": 90,
    "MagneticFieldStrength": 3.0,
    "Manufacturer": "Siemens",
    "ManufacturersModelName": "MAGNETOM Trio",
    "ReceiveCoilName": "Siemens 12 channel Head Matrix Coil (Erlangen, Germany)",
    "RepetitionTime": 2.5,
    "TaskName": "rest",
    "modality": "bold",
    "run_id": "1",
    "subject_id": "086",
    "task_id": "rest"
  },
  "dummy_trs": 0,
  "dvars_nstd": 20.25278780768803,
  "dvars_std": 1.261529326685237,
  "dvars_vstd": 1.0021871393314767,
  "efc": 0.379760067380016,
  "fber": 49763.89453125,
  "fd_mean": 0.14961262513540807,
  "fd_num": 73,
  "fd_perc": 20.27777777777778,
  "fwhm_avg": 2.474390924344372,
  "fwhm_x": 2.275005,
  "fwhm_y": 2.8578,
  "fwhm_z": 2.290367773033115,
  "gcor": 0.0294159,
  "gsr_x": -0.013022184371948242,
  "gsr_y": 0.010690403170883656,
  "provenance": {
    "md5sum": "e0eabc83df3c6c31a8f552a53be52a70",
    "settings": {
      "fd_thres": 0.2,
      "hmc_fsl": false
    },
    "software": "mriqc",
    "version": "0.9.6"
  },
  "size_t": 360,
  "size_x": 64,
  "size_y": 64,
  "size_z": 32,
  "snr": 4.924994322329095,
  "spacing_tr": 2.5,
  "spacing_x": 4.0,
  "spacing_y": 4.0,
  "spacing_z": 3.999999523162842,
  "summary_bg_k": 57.778075769732745,
  "summary_bg_mad": 1.9067912101745605,
  "summary_bg_mean": 11.065360069274902,
  "summary_bg_median": 3.0027778148651123,
  "summary_bg_n": 87640.0,
  "summary_bg_p05": 1.225000023841858,
  "summary_bg_p95": 50.2843051910401,
  "summary_bg_stdv": 27.770620346069336,
  "summary_fg_k": 3.385019714310334,
  "summary_fg_mad": 102.02771759033203,
  "summary_fg_mean": 674.7269287109375,
  "summary_fg_median": 690.3472290039062,
  "summary_fg_n": 17565.0,
  "summary_fg_p05": 414.66611938476564,
  "summary_fg_p95": 858.3689086914061,
  "summary_fg_stdv": 140.16819763183594,
  "tsnr": 54.6036491394043
}