{
  "bids_meta": {
    "EchoTime": 0.03,
    "FlipAngle": 8,
    "MagneticFieldStrength": 3.0,
    "Manufacturer": "Siemens",
    "ManufacturersModelName": "MAGNETOM Trio",
    "ReceiveCoilName": "Siemens 12 channel Head Matrix Coil (Erlangen, Germany)",
    "RepetitionTime": 2.4,
    "modality": "T1w",
    "subject_id": "015"
  },
  "cjv": 0.4750509708982586,
  "cnr": 2.7705482018405916,
  "efc": 0.5903193194956331,
  "fber": 1405.04052734375,
  "fwhm_avg": 3.359743333333333,
  "fwhm_x": 3.478,
  "fwhm_y": 3.48066,
  "fwhm_z": 3.12057,
  "icvs_csf": 0.19298218101423564,
  "icvs_gm": 0.40983281143524597,
  "icvs_wm": 0.3971850075505184,
  "inu_med": 1.0560657978057861,
  "inu_range": 0.44946845769882204,
  "provenance": {
    "md5sum": "192ba1debfb7c724c936f79fc3527237",
    "mriqc_pred": 0,
    "settings": {
      "testing": false
    },
    "software": "mriqc",
    "version": "0.9.6",
    "warnings": {
      "large_rot_frame": true,
      "small_air_mask": false
    }
  },
  "qi_1": 0.0,
  "qi_2": 0.01282443641355824,
  "rpve_csf": 23.85748099537878,
  "rpve_gm": 11.880206669857051,
  "rpve_wm": 15.254676253241199,
  "size_x": 176,
  "size_y": 256,
  "size_z": 256,
  "snr_csf": 2.992392282871202,
  "snr_gm": 8.140335302798425,
  "snr_total": 9.128395382012378,
  "snr_wm": 16.252458560367508,
  "snrd_csf": 22.58513612545387,
  "snrd_gm": 36.401044951491386,
  "snrd_total": 36.91262232518334,
  "snrd_wm": 51.75168589860476,
  "spacing_x": 1.0,
  "spacing_y": 1.0,
  "spacing_z": 1.0,
  "summary_bg_k": 3.780087188117128,
  "summary_bg_mad": 12.659335136413574,
  "summary_bg_mean": 19.280344009399414,
  "summary_bg_median": 16.027116775512695,
  "summary_bg_n": 3572686.0,
  "summary_bg_p05": 3.277878165245056,
  "summary_bg_p95": 47.2239351272583,
  "summary_bg_stdv": 14.517642974853516,
  "summary_csf_k": -0.08540726099849616,
  "summary_csf_mad": 136.3262939453125,
  "summary_csf_mean": 411.6422424316406,
  "summary_csf_median": 436.417236328125,
  "summary_csf_n": 7939.0,
  "summary_csf_p05": 154.8611557006836,
  "summary_csf_p95": 617.7926879882813,
  "summary_csf_stdv": 145.83306884765625,
  "summary_gm_k": 0.3116442546530287,
  "summary_gm_mad": 81.68894958496094,
  "summary_gm_mean": 709.97802734375,
  "summary_gm_median": 703.3848876953125,
  "summary_gm_n": 20550.0,
  "summary_gm_p05": 578.0092376708985,
  "summary_gm_p95": 861.7460174560547,
  "summary_gm_stdv": 86.40525817871094,
  "summary_wm_k": 0.3479687087373051,
  "summary_wm_mad": 59.22237777709961,
  "summary_wm_mean": 1000.927734375,
  "summary_wm_median": 1000.0084838867188,
  "summary_wm_n": 252235.0,
  "summary_wm_p05": 901.7592224121095,
  "summary_wm_p95": 1103.3622924804686,
  "summary_wm_stdv": 61.5295524597168,
  "tpm_overlap_csf": 0.20048832893371582,
  "tpm_overlap_gm": 0.4899270236492157,
  "tpm_overlap_wm": 0.5574491620063782,
  "wm2max": 0.572100199532513
}