{
  "aor": 0.0021857575757575757,
  "aqi": 0.008341437727272727,
  "bids_meta": {
    "EchoTime": 0.027,
    "FlipAngle": 90,
    "MagneticFieldStrength": 3.0,
    "Manufacturer": "Siemens",
    "ManufacturersModelName": "MAGNETOM Trio",
    "ReceiveCoilName": "Siemens 12 channel Head Matrix Coil (Erlangen, Germany)",
    "RepetitionTime": 2.5,
    "TaskName": "rest",
    "modality": "bold",
    "run_id": "2",
    "subject_id": "093",
    "task_id": "rest"
  },
  "dummy_trs": 0,
  "dvars_nstd": 19.068337323664128,
  "dvars_std": 1.2346011870229001,
  "dvars_vstd": 0.9276650556488545,
  "efc": 0.4387083165009826,
  "fber": 33667.4453125,
  "fd_mean": 0.07588482853129087,
  "fd_num": 5,
  "fd_perc": 3.787878787878788,
  "fwhm_avg": 2.5026293631524315,
  "fwhm_x": 2.24895,
  "fwhm_y": 2.786575,
  "fwhm_z": 2.472363089457295,
  "gcor": 0.0187015,
  "gsr_x": -0.015229308977723122,
  "gsr_y": 0.022584138438105583,
  "provenance": {
    "md5sum": "d872f24f99ccd1a2ea63c7985c13dec6",
    "settings": {
      "fd_thres": 0.2,
      "hmc_fsl": false
    },
    "software": "mriqc",
    "version": "0.9.6"
  },
  "size_t": 132,
  "size_x": 64,
  "size_y": 64,
  "size_z": 32,
  "snr": 4.806866973881163,
  "spacing_tr": 2.5,
  "spacing_x": 4.0,
  "spacing_y": 4.0,
  "spacing_z": 3.9999990463256836,
  "summary_bg_k": 23.624489588605773,
  "summary_bg_mad": 3.122450828552246,
  "summary_bg_mean": 24.636608123779297,
  "summary_bg_median": 4.651515483856201,
  "summary_bg_n": 82452.0,
  "summary_bg_p05": 1.871212124824524,
  "summary_bg_p95": 145.78371658325193,
  "summary_bg_stdv": 58.38814163208008,
  "summary_fg_k": 3.895836359097612,
  "summary_fg_mad": 132.05267333984375,
  "summary_fg_mean": 867.7025756835938,
  "summary_fg_median": 886.5985107421875,
  "summary_fg_n": 21815.0,
  "summary_fg_p05": 512.5333618164062,
  "summary_fg_p95": 1102.6909667968748,
  "summary_fg_stdv": 184.43992614746094,
  "tsnr": 65.00425720214844
}