{
  "bids_meta": {
    "EchoTime": 0.03,
    "FlipAngle": 8,
    "MagneticFieldStrength": 3.0,
    "Manufacturer": "Siemens",
    "ManufacturersModelName": "MAGNETOM Trio",
    "ReceiveCoilName": "Siemens 12 channel Head Matrix Coil (Erlangen, Germany)",
    "RepetitionTime": 2.4,
    "modality": "T1w",
    "subject_id": "069"
  },
  "cjv": 0.5718241945541087,
  "cnr": 2.3601141994110773,
  "efc": 0.5802002773943118,
  "fber": 1965.04736328125,
  "fwhm_avg": 3.4508165263366863,
  "fwhm_x": 3.5315195790100598,
  "fwhm_y": 3.58601,
  "fwhm_z": 3.23492,
  "icvs_csf": 0.17839808927254558,
  "icvs_gm": 0.42217845983844726,
  "icvs_wm": 0.39942345088900716,
  "inu_med": 0.9281976819038391,
  "inu_range": 0.44993636608123777,
  "provenance": {
    "md5sum": "48353ce327ae884d3968fa7edb58ceac",
    "mriqc_pred": 0,
    "settings": {
      "testing": false
    },
    "software": "mriqc",
    "version": "0.9.6",
    "warnings": {
      "large_rot_frame": true,
      "small_air_mask": false
    }
  },
  "qi_1": 0.0,
  "qi_2": 0.016565400981885404,
  "rpve_csf": 36.72345360087488,
  "rpve_gm": 16.84548070627763,
  "rpve_wm": 20.96556816425127,
  "size_x": 256,
  "size_y": 256,
  "size_z": 256,
  "snr_csf": 2.6132673265049546,
  "snr_gm": 9.843188191341062,
  "snr_total": 9.771358882685073,
  "snr_wm": 16.857621130209207,
  "snrd_csf": 21.194150011156044,
  "snrd_gm": 44.747360040531646,
  "snrd_total": 41.43621787038068,
  "snrd_wm": 58.367143559454355,
  "spacing_x": 1.0000001192092896,
  "spacing_y": 1.0,
  "spacing_z": 1.0,
  "summary_bg_k": 3.8095018754810175,
  "summary_bg_mad": 11.224793434143066,
  "summary_bg_mean": 17.798484802246094,
  "summary_bg_median": 14.916404724121094,
  "summary_bg_n": 3882746.0,
  "summary_bg_p05": 0.0,
  "summary_bg_p95": 44.50953197479248,
  "summary_bg_stdv": 13.807445526123047,
  "summary_csf_k": 21.68621867107212,
  "summary_csf_mad": 103.15130615234375,
  "summary_csf_mean": 390.26611328125,
  "summary_csf_median": 363.13043212890625,
  "summary_csf_n": 15650.0,
  "summary_csf_p05": 237.1717414855957,
  "summary_csf_p95": 626.5333740234374,
  "summary_csf_stdv": 138.95204162597656,
  "summary_gm_k": 0.14334493735195775,
  "summary_gm_mad": 76.13742065429688,
  "summary_gm_mean": 772.3723754882812,
  "summary_gm_median": 766.6798706054688,
  "summary_gm_n": 15496.0,
  "summary_gm_p05": 652.4758453369141,
  "summary_gm_p95": 910.6124267578125,
  "summary_gm_stdv": 77.88687133789062,
  "summary_wm_k": 0.34817752615005926,
  "summary_wm_mad": 57.300533294677734,
  "summary_wm_mean": 1002.0440673828125,
  "summary_wm_median": 1000.0347290039062,
  "summary_wm_n": 267139.0,
  "summary_wm_p05": 908.2268798828125,
  "summary_wm_p95": 1102.6228393554686,
  "summary_wm_stdv": 59.32229995727539,
  "tpm_overlap_csf": 0.23263655602931976,
  "tpm_overlap_gm": 0.5033519864082336,
  "tpm_overlap_wm": 0.5534188747406006,
  "wm2max": 0.5532032937393959
}