{
  "bids_meta": {
    "EchoTime": 0.03,
    "FlipAngle": 8,
    "MagneticFieldStrength": 3.0,
    "Manufacturer": "Siemens",
    "ManufacturersModelName": "MAGNETOM Trio",
    "ReceiveCoilName": "Siemens 12 channel Head Matrix Coil (Erlangen, Germany)",
    "RepetitionTime": 2.4,
    "modality": "T1w",
    "subject_id": "021"
  },
  "cjv": 0.4236456822150969,
  "cnr": 3.088510612149424,
  "efc": 0.5697468160041125,
  "fber": 1470.134521484375,
  "fwhm_avg": 3.2438133333333337,
  "fwhm_x": 3.30048,
  "fwhm_y": 3.38818,
  "fwhm_z": 3.04278,
  "icvs_csf": 0.1916688689774606,
  "icvs_gm": 0.4335614235006657,
  "icvs_wm": 0.3747697075218738,
  "inu_med": 1.0240330696105957,
  "inu_range": 0.3982746750116345,
  "provenance": {
    "md5sum": "a19ee92ba29666fa364999136943ad1a",
    "mriqc_pred": 0,
    "settings": {
      "testing": false
    },
    "software": "mriqc",
    "version": "0.9.6",
    "warnings": {
      "large_rot_frame": true,
      "small_air_mask": false
    }
  },
  "qi_1": 0.0,
  "qi_2": 0.020089178661052764,
  "rpve_csf": 26.60214991270629,
  "rpve_gm": 12.963961406520944,
  "rpve_wm": 18.230322165050936,
  "size_x": 176,
  "size_y": 256,
  "size_z": 256,
  "snr_csf": 2.94567924415714,
  "snr_gm": 8.268180225651742,
  "snr_total": 9.346318536640434,
  "snr_wm": 16.825096140112418,
  "snrd_csf": 24.510708388676697,
  "snrd_gm": 39.75122856986069,
  "snrd_total": 40.822372075994686,
  "snrd_wm": 58.20517926944668,
  "spacing_x": 1.0,
  "spacing_y": 1.0,
  "spacing_z": 1.0,
  "summary_bg_k": 3.918655269485142,
  "summary_bg_mad": 11.255769729614258,
  "summary_bg_mean": 17.898618698120117,
  "summary_bg_median": 14.64600944519043,
  "summary_bg_n": 3759550.0,
  "summary_bg_p05": 3.1269352197647096,
  "summary_bg_p95": 43.66387596130371,
  "summary_bg_stdv": 13.53316879272461,
  "summary_csf_k": -0.7921980939730227,
  "summary_csf_mad": 141.1319580078125,
  "summary_csf_mean": 385.7741394042969,
  "summary_csf_median": 421.1136779785156,
  "summary_csf_n": 6754.0,
  "summary_csf_p05": 142.41751937866212,
  "summary_csf_p95": 580.3998840332031,
  "summary_csf_stdv": 142.94920349121094,
  "summary_gm_k": 0.2999015413323485,
  "summary_gm_mad": 77.47592163085938,
  "summary_gm_mean": 686.713623046875,
  "summary_gm_median": 682.9580688476562,
  "summary_gm_n": 17165.0,
  "summary_gm_p05": 557.2400268554687,
  "summary_gm_p95": 831.2106689453124,
  "summary_gm_stdv": 82.5983657836914,
  "summary_wm_k": 0.39998830407815156,
  "summary_wm_mad": 56.84251403808594,
  "summary_wm_mean": 998.8903198242188,
  "summary_wm_median": 1000.0117797851562,
  "summary_wm_n": 212982.0,
  "summary_wm_p05": 899.111328125,
  "summary_wm_p95": 1094.1213317871093,
  "summary_wm_stdv": 59.435585021972656,
  "tpm_overlap_csf": 0.21582962572574615,
  "tpm_overlap_gm": 0.5225914120674133,
  "tpm_overlap_wm": 0.5794085264205933,
  "wm2max": 0.5840223143200798
}