{
  "aor": 0.0015422727272727272,
  "aqi": 0.0023203849242424243,
  "bids_meta": {
    "EchoTime": 0.027,
    "FlipAngle": 90,
    "MagneticFieldStrength": 3.0,
    "Manufacturer": "Siemens",
    "ManufacturersModelName": "MAGNETOM Trio",
    "ReceiveCoilName": "Siemens 12 channel Head Matrix Coil (Erlangen, Germany)",
    "RepetitionTime": 2.5,
    "TaskName": "rest",
    "modality": "bold",
    "run_id": "1",
    "subject_id": "063",
    "task_id": "rest"
  },
  "dummy_trs": 0,
  "dvars_nstd": 18.315308607022907,
  "dvars_std": 1.417485868931298,
  "dvars_vstd": 1.0030072760305346,
  "efc": 0.4476227945598596,
  "fber": 34604.14453125,
  "fd_mean": 0.07970603465251047,
  "fd_num": 2,
  "fd_perc": 1.5151515151515151,
  "fwhm_avg": 2.496161374575401,
  "fwhm_x": 2.17612,
  "fwhm_y": 2.862125,
  "fwhm_z": 2.4502391237262047,
  "gcor": 0.0586713,
  "gsr_x": -0.01673997938632965,
  "gsr_y": 0.02132444456219673,
  "provenance": {
    "md5sum": "03d89c215c7403740cf040b8324f59c8",
    "settings": {
      "fd_thres": 0.2,
      "hmc_fsl": false
    },
    "software": "mriqc",
    "version": "0.9.6"
  },
  "size_t": 132,
  "size_x": 64,
  "size_y": 64,
  "size_z": 32,
  "snr": 4.7604195821440625,
  "spacing_tr": 2.5,
  "spacing_x": 4.0,
  "spacing_y": 4.0,
  "spacing_z": 4.000001430511475,
  "summary_bg_k": 58.319656749143675,
  "summary_bg_mad": 2.796727180480957,
  "summary_bg_mean": 17.36819076538086,
  "summary_bg_median": 4.113636493682861,
  "summary_bg_n": 79394.0,
  "summary_bg_p05": 1.5681818723678589,
  "summary_bg_p95": 87.41212615966771,
  "summary_bg_stdv": 44.36293029785156,
  "summary_fg_k": 3.9604121004562867,
  "summary_fg_mad": 116.58082580566406,
  "summary_fg_mean": 790.8502807617188,
  "summary_fg_median": 802.6515502929688,
  "summary_fg_n": 24504.0,
  "summary_fg_p05": 499.18636932373056,
  "summary_fg_p95": 1019.0890319824217,
  "summary_fg_stdv": 168.60597229003906,
  "tsnr": 116.58985137939453
}