{
  "aor": 0.0048132307692307676,
  "aqi": 0.006998081230769231,
  "bids_meta": {
    "EchoTime": 0.027,
    "FlipAngle": 90,
    "MagneticFieldStrength": 3.0,
    "Manufacturer": "Siemens",
    "ManufacturersModelName": "MAGNETOM Trio",
    "ReceiveCoilName": "Siemens 12 channel Head Matrix Coil (Erlangen, Germany)",
    "RepetitionTime": 2.5,
    "TaskName": "rest",
    "modality": "bold",
    "run_id": "1",
    "subject_id": "024",
    "task_id": "rest"
  },
  "dummy_trs": 0,
  "dvars_nstd": 18.410323202170556,
  "dvars_std": 1.3410400641860465,
  "dvars_vstd": 0.9831568248837209,
  "efc": 0.45483636224336443,
  "fber": 37097.1484375,
  "fd_mean": 0.1093791850304627,
  "fd_num": 15,
  "fd_perc": 11.538461538461538,
  "fwhm_avg": 2.5064085737169504,
  "fwhm_x": 2.20362,
  "fwhm_y": 2.895825,
  "fwhm_z": 2.4197807211508513,
  "gcor": 0.0109074,
  "gsr_x": -0.014993402175605297,
  "gsr_y": 0.0296674482524395,
  "provenance": {
    "md5sum": "9f4a1b8352041ea5f53a2023fd670f98",
    "settings": {
      "fd_thres": 0.2,
      "hmc_fsl": false
    },
    "software": "mriqc",
    "version": "0.9.6"
  },
  "size_t": 130,
  "size_x": 64,
  "size_y": 64,
  "size_z": 32,
  "snr": 4.961686000580004,
  "spacing_tr": 2.5,
  "spacing_x": 4.0,
  "spacing_y": 4.0,
  "spacing_z": 3.9999988079071045,
  "summary_bg_k": 20.788509400108627,
  "summary_bg_mad": 2.9537997245788574,
  "summary_bg_mean": 19.83926010131836,
  "summary_bg_median": 3.807692289352417,
  "summary_bg_n": 79229.0,
  "summary_bg_p05": 1.3461538553237915,
  "summary_bg_p95": 125.52461395263624,
  "summary_bg_stdv": 49.08401107788086,
  "summary_fg_k": 4.188522760527163,
  "summary_fg_mad": 105.94905090332031,
  "summary_fg_mean": 753.640869140625,
  "summary_fg_median": 768.4423217773438,
  "summary_fg_n": 24296.0,
  "summary_fg_p05": 460.7480697631836,
  "summary_fg_p95": 956.6769409179688,
  "summary_fg_stdv": 154.87205505371094,
  "tsnr": 75.32984161376953
}