{
  "bids_meta": {
    "EchoTime": 0.03,
    "FlipAngle": 8,
    "MagneticFieldStrength": 3.0,
    "Manufacturer": "Siemens",
    "ManufacturersModelName": "MAGNETOM Trio",
    "ReceiveCoilName": "Siemens 12 channel Head Matrix Coil (Erlangen, Germany)",
    "RepetitionTime": 2.4,
    "modality": "T1w",
    "subject_id": "005"
  },
  "cjv": 0.4210607764105951,
  "cnr": 3.168968593653834,
  "efc": 0.5404565467183865,
  "fber": 1961.827880859375,
  "fwhm_avg": 3.544373333333333,
  "fwhm_x": 3.65266,
  "fwhm_y": 3.70746,
  "fwhm_z": 3.273,
  "icvs_csf": 0.1921947460465317,
  "icvs_gm": 0.408242353352175,
  "icvs_wm": 0.3995629006012933,
  "inu_med": 1.077749252319336,
  "inu_range": 0.3422960758209228,
  "provenance": {
    "md5sum": "2966085301f8baad9bef6bd5e4526fef",
    "mriqc_pred": 0,
    "settings": {
      "testing": false
    },
    "software": "mriqc",
    "version": "0.9.6",
    "warnings": {
      "large_rot_frame": true,
      "small_air_mask": false
    }
  },
  "qi_1": 0.0,
  "qi_2": 0.013686894449259386,
  "rpve_csf": 43.0297963580511,
  "rpve_gm": 21.585398276041126,
  "rpve_wm": 26.901543074200564,
  "size_x": 256,
  "size_y": 256,
  "size_z": 256,
  "snr_csf": 3.462283805039257,
  "snr_gm": 10.49048551814356,
  "snr_total": 11.795247076360502,
  "snr_wm": 21.432971905898686,
  "snrd_csf": 25.515469251381102,
  "snrd_gm": 45.00904034733658,
  "snrd_total": 44.01527642437103,
  "snrd_wm": 61.52131967439542,
  "spacing_x": 1.0,
  "spacing_y": 1.0,
  "spacing_z": 1.0,
  "summary_bg_k": 4.066254036328742,
  "summary_bg_mad": 10.648714065551758,
  "summary_bg_mean": 15.826812744140625,
  "summary_bg_median": 13.753620147705078,
  "summary_bg_n": 3534760.0,
  "summary_bg_p05": 2.74511696100235,
  "summary_bg_p95": 37.52967491149903,
  "summary_bg_stdv": 11.541665077209473,
  "summary_csf_k": 1.610702346535688,
  "summary_csf_mad": 135.68666076660156,
  "summary_csf_mean": 410.7264404296875,
  "summary_csf_median": 414.7333984375,
  "summary_csf_n": 12831.0,
  "summary_csf_p05": 224.73503875732422,
  "summary_csf_p95": 593.448974609375,
  "summary_csf_stdv": 119.78141021728516,
  "summary_gm_k": 0.08759460802947139,
  "summary_gm_mad": 68.01628112792969,
  "summary_gm_mean": 733.0955200195312,
  "summary_gm_median": 731.585693359375,
  "summary_gm_n": 19464.0,
  "summary_gm_p05": 620.8499938964844,
  "summary_gm_p95": 852.1509338378905,
  "summary_gm_stdv": 69.7362289428711,
  "summary_wm_k": 0.3492614595343868,
  "summary_wm_mad": 44.99382019042969,
  "summary_wm_mean": 999.372802734375,
  "summary_wm_median": 999.9794921875,
  "summary_wm_n": 225164.0,
  "summary_wm_p05": 921.9988159179688,
  "summary_wm_p95": 1074.802392578125,
  "summary_wm_stdv": 46.65602493286133,
  "tpm_overlap_csf": 0.2350059300661087,
  "tpm_overlap_gm": 0.5074581503868103,
  "tpm_overlap_wm": 0.5772393345832825,
  "wm2max": 0.6523663656913667
}