{
  "aor": 0.0037031060606060604,
  "aqi": 0.0021314958333333335,
  "bids_meta": {
    "EchoTime": 0.027,
    "FlipAngle": 90,
    "MagneticFieldStrength": 3.0,
    "Manufacturer": "Siemens",
    "ManufacturersModelName": "MAGNETOM Trio",
    "ReceiveCoilName": "Siemens 12 channel Head Matrix Coil (Erlangen, Germany)",
    "RepetitionTime": 2.5,
    "TaskName": "rest",
    "modality": "bold",
    "run_id": "2",
    "subject_id": "049",
    "task_id": "rest"
  },
  "dummy_trs": 0,
  "dvars_nstd": 17.68948272519084,
  "dvars_std": 1.3181786792366412,
  "dvars_vstd": 1.0115281777862595,
  "efc": 0.3835371625881903,
  "fber": 53906.21484375,
  "fd_mean": 0.17743690791534128,
  "fd_num": 51,
  "fd_perc": 38.63636363636363,
  "fwhm_avg": 2.4790763820253834,
  "fwhm_x": 2.23746,
  "fwhm_y": 2.812025,
  "fwhm_z": 2.38774414607615,
  "gcor": 0.0418403,
  "gsr_x": -0.013712111860513687,
  "gsr_y": 0.012313369661569595,
  "provenance": {
    "md5sum": "2717805844234ec0e1e12f4979121e3f",
    "settings": {
      "fd_thres": 0.2,
      "hmc_fsl": false
    },
    "software": "mriqc",
    "version": "0.9.6"
  },
  "size_t": 132,
  "size_x": 64,
  "size_y": 64,
  "size_z": 32,
  "snr": 4.955545930908896,
  "spacing_tr": 2.5,
  "spacing_x": 4.0,
  "spacing_y": 4.0,
  "spacing_z": 4.000001430511475,
  "summary_bg_k": 86.21330141511561,
  "summary_bg_mad": 2.100353240966797,
  "summary_bg_mean": 11.704324722290039,
  "summary_bg_median": 3.53787899017334,
  "summary_bg_n": 86723.0,
  "summary_bg_p05": 1.5151515007019043,
  "summary_bg_p95": 45.42348632812496,
  "summary_bg_stdv": 33.04975509643555,
  "summary_fg_k": 4.420822720508831,
  "summary_fg_mad": 122.80885314941406,
  "summary_fg_mean": 833.1452026367188,
  "summary_fg_median": 851.4091186523438,
  "summary_fg_n": 18370.0,
  "summary_fg_p05": 510.7007720947266,
  "summary_fg_p95": 1051.2674743652344,
  "summary_fg_stdv": 171.80467224121094,
  "tsnr": 117.4761962890625
}