{
  "aor": 0.00596378787878788,
  "aqi": 0.003920641060606062,
  "bids_meta": {
    "EchoTime": 0.027,
    "FlipAngle": 90,
    "MagneticFieldStrength": 3.0,
    "Manufacturer": "Siemens",
    "ManufacturersModelName": "MAGNETOM Trio",
    "ReceiveCoilName": "Siemens 12 channel Head Matrix Coil (Erlangen, Germany)",
    "RepetitionTime": 2.5,
    "TaskName": "rest",
    "modality": "bold",
    "run_id": "2",
    "subject_id": "062",
    "task_id": "rest"
  },
  "dummy_trs": 0,
  "dvars_nstd": 16.670840008244276,
  "dvars_std": 1.393585685419846,
  "dvars_vstd": 1.047081940687023,
  "efc": 0.44505006854064644,
  "fber": 36800.13671875,
  "fd_mean": 0.06315296689804262,
  "fd_num": 4,
  "fd_perc": 3.0303030303030303,
  "fwhm_avg": 2.5072215703498437,
  "fwhm_x": 2.2249225,
  "fwhm_y": 2.87285,
  "fwhm_z": 2.4238922110495316,
  "gcor": 0.0484655,
  "gsr_x": -0.021126296371221542,
  "gsr_y": 0.031190548092126846,
  "provenance": {
    "md5sum": "1d9c33927a88caeb98803847d72c75ad",
    "settings": {
      "fd_thres": 0.2,
      "hmc_fsl": false
    },
    "software": "mriqc",
    "version": "0.9.6"
  },
  "size_t": 132,
  "size_x": 64,
  "size_y": 64,
  "size_z": 32,
  "snr": 4.982662592354701,
  "spacing_tr": 2.5,
  "spacing_x": 4.0,
  "spacing_y": 4.0,
  "spacing_z": 4.000000476837158,
  "summary_bg_k": 43.51851486387859,
  "summary_bg_mad": 3.122450113296509,
  "summary_bg_mean": 20.743576049804688,
  "summary_bg_median": 4.409090995788574,
  "summary_bg_n": 80664.0,
  "summary_bg_p05": 1.7954546213150024,
  "summary_bg_p95": 114.47387046813944,
  "summary_bg_stdv": 52.92356491088867,
  "summary_fg_k": 4.560889444907232,
  "summary_fg_mad": 116.87849426269531,
  "summary_fg_mean": 860.5654296875,
  "summary_fg_median": 881.20458984375,
  "summary_fg_n": 23274.0,
  "summary_fg_p05": 509.3806915283203,
  "summary_fg_p95": 1082.9144775390623,
  "summary_fg_stdv": 176.85035705566406,
  "tsnr": 96.82675170898438
}