{
  "aor": 0.0009104999999999999,
  "aqi": 0.0058969822777777785,
  "bids_meta": {
    "EchoTime": 0.027,
    "FlipAngle": 90,
    "MagneticFieldStrength": 3.0,
    "Manufacturer": "Siemens",
    "ManufacturersModelName": "MAGNETOM Trio",
    "ReceiveCoilName": "Siemens 12 channel Head Matrix Coil (Erlangen, Germany)",
    "RepetitionTime": 2.5,
    "TaskName": "rest",
    "modality": "bold",
    "run_id": "1",
    "subject_id": "003",
    "task_id": "rest"
  },
  "dummy_trs": 0,
  "dvars_nstd": 19.054661753342625,
  "dvars_std": 1.4018743898328685,
  "dvars_vstd": 0.9556454100557098,
  "efc": 0.4323802420206517,
  "fber": 39154.30078125,
  "fd_mean": 0.07339316794886544,
  "fd_num": 17,
  "fd_perc": 4.722222222222222,
  "fwhm_avg": 2.4540647369333213,
  "fwhm_x": 2.2386975,
  "fwhm_y": 2.731625,
  "fwhm_z": 2.391871710799964,
  "gcor": 0.188623,
  "gsr_x": -0.0175907202064991,
  "gsr_y": 0.02069742977619171,
  "provenance": {
    "md5sum": "d349ce47710281a13af8d36f32aac6c7",
    "settings": {
      "fd_thres": 0.2,
      "hmc_fsl": false
    },
    "software": "mriqc",
    "version": "0.9.6"
  },
  "size_t": 360,
  "size_x": 64,
  "size_y": 64,
  "size_z": 32,
  "snr": 5.3894281528471355,
  "spacing_tr": 2.5,
  "spacing_x": 4.0,
  "spacing_y": 4.0,
  "spacing_z": 3.999997138977051,
  "summary_bg_k": 42.66210587092498,
  "summary_bg_mad": 2.6398558616638184,
  "summary_bg_mean": 20.68876075744629,
  "summary_bg_median": 3.9555556774139404,
  "summary_bg_n": 83116.0,
  "summary_bg_p05": 1.5555555820465088,
  "summary_bg_p95": 112.69375038146973,
  "summary_bg_stdv": 55.985713958740234,
  "summary_fg_k": 4.618855170522368,
  "summary_fg_mad": 106.85857391357422,
  "summary_fg_mean": 798.9597778320312,
  "summary_fg_median": 812.9166870117188,
  "summary_fg_n": 21084.0,
  "summary_fg_p05": 534.5299987792969,
  "summary_fg_p95": 998.2359802246094,
  "summary_fg_stdv": 150.83184814453125,
  "tsnr": 68.94697570800781
}