{
  "bids_meta": {
    "EchoTime": 0.03,
    "FlipAngle": 8,
    "MagneticFieldStrength": 3.0,
    "Manufacturer": "Siemens",
    "ManufacturersModelName": "MAGNETOM Trio",
    "ReceiveCoilName": "Siemens 12 channel Head Matrix Coil (Erlangen, Germany)",
    "RepetitionTime": 2.4,
    "modality": "T1w",
    "subject_id": "070"
  },
  "cjv": 0.5534116136997044,
  "cnr": 2.408408793180059,
  "efc": 0.5857751337682637,
  "fber": 1601.399169921875,
  "fwhm_avg": 3.4416933333333333,
  "fwhm_x": 3.52432,
  "fwhm_y": 3.59379,
  "fwhm_z": 3.20697,
  "icvs_csf": 0.18824813032807922,
  "icvs_gm": 0.4178173659458151,
  "icvs_wm": 0.3939345037261057,
  "inu_med": 1.002530813217163,
  "inu_range": 0.46964530646800995,
  "provenance": {
    "md5sum": "fcb77f89e352a8929a99377fbd69ecd0",
    "mriqc_pred": 0,
    "settings": {
      "testing": false
    },
    "software": "mriqc",
    "version": "0.9.6",
    "warnings": {
      "large_rot_frame": true,
      "small_air_mask": false
    }
  },
  "qi_1": 0.0,
  "qi_2": 0.006249407172959931,
  "rpve_csf": 39.47938197968943,
  "rpve_gm": 18.87687915340211,
  "rpve_wm": 23.755480187070717,
  "size_x": 256,
  "size_y": 256,
  "size_z": 256,
  "snr_csf": 2.9573977116540573,
  "snr_gm": 10.3358335791918,
  "snr_total": 10.175496296543125,
  "snr_wm": 17.233257598783517,
  "snrd_csf": 19.600848045501685,
  "snrd_gm": 39.221889301209195,
  "snrd_total": 36.59522606787912,
  "snrd_wm": 50.96294085692649,
  "spacing_x": 1.0,
  "spacing_y": 1.0,
  "spacing_z": 1.0,
  "summary_bg_k": 4.620724516666794,
  "summary_bg_mad": 12.855380058288574,
  "summary_bg_mean": 20.173954010009766,
  "summary_bg_median": 16.500072479248047,
  "summary_bg_n": 3627683.0,
  "summary_bg_p05": 3.520596528053284,
  "summary_bg_p95": 49.65188484191894,
  "summary_bg_stdv": 15.468467712402344,
  "summary_csf_k": 3.47010693088831,
  "summary_csf_mad": 113.70152282714844,
  "summary_csf_mean": 410.5789489746094,
  "summary_csf_median": 384.61663818359375,
  "summary_csf_n": 15646.0,
  "summary_csf_p05": 244.29155731201172,
  "summary_csf_p95": 653.5608673095703,
  "summary_csf_stdv": 130.04823303222656,
  "summary_gm_k": 0.2830832307194364,
  "summary_gm_mad": 70.99266052246094,
  "summary_gm_mean": 774.5093383789062,
  "summary_gm_median": 769.6295166015625,
  "summary_gm_n": 15482.0,
  "summary_gm_p05": 660.7613037109375,
  "summary_gm_p95": 905.3127288818358,
  "summary_gm_stdv": 74.45985412597656,
  "summary_wm_k": 0.20615253670040357,
  "summary_wm_mad": 56.5068359375,
  "summary_wm_mean": 1002.0348510742188,
  "summary_wm_median": 1000.0177001953125,
  "summary_wm_n": 232077.0,
  "summary_wm_p05": 910.3612304687499,
  "summary_wm_p95": 1100.8856201171875,
  "summary_wm_stdv": 58.028236389160156,
  "tpm_overlap_csf": 0.2272264063358307,
  "tpm_overlap_gm": 0.4891161322593689,
  "tpm_overlap_wm": 0.5326387286186218,
  "wm2max": 0.5722707046987007
}