{
  "bids_meta": {
    "EchoTime": 0.03,
    "FlipAngle": 8,
    "MagneticFieldStrength": 3.0,
    "Manufacturer": "Siemens",
    "ManufacturersModelName": "MAGNETOM Trio",
    "ReceiveCoilName": "Siemens 12 channel Head Matrix Coil (Erlangen, Germany)",
    "RepetitionTime": 2.4,
    "modality": "T1w",
    "subject_id": "117"
  },
  "cjv": 0.43622096516680137,
  "cnr": 3.0420155308314274,
  "efc": 0.554932703090315,
  "fber": 1620.7574462890625,
  "fwhm_avg": 3.55784,
  "fwhm_x": 3.55426,
  "fwhm_y": 3.88511,
  "fwhm_z": 3.23415,
  "icvs_csf": 0.21666896849252829,
  "icvs_gm": 0.3997033186200336,
  "icvs_wm": 0.38362771288743813,
  "inu_med": 0.9589864015579224,
  "inu_range": 0.3940406203269958,
  "provenance": {
    "md5sum": "ec0b7e5abf3f86dc698ab9bfe574549d",
    "mriqc_pred": 0,
    "settings": {
      "testing": false
    },
    "software": "mriqc",
    "version": "0.9.6",
    "warnings": {
      "large_rot_frame": true,
      "small_air_mask": false
    }
  },
  "qi_1": 0.0,
  "qi_2": 0.025764145340414407,
  "rpve_csf": 24.10410224956634,
  "rpve_gm": 13.348243599607665,
  "rpve_wm": 17.440314326539866,
  "size_x": 176,
  "size_y": 256,
  "size_z": 256,
  "snr_csf": 3.0999237198788796,
  "snr_gm": 8.581934396111901,
  "snr_total": 9.928073309425576,
  "snr_wm": 18.10236181228595,
  "snrd_csf": 25.514949433849857,
  "snrd_gm": 42.60682365301831,
  "snrd_total": 43.04223490919647,
  "snrd_wm": 61.00493164072126,
  "spacing_x": 1.0,
  "spacing_y": 1.0,
  "spacing_z": 1.0,
  "summary_bg_k": 3.9686707985103533,
  "summary_bg_mad": 10.739128112792969,
  "summary_bg_mean": 16.679786682128906,
  "summary_bg_median": 14.113738059997559,
  "summary_bg_n": 3689500.0,
  "summary_bg_p05": 2.730480635166168,
  "summary_bg_p95": 40.372185134887694,
  "summary_bg_stdv": 12.423904418945312,
  "summary_csf_k": -0.2972271903292416,
  "summary_csf_mad": 129.85406494140625,
  "summary_csf_mean": 397.6839904785156,
  "summary_csf_median": 418.2462158203125,
  "summary_csf_n": 15823.0,
  "summary_csf_p05": 150.36092987060547,
  "summary_csf_p95": 594.263623046875,
  "summary_csf_stdv": 134.9171905517578,
  "summary_gm_k": 0.21381563112387703,
  "summary_gm_mad": 78.69596862792969,
  "summary_gm_mean": 702.0848999023438,
  "summary_gm_median": 698.419677734375,
  "summary_gm_n": 18444.0,
  "summary_gm_p05": 573.7031860351562,
  "summary_gm_p95": 842.1734619140624,
  "summary_gm_stdv": 81.38034057617188,
  "summary_wm_k": 0.36860255308577194,
  "summary_wm_mad": 52.86195373535156,
  "summary_wm_mean": 999.8452758789062,
  "summary_wm_median": 1000.0051879882812,
  "summary_wm_n": 237835.0,
  "summary_wm_p05": 909.0232543945312,
  "summary_wm_p95": 1090.66982421875,
  "summary_wm_stdv": 55.241580963134766,
  "tpm_overlap_csf": 0.21196934580802917,
  "tpm_overlap_gm": 0.49371337890625,
  "tpm_overlap_wm": 0.5722927451133728,
  "wm2max": 0.5834569979141546
}