{
  "aor": 0.005656439393939393,
  "aqi": 0.003236668712121212,
  "bids_meta": {
    "EchoTime": 0.027,
    "FlipAngle": 90,
    "MagneticFieldStrength": 3.0,
    "Manufacturer": "Siemens",
    "ManufacturersModelName": "MAGNETOM Trio",
    "ReceiveCoilName": "Siemens 12 channel Head Matrix Coil (Erlangen, Germany)",
    "RepetitionTime": 2.5,
    "TaskName": "rest",
    "modality": "bold",
    "run_id": "2",
    "subject_id": "047",
    "task_id": "rest"
  },
  "dummy_trs": 0,
  "dvars_nstd": 16.044700796717557,
  "dvars_std": 1.3815154436641215,
  "dvars_vstd": 1.03502116,
  "efc": 0.3882553768893779,
  "fber": 49628.29296875,
  "fd_mean": 0.09050904876143596,
  "fd_num": 17,
  "fd_perc": 12.878787878787879,
  "fwhm_avg": 2.5094731339737257,
  "fwhm_x": 2.337395,
  "fwhm_y": 2.6825,
  "fwhm_z": 2.5085244019211768,
  "gcor": 0.0417937,
  "gsr_x": -0.011155232787132263,
  "gsr_y": 0.012207476422190666,
  "provenance": {
    "md5sum": "0dbff7de646b92774b7c0870706c39f8",
    "settings": {
      "fd_thres": 0.2,
      "hmc_fsl": false
    },
    "software": "mriqc",
    "version": "0.9.6"
  },
  "size_t": 132,
  "size_x": 64,
  "size_y": 64,
  "size_z": 32,
  "snr": 4.848767972625054,
  "spacing_tr": 2.5,
  "spacing_x": 4.0,
  "spacing_y": 4.0,
  "spacing_z": 4.000000953674316,
  "summary_bg_k": 109.47417827259244,
  "summary_bg_mad": 2.527163028717041,
  "summary_bg_mean": 15.293401718139648,
  "summary_bg_median": 4.128787994384766,
  "summary_bg_n": 86584.0,
  "summary_bg_p05": 1.7272727489471436,
  "summary_bg_p95": 69.17955093383776,
  "summary_bg_stdv": 42.344078063964844,
  "summary_fg_k": 3.8620139531417816,
  "summary_fg_mad": 135.55142211914062,
  "summary_fg_mean": 929.170654296875,
  "summary_fg_median": 953.60986328125,
  "summary_fg_n": 18564.0,
  "summary_fg_p05": 538.9091186523438,
  "summary_fg_p95": 1177.9901611328123,
  "summary_fg_stdv": 196.66525268554688,
  "tsnr": 107.29234313964844
}