{
  "aor": 0.0029189230769230776,
  "aqi": 0.004936126230769231,
  "bids_meta": {
    "EchoTime": 0.027,
    "FlipAngle": 90,
    "MagneticFieldStrength": 3.0,
    "Manufacturer": "Siemens",
    "ManufacturersModelName": "MAGNETOM Trio",
    "ReceiveCoilName": "Siemens 12 channel Head Matrix Coil (Erlangen, Germany)",
    "RepetitionTime": 2.5,
    "TaskName": "rest",
    "modality": "bold",
    "run_id": "2",
    "subject_id": "027",
    "task_id": "rest"
  },
  "dummy_trs": 0,
  "dvars_nstd": 21.77790930093022,
  "dvars_std": 1.4690759803100777,
  "dvars_vstd": 1.0097482396899227,
  "efc": 0.40132271105425377,
  "fber": 33949.37890625,
  "fd_mean": 0.12042565218633981,
  "fd_num": 24,
  "fd_perc": 18.46153846153846,
  "fwhm_avg": 2.5207679729482373,
  "fwhm_x": 2.3614275,
  "fwhm_y": 2.82045,
  "fwhm_z": 2.380426418844711,
  "gcor": 0.0309691,
  "gsr_x": -0.014098359271883965,
  "gsr_y": 0.015233613550662994,
  "provenance": {
    "md5sum": "b31ee7b3a84e65d849deae0933577884",
    "settings": {
      "fd_thres": 0.2,
      "hmc_fsl": false
    },
    "software": "mriqc",
    "version": "0.9.6"
  },
  "size_t": 130,
  "size_x": 64,
  "size_y": 64,
  "size_z": 32,
  "snr": 4.298529747173694,
  "spacing_tr": 2.5,
  "spacing_x": 4.0,
  "spacing_y": 4.0,
  "spacing_z": 3.999997615814209,
  "summary_bg_k": 55.3978014896454,
  "summary_bg_mad": 2.509018898010254,
  "summary_bg_mean": 16.732154846191406,
  "summary_bg_median": 3.7846152782440186,
  "summary_bg_n": 86572.0,
  "summary_bg_p05": 1.5384615659713745,
  "summary_bg_p95": 86.20346107482908,
  "summary_bg_stdv": 40.877525329589844,
  "summary_fg_k": 2.7149308237113,
  "summary_fg_mad": 124.70396423339844,
  "summary_fg_mean": 709.6622314453125,
  "summary_fg_median": 730.5884399414062,
  "summary_fg_n": 18444.0,
  "summary_fg_p05": 354.7280868530274,
  "summary_fg_p95": 926.4900024414062,
  "summary_fg_stdv": 169.95779418945312,
  "tsnr": 74.09092712402344
}