{
  "bids_meta": {
    "EchoTime": 0.03,
    "FlipAngle": 8,
    "MagneticFieldStrength": 3.0,
    "Manufacturer": "Siemens",
    "ManufacturersModelName": "MAGNETOM Trio",
    "ReceiveCoilName": "Siemens 12 channel Head Matrix Coil (Erlangen, Germany)",
    "RepetitionTime": 2.4,
    "modality": "T1w",
    "subject_id": "062"
  },
  "cjv": 0.5195212094017655,
  "cnr": 2.5823257955326357,
  "efc": 0.5860500522241731,
  "fber": 1471.2672119140625,
  "fwhm_avg": 3.44852,
  "fwhm_x": 3.48739,
  "fwhm_y": 3.61288,
  "fwhm_z": 3.24529,
  "icvs_csf": 0.17314837617049478,
  "icvs_gm": 0.4347739481071233,
  "icvs_wm": 0.39207767572238195,
  "inu_med": 1.0357718467712402,
  "inu_range": 0.46345418393611904,
  "provenance": {
    "md5sum": "eb28cfe2a706e7f24c2ff39b84398fae",
    "mriqc_pred": 0,
    "settings": {
      "testing": false
    },
    "software": "mriqc",
    "version": "0.9.6",
    "warnings": {
      "large_rot_frame": true,
      "small_air_mask": false
    }
  },
  "qi_1": 0.0,
  "qi_2": 0.006747924923183363,
  "rpve_csf": 36.653642647385055,
  "rpve_gm": 16.271634961898382,
  "rpve_wm": 20.83264726526106,
  "size_x": 256,
  "size_y": 256,
  "size_z": 256,
  "snr_csf": 2.751917850540286,
  "snr_gm": 10.298508093783775,
  "snr_total": 10.293573133455437,
  "snr_wm": 17.83029345604225,
  "snrd_csf": 20.880419599053454,
  "snrd_gm": 42.60651344454115,
  "snrd_total": 39.89658436009584,
  "snrd_wm": 56.2028200366929,
  "spacing_x": 1.0,
  "spacing_y": 1.0,
  "spacing_z": 1.0,
  "summary_bg_k": 3.785022144977373,
  "summary_bg_mad": 11.65682315826416,
  "summary_bg_mean": 19.432527542114258,
  "summary_bg_median": 16.223474502563477,
  "summary_bg_n": 3642535.0,
  "summary_bg_p05": 2.9441998958587643,
  "summary_bg_p95": 47.49650115966796,
  "summary_bg_stdv": 14.571905136108398,
  "summary_csf_k": 0.17662854647060744,
  "summary_csf_mad": 128.5642547607422,
  "summary_csf_mean": 399.90863037109375,
  "summary_csf_median": 371.52471923828125,
  "summary_csf_n": 14248.0,
  "summary_csf_p05": 223.53213195800782,
  "summary_csf_p95": 649.1771697998047,
  "summary_csf_stdv": 135.00100708007812,
  "summary_gm_k": 0.17157581688578682,
  "summary_gm_mad": 71.814453125,
  "summary_gm_mean": 761.3927001953125,
  "summary_gm_median": 758.0964965820312,
  "summary_gm_n": 23231.0,
  "summary_gm_p05": 646.9483337402344,
  "summary_gm_p95": 889.56982421875,
  "summary_gm_stdv": 73.61067962646484,
  "summary_wm_k": 0.3905491460739041,
  "summary_wm_mad": 53.8674430847168,
  "summary_wm_mean": 1001.0631713867188,
  "summary_wm_median": 1000.0151977539062,
  "summary_wm_n": 270970.0,
  "summary_wm_p05": 910.9271392822266,
  "summary_wm_p95": 1094.6208984374998,
  "summary_wm_stdv": 56.08507537841797,
  "tpm_overlap_csf": 0.21841402351856232,
  "tpm_overlap_gm": 0.4995443522930145,
  "tpm_overlap_wm": 0.5386475324630737,
  "wm2max": 0.5896818774076534
}