{
  "aor": 0.004114848484848485,
  "aqi": 0.002798859015151515,
  "bids_meta": {
    "EchoTime": 0.027,
    "FlipAngle": 90,
    "MagneticFieldStrength": 3.0,
    "Manufacturer": "Siemens",
    "ManufacturersModelName": "MAGNETOM Trio",
    "ReceiveCoilName": "Siemens 12 channel Head Matrix Coil (Erlangen, Germany)",
    "RepetitionTime": 2.5,
    "TaskName": "rest",
    "modality": "bold",
    "run_id": "1",
    "subject_id": "112",
    "task_id": "rest"
  },
  "dummy_trs": 0,
  "dvars_nstd": 16.83891661809161,
  "dvars_std": 1.198809330152672,
  "dvars_vstd": 1.0046571902290073,
  "efc": 0.38393721689160837,
  "fber": 41013.3203125,
  "fd_mean": 0.1676308536373872,
  "fd_num": 33,
  "fd_perc": 25.0,
  "fwhm_avg": 2.5125384755391633,
  "fwhm_x": 2.2880975,
  "fwhm_y": 2.8637,
  "fwhm_z": 2.38581792661749,
  "gcor": 0.016918,
  "gsr_x": -0.008881640620529652,
  "gsr_y": 0.012150567024946213,
  "provenance": {
    "md5sum": "ca684aba9031bc6473ebd25f6fb06005",
    "settings": {
      "fd_thres": 0.2,
      "hmc_fsl": false
    },
    "software": "mriqc",
    "version": "0.9.6"
  },
  "size_t": 132,
  "size_x": 64,
  "size_y": 64,
  "size_z": 32,
  "snr": 4.785889332576026,
  "spacing_tr": 2.5,
  "spacing_x": 4.0,
  "spacing_y": 4.0,
  "spacing_z": 3.9999992847442627,
  "summary_bg_k": 53.41707873928331,
  "summary_bg_mad": 2.931508779525757,
  "summary_bg_mean": 15.130504608154297,
  "summary_bg_median": 4.5757575035095215,
  "summary_bg_n": 86908.0,
  "summary_bg_p05": 2.007575750350952,
  "summary_bg_p95": 60.27007637023922,
  "summary_bg_stdv": 37.47090530395508,
  "summary_fg_k": 3.1803743041636743,
  "summary_fg_mad": 149.20367431640625,
  "summary_fg_mean": 950.584228515625,
  "summary_fg_median": 969.3560791015625,
  "summary_fg_n": 18212.0,
  "summary_fg_p05": 555.0045745849609,
  "summary_fg_p95": 1220.413708496094,
  "summary_fg_stdv": 202.53904724121094,
  "tsnr": 95.61131286621094
}