{
  "aor": 0.004213833333333333,
  "aqi": 0.003215153875,
  "bids_meta": {
    "EchoTime": 0.027,
    "FlipAngle": 90,
    "MagneticFieldStrength": 3.0,
    "Manufacturer": "Siemens",
    "ManufacturersModelName": "MAGNETOM Trio",
    "ReceiveCoilName": "Siemens 12 channel Head Matrix Coil (Erlangen, Germany)",
    "RepetitionTime": 2.5,
    "TaskName": "rest",
    "modality": "bold",
    "run_id": "1",
    "subject_id": "078",
    "task_id": "rest"
  },
  "dummy_trs": 0,
  "dvars_nstd": 13.286656072426776,
  "dvars_std": 1.3330323198744771,
  "dvars_vstd": 1.0140187278242676,
  "efc": 0.37708830781927294,
  "fber": 48766.5,
  "fd_mean": 0.06078035705733481,
  "fd_num": 7,
  "fd_perc": 2.9166666666666665,
  "fwhm_avg": 2.530198520918533,
  "fwhm_x": 2.3060275,
  "fwhm_y": 2.9242,
  "fwhm_z": 2.3603680627556,
  "gcor": 0.0245057,
  "gsr_x": -0.01700567454099655,
  "gsr_y": 0.011993912048637867,
  "provenance": {
    "md5sum": "32d589c66a835331d64eb361dc6d8690",
    "settings": {
      "fd_thres": 0.2,
      "hmc_fsl": false
    },
    "software": "mriqc",
    "version": "0.9.6"
  },
  "size_t": 240,
  "size_x": 64,
  "size_y": 64,
  "size_z": 32,
  "snr": 4.714317098263099,
  "spacing_tr": 2.5,
  "spacing_x": 4.0,
  "spacing_y": 4.0,
  "spacing_z": 3.9999990463256836,
  "summary_bg_k": 59.75960990250913,
  "summary_bg_mad": 2.5080690383911133,
  "summary_bg_mean": 14.157151222229004,
  "summary_bg_median": 3.9333336353302,
  "summary_bg_n": 88186.0,
  "summary_bg_p05": 1.7541667222976685,
  "summary_bg_p95": 64.1812515258789,
  "summary_bg_stdv": 34.96891403198242,
  "summary_fg_k": 4.272994524886749,
  "summary_fg_mad": 123.53169250488281,
  "summary_fg_mean": 872.5780639648438,
  "summary_fg_median": 902.2000732421875,
  "summary_fg_n": 17220.0,
  "summary_fg_p05": 485.47815704345703,
  "summary_fg_p95": 1101.8015075683593,
  "summary_fg_stdv": 191.3689422607422,
  "tsnr": 100.58686828613281
}