{
  "aor": 0.005117593984962405,
  "aqi": 0.004922005789473684,
  "bids_meta": {
    "EchoTime": 0.027,
    "FlipAngle": 90,
    "MagneticFieldStrength": 3.0,
    "Manufacturer": "Siemens",
    "ManufacturersModelName": "MAGNETOM Trio",
    "ReceiveCoilName": "Siemens 12 channel Head Matrix Coil (Erlangen, Germany)",
    "RepetitionTime": 2.5,
    "TaskName": "rest",
    "modality": "bold",
    "run_id": "2",
    "subject_id": "033",
    "task_id": "rest"
  },
  "dummy_trs": 0,
  "dvars_nstd": 20.41627187424243,
  "dvars_std": 1.340792076287879,
  "dvars_vstd": 1.0114637180303032,
  "efc": 0.4163689992012763,
  "fber": 41903.48046875,
  "fd_mean": 0.15086949464318614,
  "fd_num": 16,
  "fd_perc": 12.030075187969924,
  "fwhm_avg": 2.4387434734154496,
  "fwhm_x": 2.2140175,
  "fwhm_y": 2.752025,
  "fwhm_z": 2.3501879202463485,
  "gcor": 0.021497,
  "gsr_x": -0.015619826503098011,
  "gsr_y": 0.0204552561044693,
  "provenance": {
    "md5sum": "b8f768035a8e2a3ae57b60ea0327d8c2",
    "settings": {
      "fd_thres": 0.2,
      "hmc_fsl": false
    },
    "software": "mriqc",
    "version": "0.9.6"
  },
  "size_t": 133,
  "size_x": 64,
  "size_y": 64,
  "size_z": 32,
  "snr": 5.41097636620059,
  "spacing_tr": 2.5,
  "spacing_x": 4.0,
  "spacing_y": 4.0,
  "spacing_z": 3.9999992847442627,
  "summary_bg_k": 30.288035294485155,
  "summary_bg_mad": 2.2629194259643555,
  "summary_bg_mean": 16.549640655517578,
  "summary_bg_median": 3.5714287757873535,
  "summary_bg_n": 84184.0,
  "summary_bg_p05": 1.4887218475341797,
  "summary_bg_p95": 91.58647155761719,
  "summary_bg_stdv": 40.73122024536133,
  "summary_fg_k": 5.115638076728706,
  "summary_fg_mad": 101.0733642578125,
  "summary_fg_mean": 744.3023681640625,
  "summary_fg_median": 755.8834838867188,
  "summary_fg_n": 20446.0,
  "summary_fg_p05": 509.6109085083008,
  "summary_fg_p95": 925.2086791992188,
  "summary_fg_stdv": 139.69105529785156,
  "tsnr": 88.44611358642578
}