{
  "aor": 0.002761969696969697,
  "aqi": 0.005024939924242425,
  "bids_meta": {
    "EchoTime": 0.027,
    "FlipAngle": 90,
    "MagneticFieldStrength": 3.0,
    "Manufacturer": "Siemens",
    "ManufacturersModelName": "MAGNETOM Trio",
    "ReceiveCoilName": "Siemens 12 channel Head Matrix Coil (Erlangen, Germany)",
    "RepetitionTime": 2.5,
    "TaskName": "rest",
    "modality": "bold",
    "run_id": "2",
    "subject_id": "107",
    "task_id": "rest"
  },
  "dummy_trs": 0,
  "dvars_nstd": 21.821831965190835,
  "dvars_std": 1.3620594291603068,
  "dvars_vstd": 1.0046863119083973,
  "efc": 0.4466139744095623,
  "fber": 31569.1171875,
  "fd_mean": 0.18334716187465308,
  "fd_num": 43,
  "fd_perc": 32.57575757575758,
  "fwhm_avg": 2.4818357373588396,
  "fwhm_x": 2.23508,
  "fwhm_y": 2.79515,
  "fwhm_z": 2.4152772120765196,
  "gcor": 0.0697126,
  "gsr_x": -0.010413767769932747,
  "gsr_y": 0.02056553214788437,
  "provenance": {
    "md5sum": "db6245dd81e9799709d1ad9ade456c3b",
    "settings": {
      "fd_thres": 0.2,
      "hmc_fsl": false
    },
    "software": "mriqc",
    "version": "0.9.6"
  },
  "size_t": 132,
  "size_x": 64,
  "size_y": 64,
  "size_z": 32,
  "snr": 5.011831905435262,
  "spacing_tr": 2.5,
  "spacing_x": 4.0,
  "spacing_y": 4.0,
  "spacing_z": 4.000000476837158,
  "summary_bg_k": 54.482299805353534,
  "summary_bg_mad": 2.852886438369751,
  "summary_bg_mean": 15.347434997558594,
  "summary_bg_median": 3.7803032398223877,
  "summary_bg_n": 80001.0,
  "summary_bg_p05": 1.4318182468414307,
  "summary_bg_p95": 72.88636779785156,
  "summary_bg_stdv": 36.29008865356445,
  "summary_fg_k": 3.932107723371738,
  "summary_fg_mad": 98.33470153808594,
  "summary_fg_mean": 686.7933349609375,
  "summary_fg_median": 699.727294921875,
  "summary_fg_n": 23747.0,
  "summary_fg_p05": 422.38334350585933,
  "summary_fg_p95": 868.0591369628908,
  "summary_fg_stdv": 139.6121368408203,
  "tsnr": 80.14546203613281
}