{
  "bids_meta": {
    "EchoTime": 0.03,
    "FlipAngle": 8,
    "MagneticFieldStrength": 3.0,
    "Manufacturer": "Siemens",
    "ManufacturersModelName": "MAGNETOM Trio",
    "ReceiveCoilName": "Siemens 12 channel Head Matrix Coil (Erlangen, Germany)",
    "RepetitionTime": 2.4,
    "modality": "T1w",
    "subject_id": "095"
  },
  "cjv": 0.39143612032862285,
  "cnr": 3.327094208903453,
  "efc": 0.5778879769370051,
  "fber": 1464.442626953125,
  "fwhm_avg": 3.31868,
  "fwhm_x": 3.39394,
  "fwhm_y": 3.52542,
  "fwhm_z": 3.03668,
  "icvs_csf": 0.1880308382260804,
  "icvs_gm": 0.41788184696180203,
  "icvs_wm": 0.3940873148121175,
  "inu_med": 1.0580766201019287,
  "inu_range": 0.41593044996261597,
  "provenance": {
    "md5sum": "4c1cb8a4e307d1aedb2c313ae893f6ef",
    "mriqc_pred": 0,
    "settings": {
      "testing": false
    },
    "software": "mriqc",
    "version": "0.9.6",
    "warnings": {
      "large_rot_frame": true,
      "small_air_mask": false
    }
  },
  "qi_1": 0.0,
  "qi_2": 0.0053020312120376,
  "rpve_csf": 26.912769786288095,
  "rpve_gm": 13.121003767476392,
  "rpve_wm": 17.210942358826447,
  "size_x": 176,
  "size_y": 256,
  "size_z": 256,
  "snr_csf": 2.494540168207109,
  "snr_gm": 8.462906142873225,
  "snr_total": 9.465500161738683,
  "snr_wm": 17.43905417413572,
  "snrd_csf": 22.238647000686075,
  "snrd_gm": 41.786663320528156,
  "snrd_total": 42.11793428479163,
  "snrd_wm": 62.328492533160656,
  "spacing_x": 1.0,
  "spacing_y": 1.0,
  "spacing_z": 1.0,
  "summary_bg_k": 313.76269725188297,
  "summary_bg_mad": 10.51104736328125,
  "summary_bg_mean": 18.245113372802734,
  "summary_bg_median": 14.9276704788208,
  "summary_bg_n": 3818134.0,
  "summary_bg_p05": 2.71652375459671,
  "summary_bg_p95": 44.35237789154052,
  "summary_bg_stdv": 15.778809547424316,
  "summary_csf_k": -0.759266493813747,
  "summary_csf_mad": 172.8959197998047,
  "summary_csf_mean": 345.6632080078125,
  "summary_csf_median": 356.7981872558594,
  "summary_csf_n": 5208.0,
  "summary_csf_p05": 126.11873359680175,
  "summary_csf_p95": 561.6194152832029,
  "summary_csf_stdv": 143.01791381835938,
  "summary_gm_k": 0.3567384919140375,
  "summary_gm_mad": 74.7120132446289,
  "summary_gm_mean": 672.3584594726562,
  "summary_gm_median": 670.427734375,
  "summary_gm_n": 14006.0,
  "summary_gm_p05": 543.5777740478516,
  "summary_gm_p95": 804.2797546386719,
  "summary_gm_stdv": 79.21673583984375,
  "summary_wm_k": 0.44368346383142354,
  "summary_wm_mad": 54.2952880859375,
  "summary_wm_mean": 999.0035400390625,
  "summary_wm_median": 1000.0020751953125,
  "summary_wm_n": 227154.0,
  "summary_wm_p05": 902.3921600341797,
  "summary_wm_p95": 1090.9763427734374,
  "summary_wm_stdv": 57.342552185058594,
  "tpm_overlap_csf": 0.21267695724964142,
  "tpm_overlap_gm": 0.5025489330291748,
  "tpm_overlap_wm": 0.5619314312934875,
  "wm2max": 0.5748875796275964
}