{
  "aor": 0.0025515037593984964,
  "aqi": 0.004128124586466166,
  "bids_meta": {
    "EchoTime": 0.027,
    "FlipAngle": 90,
    "MagneticFieldStrength": 3.0,
    "Manufacturer": "Siemens",
    "ManufacturersModelName": "MAGNETOM Trio",
    "ReceiveCoilName": "Siemens 12 channel Head Matrix Coil (Erlangen, Germany)",
    "RepetitionTime": 2.5,
    "TaskName": "rest",
    "modality": "bold",
    "run_id": "2",
    "subject_id": "039",
    "task_id": "rest"
  },
  "dummy_trs": 0,
  "dvars_nstd": 17.917657657272727,
  "dvars_std": 1.3236074770454545,
  "dvars_vstd": 1.0007222664393944,
  "efc": 0.4414217382508235,
  "fber": 41620.80859375,
  "fd_mean": 0.119826906283885,
  "fd_num": 17,
  "fd_perc": 12.781954887218046,
  "fwhm_avg": 2.53686302387475,
  "fwhm_x": 2.224240132575043,
  "fwhm_y": 2.972025,
  "fwhm_z": 2.4143239390492077,
  "gcor": 0.0346268,
  "gsr_x": -0.017727850005030632,
  "gsr_y": 0.02018684148788452,
  "provenance": {
    "md5sum": "5206abc0c76663636d75307283b88a65",
    "settings": {
      "fd_thres": 0.2,
      "hmc_fsl": false
    },
    "software": "mriqc",
    "version": "0.9.6"
  },
  "size_t": 133,
  "size_x": 64,
  "size_y": 64,
  "size_z": 32,
  "snr": 5.354557773409511,
  "spacing_tr": 2.5,
  "spacing_x": 3.999999761581421,
  "spacing_y": 4.0,
  "spacing_z": 3.999997615814209,
  "summary_bg_k": 64.99687084102543,
  "summary_bg_mad": 2.41898250579834,
  "summary_bg_mean": 14.823224067687988,
  "summary_bg_median": 3.812030076980591,
  "summary_bg_n": 80185.0,
  "summary_bg_p05": 1.639097809791565,
  "summary_bg_p95": 72.938346862793,
  "summary_bg_stdv": 38.26655960083008,
  "summary_fg_k": 4.591493207522802,
  "summary_fg_mad": 107.23786926269531,
  "summary_fg_mean": 794.2720947265625,
  "summary_fg_median": 811.443603515625,
  "summary_fg_n": 23670.0,
  "summary_fg_p05": 515.3485137939454,
  "summary_fg_p95": 986.8970001220703,
  "summary_fg_stdv": 151.53939819335938,
  "tsnr": 90.80825805664062
}