{
  "aor": 0.0029213636363636364,
  "aqi": 0.0036468320454545455,
  "bids_meta": {
    "EchoTime": 0.027,
    "FlipAngle": 90,
    "MagneticFieldStrength": 3.0,
    "Manufacturer": "Siemens",
    "ManufacturersModelName": "MAGNETOM Trio",
    "ReceiveCoilName": "Siemens 12 channel Head Matrix Coil (Erlangen, Germany)",
    "RepetitionTime": 2.5,
    "TaskName": "rest",
    "modality": "bold",
    "run_id": "1",
    "subject_id": "113",
    "task_id": "rest"
  },
  "dummy_trs": 0,
  "dvars_nstd": 14.412462234427474,
  "dvars_std": 1.1609758561832058,
  "dvars_vstd": 0.9776796508396944,
  "efc": 0.39259190716558207,
  "fber": 42744.2734375,
  "fd_mean": 0.05867474091369745,
  "fd_num": 0,
  "fd_perc": 0.0,
  "fwhm_avg": 2.5393184389157657,
  "fwhm_x": 2.3038175,
  "fwhm_y": 2.9280001745224102,
  "fwhm_z": 2.3861376422248863,
  "gcor": 0.0144061,
  "gsr_x": -0.016914002597332,
  "gsr_y": 0.015017164871096611,
  "provenance": {
    "md5sum": "e722b775ba5bfc4532fd6cb0b0f1d22f",
    "settings": {
      "fd_thres": 0.2,
      "hmc_fsl": false
    },
    "software": "mriqc",
    "version": "0.9.6"
  },
  "size_t": 132,
  "size_x": 64,
  "size_y": 64,
  "size_z": 32,
  "snr": 5.170813968836224,
  "spacing_tr": 2.5,
  "spacing_x": 4.0,
  "spacing_y": 3.999999761581421,
  "spacing_z": 3.999999761581421,
  "summary_bg_k": 58.22543381626703,
  "summary_bg_mad": 2.965204954147339,
  "summary_bg_mean": 14.384308815002441,
  "summary_bg_median": 4.28787899017334,
  "summary_bg_n": 86330.0,
  "summary_bg_p05": 1.7121212482452393,
  "summary_bg_p95": 64.82575988769531,
  "summary_bg_stdv": 33.09393310546875,
  "summary_fg_k": 4.3169769075610205,
  "summary_fg_mad": 118.82164764404297,
  "summary_fg_mean": 891.2293701171875,
  "summary_fg_median": 916.8712158203125,
  "summary_fg_n": 18593.0,
  "summary_fg_p05": 544.4454956054688,
  "summary_fg_p95": 1110.980322265625,
  "summary_fg_stdv": 177.3118438720703,
  "tsnr": 94.72712707519531
}