{
  "aor": 0.0015044615384615387,
  "aqi": 0.003087037615384615,
  "bids_meta": {
    "EchoTime": 0.027,
    "FlipAngle": 90,
    "MagneticFieldStrength": 3.0,
    "Manufacturer": "Siemens",
    "ManufacturersModelName": "MAGNETOM Trio",
    "ReceiveCoilName": "Siemens 12 channel Head Matrix Coil (Erlangen, Germany)",
    "RepetitionTime": 2.5,
    "TaskName": "rest",
    "modality": "bold",
    "run_id": "1",
    "subject_id": "016",
    "task_id": "rest"
  },
  "dummy_trs": 0,
  "dvars_nstd": 20.903536803720932,
  "dvars_std": 1.548485946511629,
  "dvars_vstd": 1.0222746798449613,
  "efc": 0.4273412059720982,
  "fber": 45605.15625,
  "fd_mean": 0.057285704105839975,
  "fd_num": 1,
  "fd_perc": 0.7692307692307693,
  "fwhm_avg": 2.4994610718113397,
  "fwhm_x": 2.198735,
  "fwhm_y": 2.89905,
  "fwhm_z": 2.4005982154340195,
  "gcor": 0.0395083,
  "gsr_x": -0.015206416137516499,
  "gsr_y": 0.021521950140595436,
  "provenance": {
    "md5sum": "33869f7718eda463770ffbda91962199",
    "settings": {
      "fd_thres": 0.2,
      "hmc_fsl": false
    },
    "software": "mriqc",
    "version": "0.9.6"
  },
  "size_t": 130,
  "size_x": 64,
  "size_y": 64,
  "size_z": 32,
  "snr": 5.069324577822168,
  "spacing_tr": 2.5,
  "spacing_x": 4.0,
  "spacing_y": 4.0,
  "spacing_z": 3.9999988079071045,
  "summary_bg_k": 41.46039475906111,
  "summary_bg_mad": 2.5774471759796143,
  "summary_bg_mean": 19.643564224243164,
  "summary_bg_median": 4.046154022216797,
  "summary_bg_n": 83040.0,
  "summary_bg_p05": 1.6230769157409668,
  "summary_bg_p95": 110.36961669921878,
  "summary_bg_stdv": 52.83330535888672,
  "summary_fg_k": 3.932533298013335,
  "summary_fg_mad": 127.89724731445312,
  "summary_fg_mean": 879.0783081054688,
  "summary_fg_median": 894.642333984375,
  "summary_fg_n": 21432.0,
  "summary_fg_p05": 559.2092407226562,
  "summary_fg_p95": 1108.4634704589844,
  "summary_fg_stdv": 176.47744750976562,
  "tsnr": 114.74563598632812
}