{
  "aor": 0.009115541666666666,
  "aqi": 0.008570079791666666,
  "bids_meta": {
    "EchoTime": 0.027,
    "FlipAngle": 90,
    "MagneticFieldStrength": 3.0,
    "Manufacturer": "Siemens",
    "ManufacturersModelName": "MAGNETOM Trio",
    "ReceiveCoilName": "Siemens 12 channel Head Matrix Coil (Erlangen, Germany)",
    "RepetitionTime": 2.5,
    "TaskName": "rest",
    "modality": "bold",
    "run_id": "1",
    "subject_id": "008",
    "task_id": "rest"
  },
  "dummy_trs": 0,
  "dvars_nstd": 17.5606067690795,
  "dvars_std": 1.3338791492887037,
  "dvars_vstd": 0.9742787335146444,
  "efc": 0.39492587679342694,
  "fber": 53023.4765625,
  "fd_mean": 0.09960853634009505,
  "fd_num": 15,
  "fd_perc": 6.25,
  "fwhm_avg": 2.4759923123435623,
  "fwhm_x": 2.2380375,
  "fwhm_y": 2.828675,
  "fwhm_z": 2.361264437030688,
  "gcor": 0.0165712,
  "gsr_x": -0.01390584371984005,
  "gsr_y": 0.016335099935531616,
  "provenance": {
    "md5sum": "ff6a5ed904a51d5881e1ebb1bef9a062",
    "settings": {
      "fd_thres": 0.2,
      "hmc_fsl": false
    },
    "software": "mriqc",
    "version": "0.9.6"
  },
  "size_t": 240,
  "size_x": 64,
  "size_y": 64,
  "size_z": 32,
  "snr": 4.8172561169177746,
  "spacing_tr": 2.5,
  "spacing_x": 4.0,
  "spacing_y": 4.0,
  "spacing_z": 4.000000953674316,
  "summary_bg_k": 60.799109676248676,
  "summary_bg_mad": 2.7366368770599365,
  "summary_bg_mean": 17.945737838745117,
  "summary_bg_median": 4.012500286102295,
  "summary_bg_n": 86250.0,
  "summary_bg_p05": 1.6750000715255737,
  "summary_bg_p95": 88.2652122497559,
  "summary_bg_stdv": 46.4248046875,
  "summary_fg_k": 4.247629609468842,
  "summary_fg_mad": 137.71524047851562,
  "summary_fg_mean": 940.8917846679688,
  "summary_fg_median": 960.9833984375,
  "summary_fg_n": 18695.0,
  "summary_fg_p05": 560.0066833496094,
  "summary_fg_p95": 1192.760888671875,
  "summary_fg_stdv": 199.4823760986328,
  "tsnr": 63.48908615112305
}