{
  "aor": 0.0026646212121212115,
  "aqi": 0.002364073181818182,
  "bids_meta": {
    "EchoTime": 0.027,
    "FlipAngle": 90,
    "MagneticFieldStrength": 3.0,
    "Manufacturer": "Siemens",
    "ManufacturersModelName": "MAGNETOM Trio",
    "ReceiveCoilName": "Siemens 12 channel Head Matrix Coil (Erlangen, Germany)",
    "RepetitionTime": 2.5,
    "TaskName": "rest",
    "modality": "bold",
    "run_id": "2",
    "subject_id": "114",
    "task_id": "rest"
  },
  "dummy_trs": 0,
  "dvars_nstd": 15.412428433206111,
  "dvars_std": 1.2366044041221376,
  "dvars_vstd": 0.9841373670229011,
  "efc": 0.42044116343003896,
  "fber": 36590.453125,
  "fd_mean": 0.09192524547084807,
  "fd_num": 4,
  "fd_perc": 3.0303030303030303,
  "fwhm_avg": 2.66639098270409,
  "fwhm_x": 2.4396975,
  "fwhm_y": 3.05345,
  "fwhm_z": 2.50602544811227,
  "gcor": 0.0384303,
  "gsr_x": -0.01369248703122139,
  "gsr_y": 0.021724771708250046,
  "provenance": {
    "md5sum": "0d3ee2772522d4b8c8b5bda3e135b253",
    "settings": {
      "fd_thres": 0.2,
      "hmc_fsl": false
    },
    "software": "mriqc",
    "version": "0.9.6"
  },
  "size_t": 132,
  "size_x": 64,
  "size_y": 64,
  "size_z": 32,
  "snr": 4.233502471105246,
  "spacing_tr": 2.5,
  "spacing_x": 4.0,
  "spacing_y": 4.0,
  "spacing_z": 3.9999992847442627,
  "summary_bg_k": 28.96728122159167,
  "summary_bg_mad": 2.9764363765716553,
  "summary_bg_mean": 22.765737533569336,
  "summary_bg_median": 4.469696998596191,
  "summary_bg_n": 84206.0,
  "summary_bg_p05": 1.8409091234207153,
  "summary_bg_p95": 129.28031158447266,
  "summary_bg_stdv": 57.05257034301758,
  "summary_fg_k": 2.4471947153329,
  "summary_fg_mad": 144.56494140625,
  "summary_fg_mean": 855.3551635742188,
  "summary_fg_median": 892.0151977539062,
  "summary_fg_n": 20343.0,
  "summary_fg_p05": 396.3863739013672,
  "summary_fg_p95": 1112.7250244140625,
  "summary_fg_stdv": 210.6986541748047,
  "tsnr": 95.84552001953125
}