{
  "aor": 0.003298611111111111,
  "aqi": 0.014316792333333331,
  "bids_meta": {
    "EchoTime": 0.027,
    "FlipAngle": 90,
    "MagneticFieldStrength": 3.0,
    "Manufacturer": "Siemens",
    "ManufacturersModelName": "MAGNETOM Trio",
    "ReceiveCoilName": "Siemens 12 channel Head Matrix Coil (Erlangen, Germany)",
    "RepetitionTime": 2.5,
    "TaskName": "rest",
    "modality": "bold",
    "run_id": "1",
    "subject_id": "070",
    "task_id": "rest"
  },
  "dummy_trs": 0,
  "dvars_nstd": 17.170384664818947,
  "dvars_std": 1.1495651195264618,
  "dvars_vstd": 0.9190054483008356,
  "efc": 0.4229695375309131,
  "fber": 41850.41015625,
  "fd_mean": 0.14553063061305915,
  "fd_num": 51,
  "fd_perc": 14.166666666666666,
  "fwhm_avg": 2.4521715750111253,
  "fwhm_x": 2.2154525,
  "fwhm_y": 2.834475,
  "fwhm_z": 2.3065872250333754,
  "gcor": 0.0591273,
  "gsr_x": -0.013685038313269615,
  "gsr_y": 0.021756678819656372,
  "provenance": {
    "md5sum": "dbfd4eb37c12e8675268b75abecd2640",
    "settings": {
      "fd_thres": 0.2,
      "hmc_fsl": false
    },
    "software": "mriqc",
    "version": "0.9.6"
  },
  "size_t": 360,
  "size_x": 64,
  "size_y": 64,
  "size_z": 32,
  "snr": 5.492619614546942,
  "spacing_tr": 2.5,
  "spacing_x": 4.0,
  "spacing_y": 4.0,
  "spacing_z": 4.000000476837158,
  "summary_bg_k": 37.14521178251855,
  "summary_bg_mad": 2.4504122734069824,
  "summary_bg_mean": 16.224660873413086,
  "summary_bg_median": 3.6388890743255615,
  "summary_bg_n": 83235.0,
  "summary_bg_p05": 1.6111111640930176,
  "summary_bg_p95": 87.90889053344729,
  "summary_bg_stdv": 39.76534652709961,
  "summary_fg_k": 4.744391852618242,
  "summary_fg_mad": 102.69699096679688,
  "summary_fg_mean": 761.4454345703125,
  "summary_fg_median": 772.1444702148438,
  "summary_fg_n": 20988.0,
  "summary_fg_p05": 518.7778015136719,
  "summary_fg_p95": 948.5822631835936,
  "summary_fg_stdv": 140.5751953125,
  "tsnr": 52.795310974121094
}