{
  "aor": 0.014742121212121215,
  "aqi": 0.004290635909090909,
  "bids_meta": {
    "EchoTime": 0.027,
    "FlipAngle": 90,
    "MagneticFieldStrength": 3.0,
    "Manufacturer": "Siemens",
    "ManufacturersModelName": "MAGNETOM Trio",
    "ReceiveCoilName": "Siemens 12 channel Head Matrix Coil (Erlangen, Germany)",
    "RepetitionTime": 2.5,
    "TaskName": "rest",
    "modality": "bold",
    "run_id": "1",
    "subject_id": "059",
    "task_id": "rest"
  },
  "dummy_trs": 0,
  "dvars_nstd": 17.50324881885496,
  "dvars_std": 1.2523624224427479,
  "dvars_vstd": 1.0652987656488546,
  "efc": 0.4254407405783412,
  "fber": 39821.8359375,
  "fd_mean": 0.10822726442953232,
  "fd_num": 6,
  "fd_perc": 4.545454545454546,
  "fwhm_avg": 2.5681833333333333,
  "fwhm_x": 2.2705025,
  "fwhm_y": 2.964125,
  "fwhm_z": 2.4699225,
  "gcor": 0.0455994,
  "gsr_x": -0.014264420606195927,
  "gsr_y": 0.02331569418311119,
  "provenance": {
    "md5sum": "c6dbf81b2d2044ad978f5b7b848b6d7a",
    "settings": {
      "fd_thres": 0.2,
      "hmc_fsl": false
    },
    "software": "mriqc",
    "version": "0.9.6"
  },
  "size_t": 132,
  "size_x": 64,
  "size_y": 64,
  "size_z": 32,
  "snr": 4.462337936835459,
  "spacing_tr": 2.5,
  "spacing_x": 4.0,
  "spacing_y": 4.0,
  "spacing_z": 4.0,
  "summary_bg_k": 50.46963622357572,
  "summary_bg_mad": 2.044194221496582,
  "summary_bg_mean": 12.521666526794434,
  "summary_bg_median": 3.4166667461395264,
  "summary_bg_n": 81677.0,
  "summary_bg_p05": 1.6818182468414307,
  "summary_bg_p95": 63.17575912475584,
  "summary_bg_stdv": 28.675878524780273,
  "summary_fg_k": 2.6882575796592665,
  "summary_fg_mad": 124.47117614746094,
  "summary_fg_mean": 707.3619995117188,
  "summary_fg_median": 719.6893920898438,
  "summary_fg_n": 22593.0,
  "summary_fg_p05": 402.9515258789063,
  "summary_fg_p95": 927.6409423828122,
  "summary_fg_stdv": 161.2772216796875,
  "tsnr": 68.8071060180664
}