{
  "bids_meta": {
    "EchoTime": 0.03,
    "FlipAngle": 8,
    "MagneticFieldStrength": 3.0,
    "Manufacturer": "Siemens",
    "ManufacturersModelName": "MAGNETOM Trio",
    "ReceiveCoilName": "Siemens 12 channel Head Matrix Coil (Erlangen, Germany)",
    "RepetitionTime": 2.4,
    "modality": "T1w",
    "subject_id": "065"
  },
  "cjv": 0.4156854244900545,
  "cnr": 3.220902618939995,
  "efc": 0.5427007523992857,
  "fber": 2067.143798828125,
  "fwhm_avg": 3.344863333333333,
  "fwhm_x": 3.47114,
  "fwhm_y": 3.46214,
  "fwhm_z": 3.10131,
  "icvs_csf": 0.18637518049114446,
  "icvs_gm": 0.44458356671446203,
  "icvs_wm": 0.3690412527943935,
  "inu_med": 1.0546319484710693,
  "inu_range": 0.3562198668718337,
  "provenance": {
    "md5sum": "2e8b10ac35eb4db00af1337578605837",
    "mriqc_pred": 0,
    "settings": {
      "testing": false
    },
    "software": "mriqc",
    "version": "0.9.6",
    "warnings": {
      "large_rot_frame": true,
      "small_air_mask": false
    }
  },
  "qi_1": 0.0,
  "qi_2": 0.03258353721995951,
  "rpve_csf": 42.19466006542304,
  "rpve_gm": 19.345470666882324,
  "rpve_wm": 26.315496212324213,
  "size_x": 256,
  "size_y": 256,
  "size_z": 256,
  "snr_csf": 3.0893771616741588,
  "snr_gm": 11.610865220365836,
  "snr_total": 11.228855171408116,
  "snr_wm": 18.986323132184356,
  "snrd_csf": 20.25641307593271,
  "snrd_gm": 45.077105605554756,
  "snrd_total": 42.29979986655934,
  "snrd_wm": 61.565880918190544,
  "spacing_x": 1.0,
  "spacing_y": 1.0,
  "spacing_z": 1.0,
  "summary_bg_k": 4.5536466344012965,
  "summary_bg_mad": 10.641228675842285,
  "summary_bg_mean": 16.799694061279297,
  "summary_bg_median": 14.25493335723877,
  "summary_bg_n": 3872599.0,
  "summary_bg_p05": 0.0,
  "summary_bg_p95": 41.03575210571289,
  "summary_bg_stdv": 12.798072814941406,
  "summary_csf_k": 1.7324832343882735,
  "summary_csf_mad": 84.56348419189453,
  "summary_csf_mean": 354.7822570800781,
  "summary_csf_median": 329.0202331542969,
  "summary_csf_n": 23311.0,
  "summary_csf_p05": 226.42334747314453,
  "summary_csf_p95": 564.0022277832031,
  "summary_csf_stdv": 106.49822235107422,
  "summary_gm_k": 0.17604134077679134,
  "summary_gm_mad": 61.148563385009766,
  "summary_gm_mean": 731.7130126953125,
  "summary_gm_median": 732.177001953125,
  "summary_gm_n": 22599.0,
  "summary_gm_p05": 626.0158874511718,
  "summary_gm_p95": 835.6086486816406,
  "summary_gm_stdv": 63.05824661254883,
  "summary_wm_k": 0.43325189438040024,
  "summary_wm_mad": 50.181705474853516,
  "summary_wm_mean": 999.3584594726562,
  "summary_wm_median": 1000.0003662109375,
  "summary_wm_n": 200418.0,
  "summary_wm_p05": 911.7885894775391,
  "summary_wm_p95": 1084.376727294922,
  "summary_wm_stdv": 52.66938018798828,
  "tpm_overlap_csf": 0.24889329075813293,
  "tpm_overlap_gm": 0.5139302611351013,
  "tpm_overlap_wm": 0.5472931265830994,
  "wm2max": 0.6279397179095711
}