{
  "aor": 0.0010145454545454544,
  "aqi": 0.004031569015151515,
  "bids_meta": {
    "EchoTime": 0.027,
    "FlipAngle": 90,
    "MagneticFieldStrength": 3.0,
    "Manufacturer": "Siemens",
    "ManufacturersModelName": "MAGNETOM Trio",
    "ReceiveCoilName": "Siemens 12 channel Head Matrix Coil (Erlangen, Germany)",
    "RepetitionTime": 2.5,
    "TaskName": "rest",
    "modality": "bold",
    "run_id": "2",
    "subject_id": "056",
    "task_id": "rest"
  },
  "dummy_trs": 0,
  "dvars_nstd": 21.809024417404576,
  "dvars_std": 1.3272862251145032,
  "dvars_vstd": 0.9463235259541984,
  "efc": 0.40541416121395873,
  "fber": 48730.56640625,
  "fd_mean": 0.1474951340592341,
  "fd_num": 29,
  "fd_perc": 21.96969696969697,
  "fwhm_avg": 2.4734816301236697,
  "fwhm_x": 2.28731,
  "fwhm_y": 2.809000167429457,
  "fwhm_z": 2.324134722941551,
  "gcor": 0.0196102,
  "gsr_x": -0.014815276488661766,
  "gsr_y": 0.015649108216166496,
  "provenance": {
    "md5sum": "591889637a8c4985ce6d837f53d9b84e",
    "settings": {
      "fd_thres": 0.2,
      "hmc_fsl": false
    },
    "software": "mriqc",
    "version": "0.9.6"
  },
  "size_t": 132,
  "size_x": 64,
  "size_y": 64,
  "size_z": 32,
  "snr": 4.969082668534837,
  "spacing_tr": 2.5,
  "spacing_x": 4.0,
  "spacing_y": 3.999999761581421,
  "spacing_z": 4.000000476837158,
  "summary_bg_k": 70.4962192058573,
  "summary_bg_mad": 2.145280599594116,
  "summary_bg_mean": 12.269761085510254,
  "summary_bg_median": 3.5303032398223877,
  "summary_bg_n": 83849.0,
  "summary_bg_p05": 1.7121212482452393,
  "summary_bg_p95": 55.10000305175768,
  "summary_bg_stdv": 31.350379943847656,
  "summary_fg_k": 3.4136112596587473,
  "summary_fg_mad": 132.00779724121094,
  "summary_fg_mean": 802.4244384765625,
  "summary_fg_median": 814.007568359375,
  "summary_fg_n": 20558.0,
  "summary_fg_p05": 535.5079895019531,
  "summary_fg_p95": 1033.092852783203,
  "summary_fg_stdv": 163.8104705810547,
  "tsnr": 88.89201354980469
}