{
  "aor": 0.0011463636363636363,
  "aqi": 0.0030297446212121213,
  "bids_meta": {
    "EchoTime": 0.027,
    "FlipAngle": 90,
    "MagneticFieldStrength": 3.0,
    "Manufacturer": "Siemens",
    "ManufacturersModelName": "MAGNETOM Trio",
    "ReceiveCoilName": "Siemens 12 channel Head Matrix Coil (Erlangen, Germany)",
    "RepetitionTime": 2.5,
    "TaskName": "rest",
    "modality": "bold",
    "run_id": "1",
    "subject_id": "102",
    "task_id": "rest"
  },
  "dummy_trs": 0,
  "dvars_nstd": 18.742580893816797,
  "dvars_std": 1.4217107825190844,
  "dvars_vstd": 0.9572404418320614,
  "efc": 0.4326448369812201,
  "fber": 33473.6328125,
  "fd_mean": 0.03681128802292129,
  "fd_num": 0,
  "fd_perc": 0.0,
  "fwhm_avg": 2.473138983082815,
  "fwhm_x": 2.2343725,
  "fwhm_y": 2.875025,
  "fwhm_z": 2.3100194492484456,
  "gcor": 0.0218526,
  "gsr_x": -0.013605736196041107,
  "gsr_y": 0.022155078127980232,
  "provenance": {
    "md5sum": "ea4ca7cedfa3bd3a2874e06c6ad80de7",
    "settings": {
      "fd_thres": 0.2,
      "hmc_fsl": false
    },
    "software": "mriqc",
    "version": "0.9.6"
  },
  "size_t": 132,
  "size_x": 64,
  "size_y": 64,
  "size_z": 32,
  "snr": 4.459780332200454,
  "spacing_tr": 2.5,
  "spacing_x": 4.0,
  "spacing_y": 4.0,
  "spacing_z": 4.000000953674316,
  "summary_bg_k": 27.557252479556105,
  "summary_bg_mad": 2.6844089031219482,
  "summary_bg_mean": 17.424541473388672,
  "summary_bg_median": 3.8712122440338135,
  "summary_bg_n": 82348.0,
  "summary_bg_p05": 1.4166667461395264,
  "summary_bg_p95": 97.29507713317858,
  "summary_bg_stdv": 39.704856872558594,
  "summary_fg_k": 3.157801728327626,
  "summary_fg_mad": 117.63105773925781,
  "summary_fg_mean": 725.9840087890625,
  "summary_fg_median": 743.4015502929688,
  "summary_fg_n": 21927.0,
  "summary_fg_p05": 393.76970825195315,
  "summary_fg_p95": 943.4735107421875,
  "summary_fg_stdv": 166.68637084960938,
  "tsnr": 97.2883529663086
}