{
  "bids_meta": {
    "EchoTime": 0.03,
    "FlipAngle": 8,
    "MagneticFieldStrength": 3.0,
    "Manufacturer": "Siemens",
    "ManufacturersModelName": "MAGNETOM Trio",
    "ReceiveCoilName": "Siemens 12 channel Head Matrix Coil (Erlangen, Germany)",
    "RepetitionTime": 2.4,
    "modality": "T1w",
    "subject_id": "101"
  },
  "cjv": 0.3526275283735213,
  "cnr": 3.756031920905815,
  "efc": 0.5306772406410485,
  "fber": 1869.194580078125,
  "fwhm_avg": 3.2723,
  "fwhm_x": 3.34909,
  "fwhm_y": 3.41182,
  "fwhm_z": 3.05599,
  "icvs_csf": 0.1954642300154546,
  "icvs_gm": 0.43700355300980054,
  "icvs_wm": 0.36753221697474486,
  "inu_med": 1.119852066040039,
  "inu_range": 0.32132553458213775,
  "provenance": {
    "md5sum": "94cda9e5abc54a448332f711aa102c22",
    "mriqc_pred": 0,
    "settings": {
      "testing": false
    },
    "software": "mriqc",
    "version": "0.9.6",
    "warnings": {
      "large_rot_frame": true,
      "small_air_mask": false
    }
  },
  "qi_1": 0.0,
  "qi_2": 0.030015769928683416,
  "rpve_csf": 28.634838677429837,
  "rpve_gm": 13.85652654355694,
  "rpve_wm": 19.34209922298506,
  "size_x": 176,
  "size_y": 256,
  "size_z": 256,
  "snr_csf": 2.7468769344533865,
  "snr_gm": 9.146989566543336,
  "snr_total": 10.579890906292468,
  "snr_wm": 19.84580621788068,
  "snrd_csf": 24.090644289816574,
  "snrd_gm": 48.16243759795787,
  "snrd_total": 48.217124298743784,
  "snrd_wm": 72.39829100845691,
  "spacing_x": 1.0,
  "spacing_y": 1.0,
  "spacing_z": 1.0,
  "summary_bg_k": 3.4271368230678494,
  "summary_bg_mad": 9.048959732055664,
  "summary_bg_mean": 14.683943748474121,
  "summary_bg_median": 11.895203590393066,
  "summary_bg_n": 3593116.0,
  "summary_bg_p05": 2.6791739463806152,
  "summary_bg_p95": 35.05037021636963,
  "summary_bg_stdv": 10.740771293640137,
  "summary_csf_k": -0.7164260528046689,
  "summary_csf_mad": 145.49346923828125,
  "summary_csf_mean": 323.0157165527344,
  "summary_csf_median": 332.7479248046875,
  "summary_csf_n": 12811.0,
  "summary_csf_p05": 135.49292755126953,
  "summary_csf_p95": 508.0664825439453,
  "summary_csf_stdv": 121.13208770751953,
  "summary_gm_k": 0.24607600782851113,
  "summary_gm_mad": 70.47871398925781,
  "summary_gm_mean": 666.3453369140625,
  "summary_gm_median": 665.2354736328125,
  "summary_gm_n": 12840.0,
  "summary_gm_p05": 546.0199951171876,
  "summary_gm_p95": 786.4050048828125,
  "summary_gm_stdv": 72.72442626953125,
  "summary_wm_k": 0.5530975264411433,
  "summary_wm_mad": 47.56462097167969,
  "summary_wm_mean": 998.6100463867188,
  "summary_wm_median": 999.9890747070312,
  "summary_wm_n": 177251.0,
  "summary_wm_p05": 913.5220031738281,
  "summary_wm_p95": 1078.3333129882812,
  "summary_wm_stdv": 50.387786865234375,
  "tpm_overlap_csf": 0.21808436512947083,
  "tpm_overlap_gm": 0.49956899881362915,
  "tpm_overlap_wm": 0.5394647717475891,
  "wm2max": 0.588109936572863
}