{
  "bids_meta": {
    "EchoTime": 0.03,
    "FlipAngle": 8,
    "MagneticFieldStrength": 3.0,
    "Manufacturer": "Siemens",
    "ManufacturersModelName": "MAGNETOM Trio",
    "ReceiveCoilName": "Siemens 12 channel Head Matrix Coil (Erlangen, Germany)",
    "RepetitionTime": 2.4,
    "modality": "T1w",
    "subject_id": "057"
  },
  "cjv": 0.37363098961375146,
  "cnr": 3.5176366046758574,
  "efc": 0.5748577337465115,
  "fber": 1456.1549072265625,
  "fwhm_avg": 3.4635266666666666,
  "fwhm_x": 3.46627,
  "fwhm_y": 3.62431,
  "fwhm_z": 3.3,
  "icvs_csf": 0.1917500609070782,
  "icvs_gm": 0.4181610393348901,
  "icvs_wm": 0.39008889975803174,
  "inu_med": 1.0176548957824707,
  "inu_range": 0.39920221269130707,
  "provenance": {
    "md5sum": "454f479b920f3448035a93588e9e3c6c",
    "mriqc_pred": 0,
    "settings": {
      "testing": false
    },
    "software": "mriqc",
    "version": "0.9.6",
    "warnings": {
      "large_rot_frame": true,
      "small_air_mask": false
    }
  },
  "qi_1": 0.0,
  "qi_2": 0.0063222336413729305,
  "rpve_csf": 22.05910047196147,
  "rpve_gm": 10.96362200640234,
  "rpve_wm": 14.623662893210334,
  "size_x": 176,
  "size_y": 256,
  "size_z": 256,
  "snr_csf": 2.001495205492856,
  "snr_gm": 8.507809256946844,
  "snr_total": 9.751562535875154,
  "snr_wm": 18.745383145185762,
  "snrd_csf": 20.836388062025414,
  "snrd_gm": 43.57913791323521,
  "snrd_total": 43.33132909231312,
  "snrd_wm": 65.57846130167873,
  "spacing_x": 1.0,
  "spacing_y": 1.0,
  "spacing_z": 1.0,
  "summary_bg_k": 5.067423560748111,
  "summary_bg_mad": 9.990180969238281,
  "summary_bg_mean": 16.04734230041504,
  "summary_bg_median": 13.82422924041748,
  "summary_bg_n": 3508016.0,
  "summary_bg_p05": 2.66024112701416,
  "summary_bg_p95": 39.04033660888672,
  "summary_bg_stdv": 12.176177024841309,
  "summary_csf_k": 16.171832736467092,
  "summary_csf_mad": 164.5823516845703,
  "summary_csf_mean": 337.9075622558594,
  "summary_csf_median": 317.7342834472656,
  "summary_csf_n": 8540.0,
  "summary_csf_p05": 134.5284164428711,
  "summary_csf_p95": 581.4547149658202,
  "summary_csf_stdv": 158.73916625976562,
  "summary_gm_k": 0.224765526288905,
  "summary_gm_mad": 75.10452270507812,
  "summary_gm_mean": 666.25048828125,
  "summary_gm_median": 664.5386962890625,
  "summary_gm_n": 24838.0,
  "summary_gm_p05": 540.4553741455078,
  "summary_gm_p95": 798.007080078125,
  "summary_gm_stdv": 78.1076889038086,
  "summary_wm_k": 0.5614343077169086,
  "summary_wm_mad": 50.23667907714844,
  "summary_wm_mean": 999.8845825195312,
  "summary_wm_median": 1000.006591796875,
  "summary_wm_n": 269552.0,
  "summary_wm_p05": 912.4949768066406,
  "summary_wm_p95": 1086.7827697753905,
  "summary_wm_stdv": 53.34672164916992,
  "tpm_overlap_csf": 0.21497158706188202,
  "tpm_overlap_gm": 0.5016568303108215,
  "tpm_overlap_wm": 0.5585979223251343,
  "wm2max": 0.5988644369678685
}