{
  "aor": 0.0038850555555555557,
  "aqi": 0.006888586500000001,
  "bids_meta": {
    "EchoTime": 0.027,
    "FlipAngle": 90,
    "MagneticFieldStrength": 3.0,
    "Manufacturer": "Siemens",
    "ManufacturersModelName": "MAGNETOM Trio",
    "ReceiveCoilName": "Siemens 12 channel Head Matrix Coil (Erlangen, Germany)",
    "RepetitionTime": 2.5,
    "TaskName": "rest",
    "modality": "bold",
    "run_id": "1",
    "subject_id": "080",
    "task_id": "rest"
  },
  "dummy_trs": 0,
  "dvars_nstd": 19.839706131699163,
  "dvars_std": 1.3298948242618387,
  "dvars_vstd": 1.0009474521169912,
  "efc": 0.4188725934561623,
  "fber": 39825.4453125,
  "fd_mean": 0.11742438089710346,
  "fd_num": 40,
  "fd_perc": 11.11111111111111,
  "fwhm_avg": 2.4928268587482436,
  "fwhm_x": 2.25711,
  "fwhm_y": 2.804425,
  "fwhm_z": 2.4169455762447303,
  "gcor": 0.0223809,
  "gsr_x": -0.017251014709472656,
  "gsr_y": 0.016102049499750137,
  "provenance": {
    "md5sum": "310e4532f2914aedd9caaa28cce758f0",
    "settings": {
      "fd_thres": 0.2,
      "hmc_fsl": false
    },
    "software": "mriqc",
    "version": "0.9.6"
  },
  "size_t": 360,
  "size_x": 64,
  "size_y": 64,
  "size_z": 32,
  "snr": 5.548601760543558,
  "spacing_tr": 2.5,
  "spacing_x": 4.0,
  "spacing_y": 4.0,
  "spacing_z": 3.9999990463256836,
  "summary_bg_k": 48.63008858374208,
  "summary_bg_mad": 2.516305685043335,
  "summary_bg_mean": 16.34521484375,
  "summary_bg_median": 3.622222423553467,
  "summary_bg_n": 84088.0,
  "summary_bg_p05": 1.5083333253860474,
  "summary_bg_p95": 82.10444679260247,
  "summary_bg_stdv": 40.62164306640625,
  "summary_fg_k": 5.171539013009758,
  "summary_fg_mad": 95.9449691772461,
  "summary_fg_mean": 739.521484375,
  "summary_fg_median": 749.879150390625,
  "summary_fg_n": 20638.0,
  "summary_fg_p05": 518.3023956298828,
  "summary_fg_p95": 915.6947662353514,
  "summary_fg_stdv": 135.14413452148438,
  "tsnr": 73.68350982666016
}