{
  "aor": 0.005850499999999999,
  "aqi": 0.013515057833333335,
  "bids_meta": {
    "EchoTime": 0.027,
    "FlipAngle": 90,
    "MagneticFieldStrength": 3.0,
    "Manufacturer": "Siemens",
    "ManufacturersModelName": "MAGNETOM Trio",
    "ReceiveCoilName": "Siemens 12 channel Head Matrix Coil (Erlangen, Germany)",
    "RepetitionTime": 2.5,
    "TaskName": "rest",
    "modality": "bold",
    "run_id": "1",
    "subject_id": "084",
    "task_id": "rest"
  },
  "dummy_trs": 0,
  "dvars_nstd": 19.84048717470753,
  "dvars_std": 1.201304915598885,
  "dvars_vstd": 0.9559846286629528,
  "efc": 0.40589221766537176,
  "fber": 46531.83984375,
  "fd_mean": 0.15405081462985654,
  "fd_num": 56,
  "fd_perc": 15.555555555555555,
  "fwhm_avg": 2.634463735343012,
  "fwhm_x": 2.323015,
  "fwhm_y": 3.05115,
  "fwhm_z": 2.5292262060290365,
  "gcor": 0.0489865,
  "gsr_x": -0.024589726701378822,
  "gsr_y": 0.021930769085884094,
  "provenance": {
    "md5sum": "0019fb15c56fe3a02eec5e41a5615a50",
    "settings": {
      "fd_thres": 0.2,
      "hmc_fsl": false
    },
    "software": "mriqc",
    "version": "0.9.6"
  },
  "size_t": 360,
  "size_x": 64,
  "size_y": 64,
  "size_z": 32,
  "snr": 5.0581594292762375,
  "spacing_tr": 2.5,
  "spacing_x": 4.0,
  "spacing_y": 4.0,
  "spacing_z": 3.999998092651367,
  "summary_bg_k": 35.937491015230435,
  "summary_bg_mad": 2.6851580142974854,
  "summary_bg_mean": 21.066219329833984,
  "summary_bg_median": 4.022222518920898,
  "summary_bg_n": 85965.0,
  "summary_bg_p05": 1.6916667222976685,
  "summary_bg_p95": 117.46944732666043,
  "summary_bg_stdv": 54.89822769165039,
  "summary_fg_k": 4.585534076348398,
  "summary_fg_mad": 112.12179565429688,
  "summary_fg_mean": 868.4155883789062,
  "summary_fg_median": 896.272216796875,
  "summary_fg_n": 19011.0,
  "summary_fg_p05": 503.7778015136719,
  "summary_fg_p95": 1078.9042358398438,
  "summary_fg_stdv": 177.18869018554688,
  "tsnr": 49.09675598144531
}