{
  "aor": 0.00725719696969697,
  "aqi": 0.005143089848484848,
  "bids_meta": {
    "EchoTime": 0.027,
    "FlipAngle": 90,
    "MagneticFieldStrength": 3.0,
    "Manufacturer": "Siemens",
    "ManufacturersModelName": "MAGNETOM Trio",
    "ReceiveCoilName": "Siemens 12 channel Head Matrix Coil (Erlangen, Germany)",
    "RepetitionTime": 2.5,
    "TaskName": "rest",
    "modality": "bold",
    "run_id": "2",
    "subject_id": "108",
    "task_id": "rest"
  },
  "dummy_trs": 0,
  "dvars_nstd": 13.83848825885496,
  "dvars_std": 1.156919305496183,
  "dvars_vstd": 0.9929334114503817,
  "efc": 0.3867836657823255,
  "fber": 42973.44140625,
  "fd_mean": 0.11925776281477628,
  "fd_num": 19,
  "fd_perc": 14.393939393939394,
  "fwhm_avg": 2.501730928351195,
  "fwhm_x": 2.305615,
  "fwhm_y": 2.808375,
  "fwhm_z": 2.391202785053585,
  "gcor": 0.0847883,
  "gsr_x": -0.012803257443010807,
  "gsr_y": 0.013124915771186352,
  "provenance": {
    "md5sum": "c2542c64faa1a6869b3ba1732107cbd7",
    "settings": {
      "fd_thres": 0.2,
      "hmc_fsl": false
    },
    "software": "mriqc",
    "version": "0.9.6"
  },
  "size_t": 132,
  "size_x": 64,
  "size_y": 64,
  "size_z": 32,
  "snr": 5.015915328190065,
  "spacing_tr": 2.5,
  "spacing_x": 4.0,
  "spacing_y": 4.0,
  "spacing_z": 3.999999523162842,
  "summary_bg_k": 64.7757789982087,
  "summary_bg_mad": 2.9989004135131836,
  "summary_bg_mean": 15.894762992858887,
  "summary_bg_median": 4.136363983154297,
  "summary_bg_n": 87564.0,
  "summary_bg_p05": 1.4393939971923828,
  "summary_bg_p95": 75.2488636016845,
  "summary_bg_stdv": 40.9990119934082,
  "summary_fg_k": 4.572617512402497,
  "summary_fg_mad": 117.18733978271484,
  "summary_fg_mean": 866.833984375,
  "summary_fg_median": 887.8106079101562,
  "summary_fg_n": 17720.0,
  "summary_fg_p05": 532.1405700683594,
  "summary_fg_p95": 1086.7807739257812,
  "summary_fg_stdv": 176.9937286376953,
  "tsnr": 76.01829528808594
}