{
  "bids_meta": {
    "EchoTime": 0.03,
    "FlipAngle": 8,
    "MagneticFieldStrength": 3.0,
    "Manufacturer": "Siemens",
    "ManufacturersModelName": "MAGNETOM Trio",
    "ReceiveCoilName": "Siemens 12 channel Head Matrix Coil (Erlangen, Germany)",
    "RepetitionTime": 2.4,
    "modality": "T1w",
    "subject_id": "038"
  },
  "cjv": 0.4115539861173244,
  "cnr": 3.2488949151049624,
  "efc": 0.5490280788970264,
  "fber": 1608.019287109375,
  "fwhm_avg": 3.3848266666666667,
  "fwhm_x": 3.44161,
  "fwhm_y": 3.53825,
  "fwhm_z": 3.17462,
  "icvs_csf": 0.20021822615625554,
  "icvs_gm": 0.4147574226974758,
  "icvs_wm": 0.3850243511462687,
  "inu_med": 1.1110644340515137,
  "inu_range": 0.3133322596549988,
  "provenance": {
    "md5sum": "cee10ccdbf4ce43a3ae61c425938af3c",
    "mriqc_pred": 0,
    "settings": {
      "testing": false
    },
    "software": "mriqc",
    "version": "0.9.6",
    "warnings": {
      "large_rot_frame": true,
      "small_air_mask": false
    }
  },
  "qi_1": 0.0,
  "qi_2": 0.024817264425038572,
  "rpve_csf": 25.680143947234313,
  "rpve_gm": 13.15387027678806,
  "rpve_wm": 17.728928697927863,
  "size_x": 176,
  "size_y": 256,
  "size_z": 256,
  "snr_csf": 3.4877586598403845,
  "snr_gm": 8.640184959009135,
  "snr_total": 10.724613775018334,
  "snr_wm": 20.045897706205484,
  "snrd_csf": 26.555591890100107,
  "snrd_gm": 43.426358273878996,
  "snrd_total": 44.26445453403401,
  "snrd_wm": 62.811413438122926,
  "spacing_x": 1.0,
  "spacing_y": 1.0,
  "spacing_z": 1.0,
  "summary_bg_k": 2.843042439017167,
  "summary_bg_mad": 10.429990768432617,
  "summary_bg_mean": 16.186452865600586,
  "summary_bg_median": 13.464128494262695,
  "summary_bg_n": 3696865.0,
  "summary_bg_p05": 2.8662375926971437,
  "summary_bg_p95": 38.177471923828115,
  "summary_bg_stdv": 11.51083755493164,
  "summary_csf_k": 11.711057024068127,
  "summary_csf_mad": 93.78431701660156,
  "summary_csf_mean": 405.9552917480469,
  "summary_csf_median": 422.77392578125,
  "summary_csf_n": 10647.0,
  "summary_csf_p05": 180.4201690673828,
  "summary_csf_p95": 562.2264221191406,
  "summary_csf_stdv": 121.2108154296875,
  "summary_gm_k": -0.051828955496036055,
  "summary_gm_mad": 79.36016845703125,
  "summary_gm_mean": 691.2371215820312,
  "summary_gm_median": 691.3621826171875,
  "summary_gm_n": 18806.0,
  "summary_gm_p05": 558.4009704589844,
  "summary_gm_p95": 824.8027191162109,
  "summary_gm_stdv": 80.01493072509766,
  "summary_wm_k": 0.42870759380284706,
  "summary_wm_mad": 47.65221405029297,
  "summary_wm_mean": 999.4022827148438,
  "summary_wm_median": 999.978759765625,
  "summary_wm_n": 228716.0,
  "summary_wm_p05": 916.6041717529297,
  "summary_wm_p95": 1080.08642578125,
  "summary_wm_stdv": 49.88434982299805,
  "tpm_overlap_csf": 0.20923109352588654,
  "tpm_overlap_gm": 0.4992697238922119,
  "tpm_overlap_wm": 0.5621645450592041,
  "wm2max": 0.6087927638328596
}