{
  "aor": 0.009151416666666667,
  "aqi": 0.018553838166666666,
  "bids_meta": {
    "EchoTime": 0.027,
    "FlipAngle": 90,
    "MagneticFieldStrength": 3.0,
    "Manufacturer": "Siemens",
    "ManufacturersModelName": "MAGNETOM Trio",
    "ReceiveCoilName": "Siemens 12 channel Head Matrix Coil (Erlangen, Germany)",
    "RepetitionTime": 2.5,
    "TaskName": "rest",
    "modality": "bold",
    "run_id": "1",
    "subject_id": "071",
    "task_id": "rest"
  },
  "dummy_trs": 0,
  "dvars_nstd": 23.283714987348645,
  "dvars_std": 1.2107118180375793,
  "dvars_vstd": 0.9561129765553231,
  "efc": 0.3999916956778291,
  "fber": 46537.7734375,
  "fd_mean": 0.18901266439170739,
  "fd_num": 124,
  "fd_perc": 25.833333333333332,
  "fwhm_avg": 2.529168717483068,
  "fwhm_x": 2.21617,
  "fwhm_y": 2.954475,
  "fwhm_z": 2.4168611524492034,
  "gcor": 0.0142298,
  "gsr_x": -0.016169235110282898,
  "gsr_y": 0.019388770684599876,
  "provenance": {
    "md5sum": "59520ccbf25face3190f3f1643fb77ca",
    "settings": {
      "fd_thres": 0.2,
      "hmc_fsl": false
    },
    "software": "mriqc",
    "version": "0.9.6"
  },
  "size_t": 480,
  "size_x": 64,
  "size_y": 64,
  "size_z": 32,
  "snr": 4.97795731443299,
  "spacing_tr": 2.5,
  "spacing_x": 4.0,
  "spacing_y": 4.0,
  "spacing_z": 3.999998092651367,
  "summary_bg_k": 34.886906925484105,
  "summary_bg_mad": 2.3134772777557373,
  "summary_bg_mean": 14.504816055297852,
  "summary_bg_median": 3.625000238418579,
  "summary_bg_n": 85523.0,
  "summary_bg_p05": 1.6250001192092896,
  "summary_bg_p95": 73.72458877563461,
  "summary_bg_stdv": 35.03177261352539,
  "summary_fg_k": 4.136712418178156,
  "summary_fg_mad": 113.22601318359375,
  "summary_fg_mean": 791.342529296875,
  "summary_fg_median": 811.1385498046875,
  "summary_fg_n": 19122.0,
  "summary_fg_p05": 469.38554840087886,
  "summary_fg_p95": 993.0933929443358,
  "summary_fg_stdv": 162.94180297851562,
  "tsnr": 40.29066848754883
}