{
  "aor": 0.0018200769230769234,
  "aqi": 0.003943181307692308,
  "bids_meta": {
    "EchoTime": 0.027,
    "FlipAngle": 90,
    "MagneticFieldStrength": 3.0,
    "Manufacturer": "Siemens",
    "ManufacturersModelName": "MAGNETOM Trio",
    "ReceiveCoilName": "Siemens 12 channel Head Matrix Coil (Erlangen, Germany)",
    "RepetitionTime": 2.5,
    "TaskName": "rest",
    "modality": "bold",
    "run_id": "2",
    "subject_id": "019",
    "task_id": "rest"
  },
  "dummy_trs": 0,
  "dvars_nstd": 18.88364937565891,
  "dvars_std": 1.3385899231782947,
  "dvars_vstd": 1.0133006601550394,
  "efc": 0.44275778971604024,
  "fber": 35655.12109375,
  "fd_mean": 0.09073924002386584,
  "fd_num": 1,
  "fd_perc": 0.7692307692307693,
  "fwhm_avg": 2.487753759960811,
  "fwhm_x": 2.2294375,
  "fwhm_y": 2.84795,
  "fwhm_z": 2.385873779882432,
  "gcor": 0.168865,
  "gsr_x": -0.014132119715213776,
  "gsr_y": 0.02153511717915535,
  "provenance": {
    "md5sum": "24b24e1883c6831f26a08937adfadccf",
    "settings": {
      "fd_thres": 0.2,
      "hmc_fsl": false
    },
    "software": "mriqc",
    "version": "0.9.6"
  },
  "size_t": 130,
  "size_x": 64,
  "size_y": 64,
  "size_z": 32,
  "snr": 5.130408821108712,
  "spacing_tr": 2.5,
  "spacing_x": 4.0,
  "spacing_y": 4.0,
  "spacing_z": 3.999997854232788,
  "summary_bg_k": 31.9743036530946,
  "summary_bg_mad": 2.8967766761779785,
  "summary_bg_mean": 22.160064697265625,
  "summary_bg_median": 3.8538460731506348,
  "summary_bg_n": 81873.0,
  "summary_bg_p05": 1.384615421295166,
  "summary_bg_p95": 121.06923217773416,
  "summary_bg_stdv": 51.97788619995117,
  "summary_fg_k": 4.754142851138005,
  "summary_fg_mad": 103.40580749511719,
  "summary_fg_mean": 743.2306518554688,
  "summary_fg_median": 755.2384643554688,
  "summary_fg_n": 22295.0,
  "summary_fg_p05": 481.37770385742186,
  "summary_fg_p95": 933.703857421875,
  "summary_fg_stdv": 147.20494079589844,
  "tsnr": 86.109130859375
}