{
  "bids_meta": {
    "EchoTime": 0.03,
    "FlipAngle": 8,
    "MagneticFieldStrength": 3.0,
    "Manufacturer": "Siemens",
    "ManufacturersModelName": "MAGNETOM Trio",
    "ReceiveCoilName": "Siemens 12 channel Head Matrix Coil (Erlangen, Germany)",
    "RepetitionTime": 2.4,
    "modality": "T1w",
    "subject_id": "051"
  },
  "cjv": 0.35009459423976097,
  "cnr": 3.74467730022438,
  "efc": 0.5265688589493771,
  "fber": 1974.84423828125,
  "fwhm_avg": 3.452093466480184,
  "fwhm_x": 3.541650211098803,
  "fwhm_y": 3.65478,
  "fwhm_z": 3.159850188341748,
  "icvs_csf": 0.1968911614399078,
  "icvs_gm": 0.432256842252351,
  "icvs_wm": 0.3708519963077412,
  "inu_med": 1.0667834281921387,
  "inu_range": 0.30484396815299997,
  "provenance": {
    "md5sum": "e16a98c28545e31d4ce5eb5f630a3b30",
    "mriqc_pred": 0,
    "settings": {
      "testing": false
    },
    "software": "mriqc",
    "version": "0.9.6",
    "warnings": {
      "large_rot_frame": true,
      "small_air_mask": false
    }
  },
  "qi_1": 0.0,
  "qi_2": 0.0069136077026724545,
  "rpve_csf": 30.655791330604686,
  "rpve_gm": 15.414101589243046,
  "rpve_wm": 21.985361516884073,
  "size_x": 176,
  "size_y": 256,
  "size_z": 256,
  "snr_csf": 3.010082297404808,
  "snr_gm": 9.078867989933642,
  "snr_total": 10.902923443932634,
  "snr_wm": 20.619820044459452,
  "snrd_csf": 23.130762661960993,
  "snrd_gm": 45.113125044008854,
  "snrd_total": 45.27314890156739,
  "snrd_wm": 67.57555899873232,
  "spacing_x": 0.9999999403953552,
  "spacing_y": 1.0,
  "spacing_z": 0.9999999403953552,
  "summary_bg_k": 4.548590622560429,
  "summary_bg_mad": 9.694703102111816,
  "summary_bg_mean": 14.658812522888184,
  "summary_bg_median": 12.730452537536621,
  "summary_bg_n": 3286920.0,
  "summary_bg_p05": 2.5459065556526186,
  "summary_bg_p95": 35.39569492340087,
  "summary_bg_stdv": 10.99419116973877,
  "summary_csf_k": -0.6845406042703406,
  "summary_csf_mad": 130.1015167236328,
  "summary_csf_mean": 332.1195068359375,
  "summary_csf_median": 342.2888488769531,
  "summary_csf_n": 9059.0,
  "summary_csf_p05": 150.00350646972657,
  "summary_csf_p95": 511.6478607177736,
  "summary_csf_stdv": 113.70783996582031,
  "summary_gm_k": 0.21072391958421344,
  "summary_gm_mad": 70.51219940185547,
  "summary_gm_mean": 668.2164916992188,
  "summary_gm_median": 667.5836791992188,
  "summary_gm_n": 18993.0,
  "summary_gm_p05": 548.7802124023438,
  "summary_gm_p95": 791.5174804687497,
  "summary_gm_stdv": 73.5296630859375,
  "summary_wm_k": 0.521274031070166,
  "summary_wm_mad": 45.85886764526367,
  "summary_wm_mean": 999.0750732421875,
  "summary_wm_median": 999.9826049804688,
  "summary_wm_n": 182197.0,
  "summary_wm_p05": 918.1621459960937,
  "summary_wm_p95": 1076.6176513671874,
  "summary_wm_stdv": 48.49605178833008,
  "tpm_overlap_csf": 0.22824838757514954,
  "tpm_overlap_gm": 0.5203937292098999,
  "tpm_overlap_wm": 0.576636791229248,
  "wm2max": 0.606986801434982
}