{
  "bids_meta": {
    "EchoTime": 0.03,
    "FlipAngle": 8,
    "MagneticFieldStrength": 3.0,
    "Manufacturer": "Siemens",
    "ManufacturersModelName": "MAGNETOM Trio",
    "ReceiveCoilName": "Siemens 12 channel Head Matrix Coil (Erlangen, Germany)",
    "RepetitionTime": 2.4,
    "modality": "T1w",
    "subject_id": "120"
  },
  "cjv": 0.37087685592048386,
  "cnr": 3.490282251297242,
  "efc": 0.5422374123539309,
  "fber": 1712.2413330078125,
  "fwhm_avg": 3.324180136515109,
  "fwhm_x": 3.3898102020484333,
  "fwhm_y": 3.481220207496894,
  "fwhm_z": 3.10151,
  "icvs_csf": 0.1824811023264509,
  "icvs_gm": 0.4398148431646949,
  "icvs_wm": 0.3777040545088542,
  "inu_med": 1.1277332305908203,
  "inu_range": 0.3637617945671081,
  "provenance": {
    "md5sum": "3ba0996bb8f610c4e8a39dfa88fa584f",
    "mriqc_pred": 0,
    "settings": {
      "testing": false
    },
    "software": "mriqc",
    "version": "0.9.6",
    "warnings": {
      "large_rot_frame": true,
      "small_air_mask": false
    }
  },
  "qi_1": 0.0,
  "qi_2": 0.005821025342971669,
  "rpve_csf": 30.142304037817194,
  "rpve_gm": 14.076994228802565,
  "rpve_wm": 19.69842554317386,
  "size_x": 176,
  "size_y": 256,
  "size_z": 256,
  "snr_csf": 2.973567127175111,
  "snr_gm": 8.818058419655767,
  "snr_total": 10.149442632956417,
  "snr_wm": 18.656702352038373,
  "snrd_csf": 25.95608682865068,
  "snrd_gm": 44.80641414205109,
  "snrd_total": 45.806221150153114,
  "snrd_wm": 66.65616247975758,
  "spacing_x": 0.9999999403953552,
  "spacing_y": 0.9999999403953552,
  "spacing_z": 1.0,
  "summary_bg_k": 3.2174611720705126,
  "summary_bg_mad": 9.828489303588867,
  "summary_bg_mean": 16.208091735839844,
  "summary_bg_median": 14.15152359008789,
  "summary_bg_n": 3458171.0,
  "summary_bg_p05": 2.661023259162903,
  "summary_bg_p95": 38.36920928955078,
  "summary_bg_stdv": 11.695260047912598,
  "summary_csf_k": -0.7207188531007303,
  "summary_csf_mad": 138.39315795898438,
  "summary_csf_mean": 368.08807373046875,
  "summary_csf_median": 389.39849853515625,
  "summary_csf_n": 7568.0,
  "summary_csf_p05": 147.91368026733397,
  "summary_csf_p95": 563.9774261474608,
  "summary_csf_stdv": 130.94467163085938,
  "summary_gm_k": 0.28499027715618563,
  "summary_gm_mad": 71.08595275878906,
  "summary_gm_mean": 674.3727416992188,
  "summary_gm_median": 672.1949462890625,
  "summary_gm_n": 18598.0,
  "summary_gm_p05": 549.3622924804688,
  "summary_gm_p95": 803.9465728759765,
  "summary_gm_stdv": 76.22731018066406,
  "summary_wm_k": 0.6031913167747618,
  "summary_wm_mad": 50.48539352416992,
  "summary_wm_mean": 999.0301513671875,
  "summary_wm_median": 999.9893188476562,
  "summary_wm_n": 195621.0,
  "summary_wm_p05": 909.3770751953125,
  "summary_wm_p95": 1084.4039306640625,
  "summary_wm_stdv": 53.59933090209961,
  "tpm_overlap_csf": 0.22761200368404388,
  "tpm_overlap_gm": 0.5269470810890198,
  "tpm_overlap_wm": 0.5738387703895569,
  "wm2max": 0.5969321111209374
}