{
  "aor": 0.003945563909774436,
  "aqi": 0.009707093909774435,
  "bids_meta": {
    "EchoTime": 0.027,
    "FlipAngle": 90,
    "MagneticFieldStrength": 3.0,
    "Manufacturer": "Siemens",
    "ManufacturersModelName": "MAGNETOM Trio",
    "ReceiveCoilName": "Siemens 12 channel Head Matrix Coil (Erlangen, Germany)",
    "RepetitionTime": 2.5,
    "TaskName": "rest",
    "modality": "bold",
    "run_id": "2",
    "subject_id": "041",
    "task_id": "rest"
  },
  "dummy_trs": 0,
  "dvars_nstd": 17.216169335984855,
  "dvars_std": 1.0990410809090914,
  "dvars_vstd": 0.9396489159848483,
  "efc": 0.3820158917891616,
  "fber": 41455.796875,
  "fd_mean": 0.17318473393143521,
  "fd_num": 31,
  "fd_perc": 23.30827067669173,
  "fwhm_avg": 2.5848080873338612,
  "fwhm_x": 2.2879925,
  "fwhm_y": 3.002975,
  "fwhm_z": 2.4634567620015826,
  "gcor": 0.0366795,
  "gsr_x": -0.01519483607262373,
  "gsr_y": 0.018529072403907776,
  "provenance": {
    "md5sum": "37fffc3e8a4e62193813a1b0562e54ed",
    "settings": {
      "fd_thres": 0.2,
      "hmc_fsl": false
    },
    "software": "mriqc",
    "version": "0.9.6"
  },
  "size_t": 133,
  "size_x": 64,
  "size_y": 64,
  "size_z": 32,
  "snr": 5.150716084721707,
  "spacing_tr": 2.5,
  "spacing_x": 4.0,
  "spacing_y": 4.0,
  "spacing_z": 3.999997138977051,
  "summary_bg_k": 84.28610724915492,
  "summary_bg_mad": 1.750139594078064,
  "summary_bg_mean": 9.860093116760254,
  "summary_bg_median": 3.0451128482818604,
  "summary_bg_n": 87478.0,
  "summary_bg_p05": 1.4360902309417725,
  "summary_bg_p95": 41.19661579132075,
  "summary_bg_stdv": 24.48744010925293,
  "summary_fg_k": 4.834255565931459,
  "summary_fg_mad": 80.82969665527344,
  "summary_fg_mean": 625.6436767578125,
  "summary_fg_median": 639.8045043945312,
  "summary_fg_n": 17977.0,
  "summary_fg_p05": 384.551904296875,
  "summary_fg_p95": 776.2676879882813,
  "summary_fg_stdv": 124.2131576538086,
  "tsnr": 61.16095733642578
}