{
  "aor": 0.001268181818181818,
  "aqi": 0.003559981363636364,
  "bids_meta": {
    "EchoTime": 0.027,
    "FlipAngle": 90,
    "MagneticFieldStrength": 3.0,
    "Manufacturer": "Siemens",
    "ManufacturersModelName": "MAGNETOM Trio",
    "ReceiveCoilName": "Siemens 12 channel Head Matrix Coil (Erlangen, Germany)",
    "RepetitionTime": 2.5,
    "TaskName": "rest",
    "modality": "bold",
    "run_id": "1",
    "subject_id": "051",
    "task_id": "rest"
  },
  "dummy_trs": 0,
  "dvars_nstd": 17.50259923572519,
  "dvars_std": 1.17133145389313,
  "dvars_vstd": 0.9626266380152668,
  "efc": 0.37325409878593435,
  "fber": 47830.65625,
  "fd_mean": 0.109345799864348,
  "fd_num": 13,
  "fd_perc": 9.848484848484848,
  "fwhm_avg": 2.587491469842441,
  "fwhm_x": 2.3352275,
  "fwhm_y": 2.950625,
  "fwhm_z": 2.4766219095273234,
  "gcor": 0.0224605,
  "gsr_x": -0.011841025203466415,
  "gsr_y": 0.012213412672281265,
  "provenance": {
    "md5sum": "c25498460eb9b8a736b1588a4a0e50c6",
    "settings": {
      "fd_thres": 0.2,
      "hmc_fsl": false
    },
    "software": "mriqc",
    "version": "0.9.6"
  },
  "size_t": 132,
  "size_x": 64,
  "size_y": 64,
  "size_z": 32,
  "snr": 4.415412599115836,
  "spacing_tr": 2.5,
  "spacing_x": 4.0,
  "spacing_y": 4.0,
  "spacing_z": 4.000000953674316,
  "summary_bg_k": 96.03274609333076,
  "summary_bg_mad": 2.4148447513580322,
  "summary_bg_mean": 13.589637756347656,
  "summary_bg_median": 3.795454740524292,
  "summary_bg_n": 88311.0,
  "summary_bg_p05": 1.7348484992980957,
  "summary_bg_p95": 59.01515197753906,
  "summary_bg_stdv": 35.046714782714844,
  "summary_fg_k": 2.9514464385129893,
  "summary_fg_mad": 136.71395874023438,
  "summary_fg_mean": 837.2647705078125,
  "summary_fg_median": 865.98486328125,
  "summary_fg_n": 17225.0,
  "summary_fg_p05": 434.2621337890625,
  "summary_fg_p95": 1080.20458984375,
  "summary_fg_stdv": 196.12203979492188,
  "tsnr": 81.77784729003906
}