{
  "aor": 0.025262121212121208,
  "aqi": 0.017415584545454544,
  "bids_meta": {
    "EchoTime": 0.027,
    "FlipAngle": 90,
    "MagneticFieldStrength": 3.0,
    "Manufacturer": "Siemens",
    "ManufacturersModelName": "MAGNETOM Trio",
    "ReceiveCoilName": "Siemens 12 channel Head Matrix Coil (Erlangen, Germany)",
    "RepetitionTime": 2.5,
    "TaskName": "rest",
    "modality": "bold",
    "run_id": "2",
    "subject_id": "113",
    "task_id": "rest"
  },
  "dummy_trs": 0,
  "dvars_nstd": 16.9964264440458,
  "dvars_std": 1.1687834561068704,
  "dvars_vstd": 1.0918300056488548,
  "efc": 0.3935149707357103,
  "fber": 39840.703125,
  "fd_mean": 0.16550868396394985,
  "fd_num": 29,
  "fd_perc": 21.96969696969697,
  "fwhm_avg": 2.564120106862988,
  "fwhm_x": 2.31377,
  "fwhm_y": 2.968575176940869,
  "fwhm_z": 2.4100151436480965,
  "gcor": 0.00609598,
  "gsr_x": -0.01803913712501526,
  "gsr_y": 0.013981581665575504,
  "provenance": {
    "md5sum": "e3ec35bde346967d14e1014df39799e8",
    "settings": {
      "fd_thres": 0.2,
      "hmc_fsl": false
    },
    "software": "mriqc",
    "version": "0.9.6"
  },
  "size_t": 132,
  "size_x": 64,
  "size_y": 64,
  "size_z": 32,
  "snr": 5.1669125987585085,
  "spacing_tr": 2.5,
  "spacing_x": 4.0,
  "spacing_y": 3.999999761581421,
  "spacing_z": 3.999999761581421,
  "summary_bg_k": 52.11889386917224,
  "summary_bg_mad": 2.9427411556243896,
  "summary_bg_mean": 15.260032653808594,
  "summary_bg_median": 4.477272987365723,
  "summary_bg_n": 86651.0,
  "summary_bg_p05": 1.871212124824524,
  "summary_bg_p95": 70.60606384277344,
  "summary_bg_stdv": 34.36922836303711,
  "summary_fg_k": 4.075827367249689,
  "summary_fg_mad": 119.2652816772461,
  "summary_fg_mean": 899.9056396484375,
  "summary_fg_median": 925.8712158203125,
  "summary_fg_n": 18470.0,
  "summary_fg_p05": 545.8969848632812,
  "summary_fg_p95": 1121.67431640625,
  "summary_fg_stdv": 179.1875,
  "tsnr": 47.46320343017578
}