{
  "bids_meta": {
    "EchoTime": 0.03,
    "FlipAngle": 8,
    "MagneticFieldStrength": 3.0,
    "Manufacturer": "Siemens",
    "ManufacturersModelName": "MAGNETOM Trio",
    "ReceiveCoilName": "Siemens 12 channel Head Matrix Coil (Erlangen, Germany)",
    "RepetitionTime": 2.4,
    "modality": "T1w",
    "subject_id": "098"
  },
  "cjv": 0.4521640630056258,
  "cnr": 2.8831177669046397,
  "efc": 0.5634635861786828,
  "fber": 1831.46875,
  "fwhm_avg": 3.1786467291834,
  "fwhm_x": 3.1465701875501986,
  "fwhm_y": 3.42622,
  "fwhm_z": 2.96315,
  "icvs_csf": 0.18738614421121008,
  "icvs_gm": 0.40818681843702176,
  "icvs_wm": 0.40442703735176816,
  "inu_med": 1.0539976358413696,
  "inu_range": 0.3370420038700104,
  "provenance": {
    "md5sum": "75cf1d636d5aca5293c1043abecab8f6",
    "mriqc_pred": 0,
    "settings": {
      "testing": false
    },
    "software": "mriqc",
    "version": "0.9.6",
    "warnings": {
      "large_rot_frame": true,
      "small_air_mask": false
    }
  },
  "qi_1": 0.0,
  "qi_2": 0.008525869801892525,
  "rpve_csf": 27.615547703180212,
  "rpve_gm": 13.607771726459141,
  "rpve_wm": 17.12527897367564,
  "size_x": 176,
  "size_y": 256,
  "size_z": 256,
  "snr_csf": 2.7894852620409707,
  "snr_gm": 7.910115031972,
  "snr_total": 9.813138573346716,
  "snr_wm": 18.739815426027178,
  "snrd_csf": 23.506517665821733,
  "snrd_gm": 43.574186034069264,
  "snrd_total": 43.106750384723775,
  "snrd_wm": 62.23954745428033,
  "spacing_x": 0.9999999403953552,
  "spacing_y": 1.0,
  "spacing_z": 1.0,
  "summary_bg_k": 3.464290925366802,
  "summary_bg_mad": 10.525999069213867,
  "summary_bg_mean": 16.061363220214844,
  "summary_bg_median": 14.06995964050293,
  "summary_bg_n": 3916708.0,
  "summary_bg_p05": 2.8048816919326782,
  "summary_bg_p95": 38.580428314208966,
  "summary_bg_stdv": 11.793133735656738,
  "summary_csf_k": -0.744554136457316,
  "summary_csf_mad": 153.77491760253906,
  "summary_csf_mean": 353.0998229980469,
  "summary_csf_median": 377.67645263671875,
  "summary_csf_n": 10015.0,
  "summary_csf_p05": 136.54897766113282,
  "summary_csf_p95": 543.7515869140625,
  "summary_csf_stdv": 135.38612365722656,
  "summary_gm_k": 0.10447416258112563,
  "summary_gm_mad": 84.07206726074219,
  "summary_gm_mean": 702.9194946289062,
  "summary_gm_median": 700.101318359375,
  "summary_gm_n": 16238.0,
  "summary_gm_p05": 559.9960235595703,
  "summary_gm_p95": 856.8175018310546,
  "summary_gm_stdv": 88.5043716430664,
  "summary_wm_k": 0.3663677909209073,
  "summary_wm_mad": 51.529296875,
  "summary_wm_mean": 999.32421875,
  "summary_wm_median": 999.9954833984375,
  "summary_wm_n": 245859.0,
  "summary_wm_p05": 910.9936096191407,
  "summary_wm_p95": 1085.5581176757812,
  "summary_wm_stdv": 53.361968994140625,
  "tpm_overlap_csf": 0.21005721390247345,
  "tpm_overlap_gm": 0.4957592487335205,
  "tpm_overlap_wm": 0.5813413262367249,
  "wm2max": 0.5934300372754763
}