{
  "aor": 0.0018564444444444444,
  "aqi": 0.005485396416666667,
  "bids_meta": {
    "EchoTime": 0.027,
    "FlipAngle": 90,
    "MagneticFieldStrength": 3.0,
    "Manufacturer": "Siemens",
    "ManufacturersModelName": "MAGNETOM Trio",
    "ReceiveCoilName": "Siemens 12 channel Head Matrix Coil (Erlangen, Germany)",
    "RepetitionTime": 2.5,
    "TaskName": "rest",
    "modality": "bold",
    "run_id": "1",
    "subject_id": "082",
    "task_id": "rest"
  },
  "dummy_trs": 0,
  "dvars_nstd": 20.44788768640669,
  "dvars_std": 1.3766116533147637,
  "dvars_vstd": 0.9832988854596102,
  "efc": 0.4050061521793806,
  "fber": 50509.7265625,
  "fd_mean": 0.18647307024026843,
  "fd_num": 144,
  "fd_perc": 40.0,
  "fwhm_avg": 2.495614904191505,
  "fwhm_x": 2.25817,
  "fwhm_y": 2.817575,
  "fwhm_z": 2.411099712574516,
  "gcor": 0.0306854,
  "gsr_x": -0.013221563771367073,
  "gsr_y": 0.01817454770207405,
  "provenance": {
    "md5sum": "c391569782cad710c1abbc7c47ca5342",
    "settings": {
      "fd_thres": 0.2,
      "hmc_fsl": false
    },
    "software": "mriqc",
    "version": "0.9.6"
  },
  "size_t": 360,
  "size_x": 64,
  "size_y": 64,
  "size_z": 32,
  "snr": 5.2489835329174825,
  "spacing_tr": 2.5,
  "spacing_x": 4.0,
  "spacing_y": 4.0,
  "spacing_z": 4.000000476837158,
  "summary_bg_k": 71.15356860940088,
  "summary_bg_mad": 2.3680453300476074,
  "summary_bg_mean": 13.183147430419922,
  "summary_bg_median": 3.3138890266418457,
  "summary_bg_n": 84385.0,
  "summary_bg_p05": 1.1972222328186035,
  "summary_bg_p95": 61.922779846191474,
  "summary_bg_stdv": 36.37645721435547,
  "summary_fg_k": 4.822828402032997,
  "summary_fg_mad": 97.20926666259766,
  "summary_fg_mean": 756.773681640625,
  "summary_fg_median": 772.4639282226562,
  "summary_fg_n": 20067.0,
  "summary_fg_p05": 483.03166809082035,
  "summary_fg_p95": 943.5736328125,
  "summary_fg_stdv": 147.1608123779297,
  "tsnr": 82.66950988769531
}