{
  "aor": 0.0018623484848484847,
  "aqi": 0.0020050498484848484,
  "bids_meta": {
    "EchoTime": 0.027,
    "FlipAngle": 90,
    "MagneticFieldStrength": 3.0,
    "Manufacturer": "Siemens",
    "ManufacturersModelName": "MAGNETOM Trio",
    "ReceiveCoilName": "Siemens 12 channel Head Matrix Coil (Erlangen, Germany)",
    "RepetitionTime": 2.5,
    "TaskName": "rest",
    "modality": "bold",
    "run_id": "2",
    "subject_id": "101",
    "task_id": "rest"
  },
  "dummy_trs": 0,
  "dvars_nstd": 17.712072693053443,
  "dvars_std": 1.4877485099999999,
  "dvars_vstd": 0.9867699046564887,
  "efc": 0.391428742339465,
  "fber": 48514.00390625,
  "fd_mean": 0.03833403769027815,
  "fd_num": 1,
  "fd_perc": 0.7575757575757576,
  "fwhm_avg": 2.6419960317232687,
  "fwhm_x": 2.44419,
  "fwhm_y": 2.985475,
  "fwhm_z": 2.4963230951698057,
  "gcor": 0.0256996,
  "gsr_x": -0.01162023562937975,
  "gsr_y": 0.013687550090253353,
  "provenance": {
    "md5sum": "27d3416485e3f133d728c12b0baa55bb",
    "settings": {
      "fd_thres": 0.2,
      "hmc_fsl": false
    },
    "software": "mriqc",
    "version": "0.9.6"
  },
  "size_t": 132,
  "size_x": 64,
  "size_y": 64,
  "size_z": 32,
  "snr": 4.399487511334347,
  "spacing_tr": 2.5,
  "spacing_x": 4.0,
  "spacing_y": 4.0,
  "spacing_z": 3.9999990463256836,
  "summary_bg_k": 78.09709505136841,
  "summary_bg_mad": 2.257598876953125,
  "summary_bg_mean": 12.029406547546387,
  "summary_bg_median": 3.6136364936828613,
  "summary_bg_n": 85234.0,
  "summary_bg_p05": 1.6363637447357178,
  "summary_bg_p95": 54.13901557922357,
  "summary_bg_stdv": 28.500999450683594,
  "summary_fg_k": 2.9093350708493952,
  "summary_fg_mad": 139.17367553710938,
  "summary_fg_mean": 811.5521240234375,
  "summary_fg_median": 836.2197265625,
  "summary_fg_n": 19247.0,
  "summary_fg_p05": 432.1659301757812,
  "summary_fg_p95": 1054.72880859375,
  "summary_fg_stdv": 190.067138671875,
  "tsnr": 118.00209045410156
}