{
  "bids_meta": {
    "EchoTime": 0.03,
    "FlipAngle": 8,
    "MagneticFieldStrength": 3.0,
    "Manufacturer": "Siemens",
    "ManufacturersModelName": "MAGNETOM Trio",
    "ReceiveCoilName": "Siemens 12 channel Head Matrix Coil (Erlangen, Germany)",
    "RepetitionTime": 2.4,
    "modality": "T1w",
    "subject_id": "047"
  },
  "cjv": 0.3848921044816816,
  "cnr": 3.473703680678495,
  "efc": 0.5319141478165493,
  "fber": 1421.723876953125,
  "fwhm_avg": 3.15344,
  "fwhm_x": 3.21627,
  "fwhm_y": 3.3331,
  "fwhm_z": 2.91095,
  "icvs_csf": 0.18987504927905174,
  "icvs_gm": 0.4376056409942367,
  "icvs_wm": 0.37251930972671154,
  "inu_med": 1.1927769184112549,
  "inu_range": 0.33535600304603563,
  "provenance": {
    "md5sum": "e0dd7e92a8a2d98edf1662797761a459",
    "mriqc_pred": 0,
    "settings": {
      "testing": false
    },
    "software": "mriqc",
    "version": "0.9.6",
    "warnings": {
      "large_rot_frame": true,
      "small_air_mask": false
    }
  },
  "qi_1": 0.0,
  "qi_2": 0.007078224661935688,
  "rpve_csf": 32.40141436476586,
  "rpve_gm": 15.425740939039462,
  "rpve_wm": 21.843840051805085,
  "size_x": 176,
  "size_y": 256,
  "size_z": 256,
  "snr_csf": 2.359806089995929,
  "snr_gm": 9.02718151051754,
  "snr_total": 9.764379582455883,
  "snr_wm": 17.90615114685418,
  "snrd_csf": 21.204922729435758,
  "snrd_gm": 45.47999748236013,
  "snrd_total": 44.740678717558716,
  "snrd_wm": 67.53711594088026,
  "spacing_x": 1.0,
  "spacing_y": 1.0,
  "spacing_z": 1.0,
  "summary_bg_k": 5.375864542650541,
  "summary_bg_mad": 9.70035171508789,
  "summary_bg_mean": 16.678668975830078,
  "summary_bg_median": 13.878515243530273,
  "summary_bg_n": 3782455.0,
  "summary_bg_p05": 2.584003782272339,
  "summary_bg_p95": 39.979451751708964,
  "summary_bg_stdv": 12.507532119750977,
  "summary_csf_k": -0.6822826365194614,
  "summary_csf_mad": 159.94638061523438,
  "summary_csf_mean": 325.921875,
  "summary_csf_median": 313.9731140136719,
  "summary_csf_n": 4390.0,
  "summary_csf_p05": 141.38947219848632,
  "summary_csf_p95": 548.0873046875,
  "summary_csf_stdv": 133.0352325439453,
  "summary_gm_k": 0.2099683700395496,
  "summary_gm_mad": 72.37151336669922,
  "summary_gm_mean": 675.398681640625,
  "summary_gm_median": 673.40478515625,
  "summary_gm_n": 9022.0,
  "summary_gm_p05": 554.9644348144532,
  "summary_gm_p95": 801.7038513183593,
  "summary_gm_stdv": 74.59332275390625,
  "summary_wm_k": 0.4276774507814256,
  "summary_wm_mad": 53.33087921142578,
  "summary_wm_mean": 999.2631225585938,
  "summary_wm_median": 999.9960327148438,
  "summary_wm_n": 161667.0,
  "summary_wm_p05": 906.8728576660156,
  "summary_wm_p95": 1089.7013549804688,
  "summary_wm_stdv": 55.846336364746094,
  "tpm_overlap_csf": 0.20595696568489075,
  "tpm_overlap_gm": 0.5051965713500977,
  "tpm_overlap_wm": 0.5667673945426941,
  "wm2max": 0.5858629476222394
}