{
  "aor": 0.0016713636363636364,
  "aqi": 0.004064922196969698,
  "bids_meta": {
    "EchoTime": 0.027,
    "FlipAngle": 90,
    "MagneticFieldStrength": 3.0,
    "Manufacturer": "Siemens",
    "ManufacturersModelName": "MAGNETOM Trio",
    "ReceiveCoilName": "Siemens 12 channel Head Matrix Coil (Erlangen, Germany)",
    "RepetitionTime": 2.5,
    "TaskName": "rest",
    "modality": "bold",
    "run_id": "2",
    "subject_id": "117",
    "task_id": "rest"
  },
  "dummy_trs": 0,
  "dvars_nstd": 19.191970767022895,
  "dvars_std": 1.2820728567175574,
  "dvars_vstd": 0.9891305664885499,
  "efc": 0.41372419416122697,
  "fber": 41058.80859375,
  "fd_mean": 0.1172121927859596,
  "fd_num": 8,
  "fd_perc": 6.0606060606060606,
  "fwhm_avg": 2.5463129589853484,
  "fwhm_x": 2.30902,
  "fwhm_y": 2.974725,
  "fwhm_z": 2.355193876956045,
  "gcor": 0.0602754,
  "gsr_x": -0.011833359487354755,
  "gsr_y": 0.024896670132875443,
  "provenance": {
    "md5sum": "a216a7ba787b4a6f4bd56b497139c621",
    "settings": {
      "fd_thres": 0.2,
      "hmc_fsl": false
    },
    "software": "mriqc",
    "version": "0.9.6"
  },
  "size_t": 132,
  "size_x": 64,
  "size_y": 64,
  "size_z": 32,
  "snr": 4.786644576285962,
  "spacing_tr": 2.5,
  "spacing_x": 4.0,
  "spacing_y": 4.0,
  "spacing_z": 4.000001907348633,
  "summary_bg_k": 125.46064645642218,
  "summary_bg_mad": 2.4260761737823486,
  "summary_bg_mean": 16.22707748413086,
  "summary_bg_median": 4.204545497894287,
  "summary_bg_n": 83461.0,
  "summary_bg_p05": 2.0681819915771484,
  "summary_bg_p95": 69.21969604492188,
  "summary_bg_stdv": 47.690486907958984,
  "summary_fg_k": 3.1150370635406377,
  "summary_fg_mad": 133.66445922851562,
  "summary_fg_mean": 870.2369995117188,
  "summary_fg_median": 894.3901977539062,
  "summary_fg_n": 20750.0,
  "summary_fg_p05": 506.07918853759764,
  "summary_fg_p95": 1112.5,
  "summary_fg_stdv": 186.8466796875,
  "tsnr": 86.97555541992188
}