{
  "bids_meta": {
    "EchoTime": 0.03,
    "FlipAngle": 8,
    "MagneticFieldStrength": 3.0,
    "Manufacturer": "Siemens",
    "ManufacturersModelName": "MAGNETOM Trio",
    "ReceiveCoilName": "Siemens 12 channel Head Matrix Coil (Erlangen, Germany)",
    "RepetitionTime": 2.4,
    "modality": "T1w",
    "subject_id": "025"
  },
  "cjv": 0.4469644982573349,
  "cnr": 2.953866345995989,
  "efc": 0.5818518184930871,
  "fber": 1571.5218505859375,
  "fwhm_avg": 3.401420067856117,
  "fwhm_x": 3.4153102035683514,
  "fwhm_y": 3.63177,
  "fwhm_z": 3.15718,
  "icvs_csf": 0.18234190384582888,
  "icvs_gm": 0.43601350995520033,
  "icvs_wm": 0.3816445861989708,
  "inu_med": 1.0581077337265015,
  "inu_range": 0.4699257850646972,
  "provenance": {
    "md5sum": "503753534492e0fc172c224e4e4a9061",
    "mriqc_pred": 0,
    "settings": {
      "testing": false
    },
    "software": "mriqc",
    "version": "0.9.6",
    "warnings": {
      "large_rot_frame": true,
      "small_air_mask": false
    }
  },
  "qi_1": 0.0,
  "qi_2": 0.013091590929792948,
  "rpve_csf": 26.00771991064266,
  "rpve_gm": 12.076517520605286,
  "rpve_wm": 16.228218102446352,
  "size_x": 176,
  "size_y": 256,
  "size_z": 256,
  "snr_csf": 2.338743672075534,
  "snr_gm": 8.664693040067178,
  "snr_total": 9.10751054182617,
  "snr_wm": 16.319094913335796,
  "snrd_csf": 20.201592341994225,
  "snrd_gm": 40.71199297396026,
  "snrd_total": 39.73621112748524,
  "snrd_wm": 58.29504806650124,
  "spacing_x": 0.9999999403953552,
  "spacing_y": 1.0,
  "spacing_z": 1.0,
  "summary_bg_k": 3.52799600694462,
  "summary_bg_mad": 11.238478660583496,
  "summary_bg_mean": 17.797155380249023,
  "summary_bg_median": 14.848567962646484,
  "summary_bg_n": 3799101.0,
  "summary_bg_p05": 3.2558064460754395,
  "summary_bg_p95": 43.05364990234375,
  "summary_bg_stdv": 13.248820304870605,
  "summary_csf_k": 0.016294896608567644,
  "summary_csf_mad": 177.64187622070312,
  "summary_csf_mean": 349.9701843261719,
  "summary_csf_median": 346.5464172363281,
  "summary_csf_n": 12680.0,
  "summary_csf_p05": 138.7661102294922,
  "summary_csf_p95": 595.4110412597655,
  "summary_csf_stdv": 148.17047119140625,
  "summary_gm_k": 0.3943912076953646,
  "summary_gm_mad": 75.7822036743164,
  "summary_gm_mean": 702.706787109375,
  "summary_gm_median": 698.3902587890625,
  "summary_gm_n": 21453.0,
  "summary_gm_p05": 577.5391723632813,
  "summary_gm_p95": 845.2971557617187,
  "summary_gm_stdv": 80.59996795654297,
  "summary_wm_k": 0.25614015956040914,
  "summary_wm_mad": 59.03433609008789,
  "summary_wm_mean": 998.4668579101562,
  "summary_wm_median": 1000.0172119140625,
  "summary_wm_n": 240097.0,
  "summary_wm_p05": 894.3973876953125,
  "summary_wm_p95": 1096.3882812499999,
  "summary_wm_stdv": 61.27883529663086,
  "tpm_overlap_csf": 0.23233072459697723,
  "tpm_overlap_gm": 0.5142609477043152,
  "tpm_overlap_wm": 0.559653103351593,
  "wm2max": 0.5495091305824303
}