{
  "bids_meta": {
    "EchoTime": 0.03,
    "FlipAngle": 8,
    "MagneticFieldStrength": 3.0,
    "Manufacturer": "Siemens",
    "ManufacturersModelName": "MAGNETOM Trio",
    "ReceiveCoilName": "Siemens 12 channel Head Matrix Coil (Erlangen, Germany)",
    "RepetitionTime": 2.4,
    "modality": "T1w",
    "subject_id": "116"
  },
  "cjv": 0.36325160260192474,
  "cnr": 3.659630718773111,
  "efc": 0.5321804183255121,
  "fber": 1590.607666015625,
  "fwhm_avg": 3.2488066666666664,
  "fwhm_x": 3.26016,
  "fwhm_y": 3.46724,
  "fwhm_z": 3.01902,
  "icvs_csf": 0.1924833647528771,
  "icvs_gm": 0.42378989101356546,
  "icvs_wm": 0.38372674423355746,
  "inu_med": 1.1128642559051514,
  "inu_range": 0.3996438980102539,
  "provenance": {
    "md5sum": "3388a969e625ea96650267f027763e8e",
    "mriqc_pred": 0,
    "settings": {
      "testing": false
    },
    "software": "mriqc",
    "version": "0.9.6",
    "warnings": {
      "large_rot_frame": true,
      "small_air_mask": false
    }
  },
  "qi_1": 0.0,
  "qi_2": 0.02903647824080495,
  "rpve_csf": 27.554747460156964,
  "rpve_gm": 13.439976880088508,
  "rpve_wm": 18.09879355530736,
  "size_x": 176,
  "size_y": 256,
  "size_z": 256,
  "snr_csf": 3.4081591961306965,
  "snr_gm": 8.938590527692869,
  "snr_total": 10.442251936204825,
  "snr_wm": 18.980006084790904,
  "snrd_csf": 25.928433677775775,
  "snrd_gm": 41.711930539039365,
  "snrd_total": 43.49278205275405,
  "snrd_wm": 62.83798194144702,
  "spacing_x": 1.0,
  "spacing_y": 1.0,
  "spacing_z": 1.0,
  "summary_bg_k": 3.750966805865888,
  "summary_bg_mad": 10.42570686340332,
  "summary_bg_mean": 16.29462432861328,
  "summary_bg_median": 14.128881454467773,
  "summary_bg_n": 3800628.0,
  "summary_bg_p05": 0.0,
  "summary_bg_p95": 39.51146659851073,
  "summary_bg_stdv": 12.21359634399414,
  "summary_csf_k": 0.24873077868296578,
  "summary_csf_mad": 112.84449768066406,
  "summary_csf_mean": 401.57562255859375,
  "summary_csf_median": 412.61981201171875,
  "summary_csf_n": 3281.0,
  "summary_csf_p05": 180.70681762695312,
  "summary_csf_p95": 587.20361328125,
  "summary_csf_stdv": 121.0497817993164,
  "summary_gm_k": 0.18202860522606157,
  "summary_gm_mad": 72.78252410888672,
  "summary_gm_mean": 664.7600708007812,
  "summary_gm_median": 663.795166015625,
  "summary_gm_n": 11755.0,
  "summary_gm_p05": 544.5485534667969,
  "summary_gm_p95": 788.2274230957031,
  "summary_gm_stdv": 74.2585678100586,
  "summary_wm_k": 0.6737098906708923,
  "summary_wm_mad": 49.341094970703125,
  "summary_wm_mean": 998.6138305664062,
  "summary_wm_median": 999.9908447265625,
  "summary_wm_n": 195786.0,
  "summary_wm_p05": 909.7529449462891,
  "summary_wm_p95": 1081.8140869140625,
  "summary_wm_stdv": 52.686405181884766,
  "tpm_overlap_csf": 0.1905003786087036,
  "tpm_overlap_gm": 0.4987368583679199,
  "tpm_overlap_wm": 0.570975661277771,
  "wm2max": 0.5604904552864728
}