{
  "bids_meta": {
    "EchoTime": 0.03,
    "FlipAngle": 8,
    "MagneticFieldStrength": 3.0,
    "Manufacturer": "Siemens",
    "ManufacturersModelName": "MAGNETOM Trio",
    "ReceiveCoilName": "Siemens 12 channel Head Matrix Coil (Erlangen, Germany)",
    "RepetitionTime": 2.4,
    "modality": "T1w",
    "subject_id": "007"
  },
  "cjv": 0.43110788040282416,
  "cnr": 3.038140635620728,
  "efc": 0.5612122188639811,
  "fber": 1617.3973388671875,
  "fwhm_avg": 3.511343333333333,
  "fwhm_x": 3.53295,
  "fwhm_y": 3.72546,
  "fwhm_z": 3.27562,
  "icvs_csf": 0.18542109260597792,
  "icvs_gm": 0.4350774923142789,
  "icvs_wm": 0.37950141507974317,
  "inu_med": 0.9505361914634705,
  "inu_range": 0.42715601921081536,
  "provenance": {
    "md5sum": "c158f91f7a0f57c295ffc2f1178aceaf",
    "mriqc_pred": 0,
    "settings": {
      "testing": false
    },
    "software": "mriqc",
    "version": "0.9.6",
    "warnings": {
      "large_rot_frame": true,
      "small_air_mask": false
    }
  },
  "qi_1": 0.0,
  "qi_2": 0.009858697918476154,
  "rpve_csf": 42.410460441265734,
  "rpve_gm": 19.863072602330444,
  "rpve_wm": 26.468038024344583,
  "size_x": 256,
  "size_y": 256,
  "size_z": 256,
  "snr_csf": 2.862717199024143,
  "snr_gm": 10.005910737291368,
  "snr_total": 10.458995187618234,
  "snr_wm": 18.508357626539187,
  "snrd_csf": 18.911373013915792,
  "snrd_gm": 41.09841522828104,
  "snrd_total": 38.95469977161434,
  "snrd_wm": 56.85431107264617,
  "spacing_x": 1.0,
  "spacing_y": 1.0,
  "spacing_z": 1.0,
  "summary_bg_k": 3.9748371253325336,
  "summary_bg_mad": 11.523286819458008,
  "summary_bg_mean": 17.839513778686523,
  "summary_bg_median": 14.939985275268555,
  "summary_bg_n": 3406294.0,
  "summary_bg_p05": 2.8295830488204956,
  "summary_bg_p95": 43.78230838775634,
  "summary_bg_stdv": 13.498427391052246,
  "summary_csf_k": 1.5412685410437161,
  "summary_csf_mad": 95.84307861328125,
  "summary_csf_mean": 354.51080322265625,
  "summary_csf_median": 332.63482666015625,
  "summary_csf_n": 11146.0,
  "summary_csf_p05": 204.1356964111328,
  "summary_csf_p95": 577.2542114257812,
  "summary_csf_stdv": 116.19027709960938,
  "summary_gm_k": 0.472400749033405,
  "summary_gm_mad": 67.71421813964844,
  "summary_gm_mean": 727.956787109375,
  "summary_gm_median": 722.8858642578125,
  "summary_gm_n": 19055.0,
  "summary_gm_p05": 618.5518920898437,
  "summary_gm_p95": 856.8960266113281,
  "summary_gm_stdv": 72.24398803710938,
  "summary_wm_k": 0.32646584695773306,
  "summary_wm_mad": 51.75986862182617,
  "summary_wm_mean": 999.580810546875,
  "summary_wm_median": 1000.0185546875,
  "summary_wm_n": 207249.0,
  "summary_wm_p05": 909.9479125976563,
  "summary_wm_p95": 1087.8445068359374,
  "summary_wm_stdv": 54.030517578125,
  "tpm_overlap_csf": 0.23350121080875397,
  "tpm_overlap_gm": 0.513441264629364,
  "tpm_overlap_wm": 0.5569610595703125,
  "wm2max": 0.6478591858002023
}