{
  "aor": 0.0013169924812030077,
  "aqi": 0.0037606833082706767,
  "bids_meta": {
    "EchoTime": 0.027,
    "FlipAngle": 90,
    "MagneticFieldStrength": 3.0,
    "Manufacturer": "Siemens",
    "ManufacturersModelName": "MAGNETOM Trio",
    "ReceiveCoilName": "Siemens 12 channel Head Matrix Coil (Erlangen, Germany)",
    "RepetitionTime": 2.5,
    "TaskName": "rest",
    "modality": "bold",
    "run_id": "1",
    "subject_id": "046",
    "task_id": "rest"
  },
  "dummy_trs": 0,
  "dvars_nstd": 17.180650595606057,
  "dvars_std": 1.2781224579545463,
  "dvars_vstd": 0.9822777251515152,
  "efc": 0.4282551130171499,
  "fber": 35107.71875,
  "fd_mean": 0.0743610927733951,
  "fd_num": 1,
  "fd_perc": 0.7518796992481203,
  "fwhm_avg": 2.4825392143375704,
  "fwhm_x": 2.2258875,
  "fwhm_y": 2.822375,
  "fwhm_z": 2.399355143012711,
  "gcor": 0.0408538,
  "gsr_x": -0.021616565063595772,
  "gsr_y": 0.023118559271097183,
  "provenance": {
    "md5sum": "7590251b96f8430b1bbc150d37c351af",
    "settings": {
      "fd_thres": 0.2,
      "hmc_fsl": false
    },
    "software": "mriqc",
    "version": "0.9.6"
  },
  "size_t": 133,
  "size_x": 64,
  "size_y": 64,
  "size_z": 32,
  "snr": 4.727255477973132,
  "spacing_tr": 2.5,
  "spacing_x": 4.0,
  "spacing_y": 4.0,
  "spacing_z": 3.999999761581421,
  "summary_bg_k": 63.623053410808964,
  "summary_bg_mad": 2.2852139472961426,
  "summary_bg_mean": 13.961883544921875,
  "summary_bg_median": 3.3684210777282715,
  "summary_bg_n": 82871.0,
  "summary_bg_p05": 1.3984962701797485,
  "summary_bg_p95": 70.83834838867188,
  "summary_bg_stdv": 31.87429428100586,
  "summary_fg_k": 3.0525795525268524,
  "summary_fg_mad": 104.48997497558594,
  "summary_fg_mean": 648.864990234375,
  "summary_fg_median": 661.056396484375,
  "summary_fg_n": 21664.0,
  "summary_fg_p05": 380.0323486328125,
  "summary_fg_p95": 835.8034027099608,
  "summary_fg_stdv": 139.8361358642578,
  "tsnr": 88.81564331054688
}