{
  "bids_meta": {
    "EchoTime": 0.03,
    "FlipAngle": 8,
    "MagneticFieldStrength": 3.0,
    "Manufacturer": "Siemens",
    "ManufacturersModelName": "MAGNETOM Trio",
    "ReceiveCoilName": "Siemens 12 channel Head Matrix Coil (Erlangen, Germany)",
    "RepetitionTime": 2.4,
    "modality": "T1w",
    "subject_id": "102"
  },
  "cjv": 0.3953667730598505,
  "cnr": 3.3369414276789735,
  "efc": 0.5677136638047434,
  "fber": 1565.76904296875,
  "fwhm_avg": 3.3831000674901444,
  "fwhm_x": 3.3968902024704337,
  "fwhm_y": 3.5873,
  "fwhm_z": 3.16511,
  "icvs_csf": 0.1941509476836003,
  "icvs_gm": 0.4299930257618569,
  "icvs_wm": 0.3758560265545428,
  "inu_med": 1.103576898574829,
  "inu_range": 0.3558401107788085,
  "provenance": {
    "md5sum": "aa5286a45a213c05bc320bea4b69dc26",
    "mriqc_pred": 0,
    "settings": {
      "testing": false
    },
    "software": "mriqc",
    "version": "0.9.6",
    "warnings": {
      "large_rot_frame": true,
      "small_air_mask": false
    }
  },
  "qi_1": 0.0,
  "qi_2": 0.0026485969656855515,
  "rpve_csf": 25.930659002407168,
  "rpve_gm": 12.792716844070815,
  "rpve_wm": 17.759826478059455,
  "size_x": 176,
  "size_y": 256,
  "size_z": 256,
  "snr_csf": 2.150968467709722,
  "snr_gm": 8.804945713616485,
  "snr_total": 10.088440629332203,
  "snr_wm": 19.3094077066704,
  "snrd_csf": 17.64260905843722,
  "snrd_gm": 42.31463593173913,
  "snrd_total": 40.575336502445055,
  "snrd_wm": 61.76876451715881,
  "spacing_x": 0.9999999403953552,
  "spacing_y": 1.0,
  "spacing_z": 1.0,
  "summary_bg_k": 5.247502768775519,
  "summary_bg_mad": 10.606168746948242,
  "summary_bg_mean": 17.13079261779785,
  "summary_bg_median": 13.873967170715332,
  "summary_bg_n": 3810110.0,
  "summary_bg_p05": 2.849687719345094,
  "summary_bg_p95": 41.83887901306152,
  "summary_bg_stdv": 13.159939765930176,
  "summary_csf_k": -0.7578018483225764,
  "summary_csf_mad": 145.17941284179688,
  "summary_csf_mean": 318.68890380859375,
  "summary_csf_median": 285.62066650390625,
  "summary_csf_n": 6231.0,
  "summary_csf_p05": 146.4593048095703,
  "summary_csf_p95": 548.3219909667969,
  "summary_csf_stdv": 132.77635192871094,
  "summary_gm_k": 0.03336507691876678,
  "summary_gm_mad": 75.57864379882812,
  "summary_gm_mean": 687.74169921875,
  "summary_gm_median": 685.0423583984375,
  "summary_gm_n": 20616.0,
  "summary_gm_p05": 563.3236694335938,
  "summary_gm_p95": 821.9972381591797,
  "summary_gm_stdv": 77.80010986328125,
  "summary_wm_k": 0.5115338113722303,
  "summary_wm_mad": 48.94125747680664,
  "summary_wm_mean": 999.1980590820312,
  "summary_wm_median": 999.9901733398438,
  "summary_wm_n": 214035.0,
  "summary_wm_p05": 912.84814453125,
  "summary_wm_p95": 1082.6310546875,
  "summary_wm_stdv": 51.78759765625,
  "tpm_overlap_csf": 0.21758493781089783,
  "tpm_overlap_gm": 0.5065751075744629,
  "tpm_overlap_wm": 0.5719236135482788,
  "wm2max": 0.5853596279469108
}