{
  "bids_meta": {
    "EchoTime": 0.03,
    "FlipAngle": 8,
    "MagneticFieldStrength": 3.0,
    "Manufacturer": "Siemens",
    "ManufacturersModelName": "MAGNETOM Trio",
    "ReceiveCoilName": "Siemens 12 channel Head Matrix Coil (Erlangen, Germany)",
    "RepetitionTime": 2.4,
    "modality": "T1w",
    "subject_id": "072"
  },
  "cjv": 0.4892780356903593,
  "cnr": 2.7325572690630158,
  "efc": 0.5597692008381034,
  "fber": 1945.537841796875,
  "fwhm_avg": 3.6339233333333336,
  "fwhm_x": 3.68574,
  "fwhm_y": 3.82931,
  "fwhm_z": 3.38672,
  "icvs_csf": 0.209616023739493,
  "icvs_gm": 0.3935912075446896,
  "icvs_wm": 0.39679276871581737,
  "inu_med": 1.065725326538086,
  "inu_range": 0.4730877399444581,
  "provenance": {
    "md5sum": "52e3c77c6de5a79ce03a4ce7a4c1ea29",
    "mriqc_pred": 0,
    "settings": {
      "testing": false
    },
    "software": "mriqc",
    "version": "0.9.6",
    "warnings": {
      "large_rot_frame": true,
      "small_air_mask": false
    }
  },
  "qi_1": 0.0,
  "qi_2": 0.004190124762834786,
  "rpve_csf": 33.67616952573158,
  "rpve_gm": 18.002496008122602,
  "rpve_wm": 21.518064566055745,
  "size_x": 256,
  "size_y": 256,
  "size_z": 256,
  "snr_csf": 3.3373750302854126,
  "snr_gm": 10.808896745559705,
  "snr_total": 10.770886163472058,
  "snr_wm": 18.16638671457106,
  "snrd_csf": 19.86811598126004,
  "snrd_gm": 41.0131903685822,
  "snrd_total": 38.42472236091118,
  "snrd_wm": 54.3928607328913,
  "spacing_x": 1.0,
  "spacing_y": 1.0,
  "spacing_z": 1.0,
  "summary_bg_k": 21.786124965793423,
  "summary_bg_mad": 12.044675827026367,
  "summary_bg_mean": 18.470823287963867,
  "summary_bg_median": 15.32716178894043,
  "summary_bg_n": 4508717.0,
  "summary_bg_p05": 3.1585586071014404,
  "summary_bg_p95": 45.679499053955084,
  "summary_bg_stdv": 14.401599884033203,
  "summary_csf_k": 1.1438007456387984,
  "summary_csf_mad": 96.25064849853516,
  "summary_csf_mean": 380.5454406738281,
  "summary_csf_median": 365.2751159667969,
  "summary_csf_n": 28856.0,
  "summary_csf_p05": 231.3482437133789,
  "summary_csf_p95": 586.9423217773438,
  "summary_csf_stdv": 109.44792938232422,
  "summary_gm_k": 0.08330225000555735,
  "summary_gm_mad": 67.53966522216797,
  "summary_gm_mean": 755.4314575195312,
  "summary_gm_median": 754.027099609375,
  "summary_gm_n": 11399.0,
  "summary_gm_p05": 641.6567138671875,
  "summary_gm_p95": 874.1689636230469,
  "summary_gm_stdv": 69.75679779052734,
  "summary_wm_k": 0.3282549711211251,
  "summary_wm_mad": 52.81544494628906,
  "summary_wm_mean": 1000.9346923828125,
  "summary_wm_median": 1000.01220703125,
  "summary_wm_n": 253382.0,
  "summary_wm_p05": 912.0352233886719,
  "summary_wm_p95": 1092.827966308594,
  "summary_wm_stdv": 55.04728317260742,
  "tpm_overlap_csf": 0.23951807618141174,
  "tpm_overlap_gm": 0.4853487014770508,
  "tpm_overlap_wm": 0.5633056163787842,
  "wm2max": 0.545339573024527
}