{
  "aor": 0.0012226923076923074,
  "aqi": 0.0025231847692307693,
  "bids_meta": {
    "EchoTime": 0.027,
    "FlipAngle": 90,
    "MagneticFieldStrength": 3.0,
    "Manufacturer": "Siemens",
    "ManufacturersModelName": "MAGNETOM Trio",
    "ReceiveCoilName": "Siemens 12 channel Head Matrix Coil (Erlangen, Germany)",
    "RepetitionTime": 2.5,
    "TaskName": "rest",
    "modality": "bold",
    "run_id": "2",
    "subject_id": "020",
    "task_id": "rest"
  },
  "dummy_trs": 0,
  "dvars_nstd": 19.609202192945737,
  "dvars_std": 1.346577320465116,
  "dvars_vstd": 1.0170725307751938,
  "efc": 0.44404805855587476,
  "fber": 33031.171875,
  "fd_mean": 0.0738017760192264,
  "fd_num": 0,
  "fd_perc": 0.0,
  "fwhm_avg": 2.562173522164867,
  "fwhm_x": 2.35087,
  "fwhm_y": 2.9596,
  "fwhm_z": 2.3760505664946003,
  "gcor": 0.130305,
  "gsr_x": -0.006534264422953129,
  "gsr_y": 0.0181310772895813,
  "provenance": {
    "md5sum": "2a386314f74aa866d7b4bf003dd85bb8",
    "settings": {
      "fd_thres": 0.2,
      "hmc_fsl": false
    },
    "software": "mriqc",
    "version": "0.9.6"
  },
  "size_t": 130,
  "size_x": 64,
  "size_y": 64,
  "size_z": 32,
  "snr": 4.91017754809933,
  "spacing_tr": 2.5,
  "spacing_x": 4.0,
  "spacing_y": 4.0,
  "spacing_z": 3.9999990463256836,
  "summary_bg_k": 23.55601134671086,
  "summary_bg_mad": 2.668684244155884,
  "summary_bg_mean": 19.674131393432617,
  "summary_bg_median": 3.700000047683716,
  "summary_bg_n": 81168.0,
  "summary_bg_p05": 1.4923076629638672,
  "summary_bg_p95": 113.32807807922359,
  "summary_bg_stdv": 46.28471374511719,
  "summary_fg_k": 4.020638520097278,
  "summary_fg_mad": 101.33587646484375,
  "summary_fg_mean": 686.722412109375,
  "summary_fg_median": 704.046142578125,
  "summary_fg_n": 22392.0,
  "summary_fg_p05": 412.0950103759766,
  "summary_fg_p95": 868.76845703125,
  "summary_fg_stdv": 143.38186645507812,
  "tsnr": 100.19515228271484
}