{
  "bids_meta": {
    "EchoTime": 0.03,
    "FlipAngle": 8,
    "MagneticFieldStrength": 3.0,
    "Manufacturer": "Siemens",
    "ManufacturersModelName": "MAGNETOM Trio",
    "ReceiveCoilName": "Siemens 12 channel Head Matrix Coil (Erlangen, Germany)",
    "RepetitionTime": 2.4,
    "modality": "T1w",
    "subject_id": "073"
  },
  "cjv": 0.42684310644708073,
  "cnr": 3.1591938382396854,
  "efc": 0.5488980489466612,
  "fber": 2072.572509765625,
  "fwhm_avg": 3.4997867366490802,
  "fwhm_x": 3.522330209947241,
  "fwhm_y": 3.67922,
  "fwhm_z": 3.29781,
  "icvs_csf": 0.18576523850115811,
  "icvs_gm": 0.4259563699600871,
  "icvs_wm": 0.38827839153875476,
  "inu_med": 1.075352430343628,
  "inu_range": 0.3622263997793196,
  "provenance": {
    "md5sum": "a861ab5078452c38e33fa4d044c63851",
    "mriqc_pred": 0,
    "settings": {
      "testing": false
    },
    "software": "mriqc",
    "version": "0.9.6",
    "warnings": {
      "large_rot_frame": true,
      "small_air_mask": false
    }
  },
  "qi_1": 0.0,
  "qi_2": 0.004479244294272259,
  "rpve_csf": 44.785655108065285,
  "rpve_gm": 21.184494291279155,
  "rpve_wm": 27.288161041982537,
  "size_x": 256,
  "size_y": 256,
  "size_z": 256,
  "snr_csf": 3.029652786766243,
  "snr_gm": 11.102483876343323,
  "snr_total": 11.84542730761997,
  "snr_wm": 21.40414525975034,
  "snrd_csf": 22.530318626555857,
  "snrd_gm": 48.30751592350827,
  "snrd_total": 45.37164997135245,
  "snrd_wm": 65.27711536399323,
  "spacing_x": 0.9999999403953552,
  "spacing_y": 1.0,
  "spacing_z": 1.0,
  "summary_bg_k": 4.451345077386628,
  "summary_bg_mad": 10.036099433898926,
  "summary_bg_mean": 16.00153350830078,
  "summary_bg_median": 13.101625442504883,
  "summary_bg_n": 3654752.0,
  "summary_bg_p05": 2.7286900997161867,
  "summary_bg_p95": 38.85647087097161,
  "summary_bg_stdv": 12.07632827758789,
  "summary_csf_k": 1.799421995533617,
  "summary_csf_mad": 103.66374969482422,
  "summary_csf_mean": 373.9159240722656,
  "summary_csf_median": 345.1441955566406,
  "summary_csf_n": 16255.0,
  "summary_csf_p05": 233.03117523193362,
  "summary_csf_p95": 583.5029846191405,
  "summary_csf_stdv": 113.91852569580078,
  "summary_gm_k": -0.030541259112040642,
  "summary_gm_mad": 66.38002014160156,
  "summary_gm_mean": 742.118408203125,
  "summary_gm_median": 740.0276489257812,
  "summary_gm_n": 18445.0,
  "summary_gm_p05": 634.5564575195312,
  "summary_gm_p95": 854.2705200195312,
  "summary_gm_stdv": 66.65243530273438,
  "summary_wm_k": 0.4069488512533481,
  "summary_wm_mad": 44.58168029785156,
  "summary_wm_mean": 999.7291259765625,
  "summary_wm_median": 999.9866333007812,
  "summary_wm_n": 207139.0,
  "summary_wm_p05": 922.6266235351562,
  "summary_wm_p95": 1075.9683593749999,
  "summary_wm_stdv": 46.71918487548828,
  "tpm_overlap_csf": 0.2525056004524231,
  "tpm_overlap_gm": 0.5234962701797485,
  "tpm_overlap_wm": 0.5764666795730591,
  "wm2max": 0.6202359244468876
}