{
  "aor": 0.0016471969696969697,
  "aqi": 0.0017862542424242425,
  "bids_meta": {
    "EchoTime": 0.027,
    "FlipAngle": 90,
    "MagneticFieldStrength": 3.0,
    "Manufacturer": "Siemens",
    "ManufacturersModelName": "MAGNETOM Trio",
    "ReceiveCoilName": "Siemens 12 channel Head Matrix Coil (Erlangen, Germany)",
    "RepetitionTime": 2.5,
    "TaskName": "rest",
    "modality": "bold",
    "run_id": "1",
    "subject_id": "114",
    "task_id": "rest"
  },
  "dummy_trs": 0,
  "dvars_nstd": 16.96180588244274,
  "dvars_std": 1.269309694351145,
  "dvars_vstd": 0.9972563323664124,
  "efc": 0.421639666720123,
  "fber": 35871.32421875,
  "fd_mean": 0.1256155639642057,
  "fd_num": 15,
  "fd_perc": 11.363636363636363,
  "fwhm_avg": 2.6741376488095785,
  "fwhm_x": 2.4466525,
  "fwhm_y": 3.07915,
  "fwhm_z": 2.496610446428736,
  "gcor": 0.0159527,
  "gsr_x": -0.01444045640528202,
  "gsr_y": 0.020911438390612602,
  "provenance": {
    "md5sum": "c3c5b4da293a5aa40403db4f83571e78",
    "settings": {
      "fd_thres": 0.2,
      "hmc_fsl": false
    },
    "software": "mriqc",
    "version": "0.9.6"
  },
  "size_t": 132,
  "size_x": 64,
  "size_y": 64,
  "size_z": 32,
  "snr": 4.218909178105524,
  "spacing_tr": 2.5,
  "spacing_x": 4.0,
  "spacing_y": 4.0,
  "spacing_z": 3.9999992847442627,
  "summary_bg_k": 29.72642071265342,
  "summary_bg_mad": 2.9652044773101807,
  "summary_bg_mean": 22.48631477355957,
  "summary_bg_median": 4.454545497894287,
  "summary_bg_n": 84091.0,
  "summary_bg_p05": 1.8181818723678589,
  "summary_bg_p95": 124.1098518371582,
  "summary_bg_stdv": 56.19795227050781,
  "summary_fg_k": 2.3562021427443858,
  "summary_fg_mad": 143.91358947753906,
  "summary_fg_mean": 845.4780883789062,
  "summary_fg_median": 882.3106079101562,
  "summary_fg_n": 20514.0,
  "summary_fg_p05": 386.99432830810554,
  "summary_fg_p95": 1101.1924804687499,
  "summary_fg_stdv": 209.12730407714844,
  "tsnr": 109.88744354248047
}