{
  "aor": 0.001686287878787879,
  "aqi": 0.0026983572727272724,
  "bids_meta": {
    "EchoTime": 0.027,
    "FlipAngle": 90,
    "MagneticFieldStrength": 3.0,
    "Manufacturer": "Siemens",
    "ManufacturersModelName": "MAGNETOM Trio",
    "ReceiveCoilName": "Siemens 12 channel Head Matrix Coil (Erlangen, Germany)",
    "RepetitionTime": 2.5,
    "TaskName": "rest",
    "modality": "bold",
    "run_id": "1",
    "subject_id": "120",
    "task_id": "rest"
  },
  "dummy_trs": 0,
  "dvars_nstd": 16.310724484732823,
  "dvars_std": 1.3813611385496183,
  "dvars_vstd": 0.9982588879389314,
  "efc": 0.39115109933066267,
  "fber": 48858.296875,
  "fd_mean": 0.05041618474447761,
  "fd_num": 0,
  "fd_perc": 0.0,
  "fwhm_avg": 2.5436231403448644,
  "fwhm_x": 2.3579125,
  "fwhm_y": 2.8446,
  "fwhm_z": 2.4283569210345934,
  "gcor": 0.0349704,
  "gsr_x": -0.013147512450814247,
  "gsr_y": 0.008408930152654648,
  "provenance": {
    "md5sum": "3e0f0ea491263b020328b33548b668b4",
    "settings": {
      "fd_thres": 0.2,
      "hmc_fsl": false
    },
    "software": "mriqc",
    "version": "0.9.6"
  },
  "size_t": 132,
  "size_x": 64,
  "size_y": 64,
  "size_z": 32,
  "snr": 5.177590514818018,
  "spacing_tr": 2.5,
  "spacing_x": 4.0,
  "spacing_y": 4.0,
  "spacing_z": 4.000000953674316,
  "summary_bg_k": 51.722639680729934,
  "summary_bg_mad": 2.471003770828247,
  "summary_bg_mean": 15.000843048095703,
  "summary_bg_median": 3.89393949508667,
  "summary_bg_n": 86547.0,
  "summary_bg_p05": 1.6363637447357178,
  "summary_bg_p95": 69.95833435058583,
  "summary_bg_stdv": 38.505348205566406,
  "summary_fg_k": 4.680254507494497,
  "summary_fg_mad": 119.46739196777344,
  "summary_fg_mean": 873.6342163085938,
  "summary_fg_median": 892.8409423828125,
  "summary_fg_n": 18528.0,
  "summary_fg_p05": 548.7503814697266,
  "summary_fg_p95": 1090.5492736816404,
  "summary_fg_stdv": 172.4386749267578,
  "tsnr": 122.19136047363281
}