{
  "aor": 0.0029693939393939397,
  "aqi": 0.0037763295454545454,
  "bids_meta": {
    "EchoTime": 0.027,
    "FlipAngle": 90,
    "MagneticFieldStrength": 3.0,
    "Manufacturer": "Siemens",
    "ManufacturersModelName": "MAGNETOM Trio",
    "ReceiveCoilName": "Siemens 12 channel Head Matrix Coil (Erlangen, Germany)",
    "RepetitionTime": 2.5,
    "TaskName": "rest",
    "modality": "bold",
    "run_id": "2",
    "subject_id": "103",
    "task_id": "rest"
  },
  "dummy_trs": 0,
  "dvars_nstd": 17.66518405007633,
  "dvars_std": 1.32177410259542,
  "dvars_vstd": 1.003316269770992,
  "efc": 0.39085989321909087,
  "fber": 51070.99609375,
  "fd_mean": 0.1565710640681048,
  "fd_num": 34,
  "fd_perc": 25.757575757575758,
  "fwhm_avg": 2.412182084058846,
  "fwhm_x": 2.145845,
  "fwhm_y": 2.756475,
  "fwhm_z": 2.3342262521765393,
  "gcor": 0.0196401,
  "gsr_x": -0.017095884308218956,
  "gsr_y": 0.01737673394382,
  "provenance": {
    "md5sum": "34423571a7456d71398c8f75c2a8fb47",
    "settings": {
      "fd_thres": 0.2,
      "hmc_fsl": false
    },
    "software": "mriqc",
    "version": "0.9.6"
  },
  "size_t": 132,
  "size_x": 64,
  "size_y": 64,
  "size_z": 32,
  "snr": 5.198592636985127,
  "spacing_tr": 2.5,
  "spacing_x": 4.0,
  "spacing_y": 4.0,
  "spacing_z": 3.999997854232788,
  "summary_bg_k": 81.89718504113841,
  "summary_bg_mad": 1.8083252906799316,
  "summary_bg_mean": 9.827570915222168,
  "summary_bg_median": 2.757575750350952,
  "summary_bg_n": 86190.0,
  "summary_bg_p05": 1.0,
  "summary_bg_p95": 44.042046737670915,
  "summary_bg_stdv": 24.717365264892578,
  "summary_fg_k": 4.0896369593843,
  "summary_fg_mad": 97.5821762084961,
  "summary_fg_mean": 640.7156982421875,
  "summary_fg_median": 649.8560791015625,
  "summary_fg_n": 18929.0,
  "summary_fg_p05": 428.8985046386719,
  "summary_fg_p95": 809.0590942382812,
  "summary_fg_stdv": 125.00285339355469,
  "tsnr": 98.13619995117188
}