{
  "bids_meta": {
    "EchoTime": 0.03,
    "FlipAngle": 8,
    "MagneticFieldStrength": 3.0,
    "Manufacturer": "Siemens",
    "ManufacturersModelName": "MAGNETOM Trio",
    "ReceiveCoilName": "Siemens 12 channel Head Matrix Coil (Erlangen, Germany)",
    "RepetitionTime": 2.4,
    "modality": "T1w",
    "subject_id": "099"
  },
  "cjv": 0.3829795585657645,
  "cnr": 3.3836233939275013,
  "efc": 0.5980707368843294,
  "fber": 1580.0115966796875,
  "fwhm_avg": 3.312616666666667,
  "fwhm_x": 3.3942,
  "fwhm_y": 3.48134,
  "fwhm_z": 3.06231,
  "icvs_csf": 0.18227532057402349,
  "icvs_gm": 0.42548215805945566,
  "icvs_wm": 0.3922425213665208,
  "inu_med": 1.1568065881729126,
  "inu_range": 0.4351126194000241,
  "provenance": {
    "md5sum": "d167c8eeef2ef6ccebcfa077f628cfe1",
    "mriqc_pred": 0,
    "settings": {
      "testing": false
    },
    "software": "mriqc",
    "version": "0.9.6",
    "warnings": {
      "large_rot_frame": true,
      "small_air_mask": false
    }
  },
  "qi_1": 0.0,
  "qi_2": 0.006921463034136685,
  "rpve_csf": 23.968265384002482,
  "rpve_gm": 11.21206195483786,
  "rpve_wm": 14.76151825841972,
  "size_x": 176,
  "size_y": 256,
  "size_z": 256,
  "snr_csf": 2.27511843603275,
  "snr_gm": 8.833180466470367,
  "snr_total": 9.750604145414554,
  "snr_wm": 18.14351353374055,
  "snrd_csf": 20.04625485947921,
  "snrd_gm": 42.266939846250104,
  "snrd_total": 41.56837828813166,
  "snrd_wm": 62.391940158665676,
  "spacing_x": 1.0,
  "spacing_y": 1.0,
  "spacing_z": 1.0,
  "summary_bg_k": 4.5700270132237435,
  "summary_bg_mad": 10.500133514404297,
  "summary_bg_mean": 17.01957893371582,
  "summary_bg_median": 13.991455078125,
  "summary_bg_n": 3669638.0,
  "summary_bg_p05": 3.0426324009895325,
  "summary_bg_p95": 41.67021312713621,
  "summary_bg_stdv": 12.974506378173828,
  "summary_csf_k": -0.7890125480825492,
  "summary_csf_mad": 169.17666625976562,
  "summary_csf_mean": 338.7260437011719,
  "summary_csf_median": 321.28936767578125,
  "summary_csf_n": 8576.0,
  "summary_csf_p05": 135.9875373840332,
  "summary_csf_p95": 568.6573944091797,
  "summary_csf_stdv": 141.21051025390625,
  "summary_gm_k": 0.4220031339776269,
  "summary_gm_mad": 71.52316284179688,
  "summary_gm_mean": 679.8046875,
  "summary_gm_median": 677.42919921875,
  "summary_gm_n": 20391.0,
  "summary_gm_p05": 557.3880310058594,
  "summary_gm_p95": 812.4046020507812,
  "summary_gm_stdv": 76.68954467773438,
  "summary_wm_k": 0.542875421306861,
  "summary_wm_mad": 52.007450103759766,
  "summary_wm_mean": 999.0498046875,
  "summary_wm_median": 999.9806518554688,
  "summary_wm_n": 261615.0,
  "summary_wm_p05": 907.2485290527343,
  "summary_wm_p95": 1087.4522827148437,
  "summary_wm_stdv": 55.11494445800781,
  "tpm_overlap_csf": 0.2190566509962082,
  "tpm_overlap_gm": 0.5084235668182373,
  "tpm_overlap_wm": 0.5700636506080627,
  "wm2max": 0.548193801184802
}