{
  "bids_meta": {
    "EchoTime": 0.03,
    "FlipAngle": 8,
    "MagneticFieldStrength": 3.0,
    "Manufacturer": "Siemens",
    "ManufacturersModelName": "MAGNETOM Trio",
    "ReceiveCoilName": "Siemens 12 channel Head Matrix Coil (Erlangen, Germany)",
    "RepetitionTime": 2.4,
    "modality": "T1w",
    "subject_id": "054"
  },
  "cjv": 0.3761406372157408,
  "cnr": 3.414689866759636,
  "efc": 0.5481281573873129,
  "fber": 1934.07568359375,
  "fwhm_avg": 3.1817833333333336,
  "fwhm_x": 3.24212,
  "fwhm_y": 3.3694,
  "fwhm_z": 2.93383,
  "icvs_csf": 0.19598821780712083,
  "icvs_gm": 0.4263987466756589,
  "icvs_wm": 0.37761303551722025,
  "inu_med": 1.0831996202468872,
  "inu_range": 0.3583443522453307,
  "provenance": {
    "md5sum": "311373ede3672f2a28049ff9b55983ec",
    "mriqc_pred": 0,
    "settings": {
      "testing": false
    },
    "software": "mriqc",
    "version": "0.9.6",
    "warnings": {
      "large_rot_frame": true,
      "small_air_mask": false
    }
  },
  "qi_1": 0.0,
  "qi_2": 0.009036645982377908,
  "rpve_csf": 28.2926069577212,
  "rpve_gm": 13.965865970686842,
  "rpve_wm": 19.43722078393275,
  "size_x": 176,
  "size_y": 256,
  "size_z": 256,
  "snr_csf": 2.2280918573687063,
  "snr_gm": 9.28384869034941,
  "snr_total": 10.035372356265666,
  "snr_wm": 18.59417652107888,
  "snrd_csf": 20.023782385211288,
  "snrd_gm": 42.23531692588683,
  "snrd_total": 41.28945005881335,
  "snrd_wm": 61.60925086534194,
  "spacing_x": 1.0,
  "spacing_y": 1.0,
  "spacing_z": 1.0,
  "summary_bg_k": 4.116175159499146,
  "summary_bg_mad": 10.633681297302246,
  "summary_bg_mean": 15.740553855895996,
  "summary_bg_median": 13.252821922302246,
  "summary_bg_n": 3742305.0,
  "summary_bg_p05": 2.7932250976562503,
  "summary_bg_p95": 37.790386962890615,
  "summary_bg_stdv": 11.677502632141113,
  "summary_csf_k": -0.011035154648747714,
  "summary_csf_mad": 180.6328125,
  "summary_csf_mean": 335.63250732421875,
  "summary_csf_median": 325.010986328125,
  "summary_csf_n": 4537.0,
  "summary_csf_p05": 131.4634552001953,
  "summary_csf_p95": 567.5977661132812,
  "summary_csf_stdv": 145.85357666015625,
  "summary_gm_k": 0.5083956753025358,
  "summary_gm_mad": 67.22077178955078,
  "summary_gm_mean": 685.8388671875,
  "summary_gm_median": 685.5319213867188,
  "summary_gm_n": 14299.0,
  "summary_gm_p05": 563.4963134765625,
  "summary_gm_p95": 808.738720703125,
  "summary_gm_stdv": 73.8387680053711,
  "summary_wm_k": 0.4664061146467695,
  "summary_wm_mad": 51.06159210205078,
  "summary_wm_mean": 999.1080322265625,
  "summary_wm_median": 999.9950561523438,
  "summary_wm_n": 191844.0,
  "summary_wm_p05": 909.3484771728515,
  "summary_wm_p95": 1085.27890625,
  "summary_wm_stdv": 53.77987289428711,
  "tpm_overlap_csf": 0.20817749202251434,
  "tpm_overlap_gm": 0.5012088418006897,
  "tpm_overlap_wm": 0.5630461573600769,
  "wm2max": 0.5776350742106354
}