{
  "bids_meta": {
    "EchoTime": 0.03,
    "FlipAngle": 8,
    "MagneticFieldStrength": 3.0,
    "Manufacturer": "Siemens",
    "ManufacturersModelName": "MAGNETOM Trio",
    "ReceiveCoilName": "Siemens 12 channel Head Matrix Coil (Erlangen, Germany)",
    "RepetitionTime": 2.4,
    "modality": "T1w",
    "subject_id": "036"
  },
  "cjv": 0.37282766354622077,
  "cnr": 3.5740651146321287,
  "efc": 0.5340638663445991,
  "fber": 1476.0186767578125,
  "fwhm_avg": 3.2289599999999994,
  "fwhm_x": 3.26175,
  "fwhm_y": 3.39057,
  "fwhm_z": 3.03456,
  "icvs_csf": 0.1788443157097815,
  "icvs_gm": 0.4507241077390168,
  "icvs_wm": 0.37043157655120174,
  "inu_med": 1.1063945293426514,
  "inu_range": 0.36221953034400944,
  "provenance": {
    "md5sum": "9eb463a74a23009cc8b37e1b4a8e6231",
    "mriqc_pred": 0,
    "settings": {
      "testing": false
    },
    "software": "mriqc",
    "version": "0.9.6",
    "warnings": {
      "large_rot_frame": true,
      "small_air_mask": false
    }
  },
  "qi_1": 0.0,
  "qi_2": 0.02326590883008017,
  "rpve_csf": 33.336797012685615,
  "rpve_gm": 14.801616714274395,
  "rpve_wm": 20.980234564715744,
  "size_x": 176,
  "size_y": 256,
  "size_z": 256,
  "snr_csf": 2.161651318785662,
  "snr_gm": 9.687563616996064,
  "snr_total": 10.156331522165699,
  "snr_wm": 18.61977963071537,
  "snrd_csf": 17.351765839670776,
  "snrd_gm": 40.351339309834145,
  "snrd_total": 38.99369244465405,
  "snrd_wm": 59.277972184457234,
  "spacing_x": 1.0,
  "spacing_y": 1.0,
  "spacing_z": 1.0,
  "summary_bg_k": 3.2513298268218787,
  "summary_bg_mad": 11.051738739013672,
  "summary_bg_mean": 17.45815086364746,
  "summary_bg_median": 14.6915922164917,
  "summary_bg_n": 3446217.0,
  "summary_bg_p05": 3.163632869720459,
  "summary_bg_p95": 41.2044723510742,
  "summary_bg_stdv": 12.617035865783691,
  "summary_csf_k": 0.29286926392813983,
  "summary_csf_mad": 154.5431671142578,
  "summary_csf_mean": 318.0856018066406,
  "summary_csf_median": 292.71337890625,
  "summary_csf_n": 8512.0,
  "summary_csf_p05": 135.93903427124025,
  "summary_csf_p95": 541.0778594970702,
  "summary_csf_stdv": 135.4039764404297,
  "summary_gm_k": 0.14448239551040842,
  "summary_gm_mad": 67.931396484375,
  "summary_gm_mean": 680.9378662109375,
  "summary_gm_median": 680.7017211914062,
  "summary_gm_n": 13135.0,
  "summary_gm_p05": 565.6459777832031,
  "summary_gm_p95": 799.5428894042968,
  "summary_gm_stdv": 70.26284790039062,
  "summary_wm_k": 0.4728751880064306,
  "summary_wm_mad": 51.105167388916016,
  "summary_wm_mean": 999.4945678710938,
  "summary_wm_median": 999.9821166992188,
  "summary_wm_n": 167671.0,
  "summary_wm_p05": 910.9670104980469,
  "summary_wm_p95": 1086.805908203125,
  "summary_wm_stdv": 53.70520782470703,
  "tpm_overlap_csf": 0.2364196628332138,
  "tpm_overlap_gm": 0.523080587387085,
  "tpm_overlap_wm": 0.5605642795562744,
  "wm2max": 0.5569051078217447
}