{
  "bids_meta": {
    "EchoTime": 0.03,
    "FlipAngle": 8,
    "MagneticFieldStrength": 3.0,
    "Manufacturer": "Siemens",
    "ManufacturersModelName": "MAGNETOM Trio",
    "ReceiveCoilName": "Siemens 12 channel Head Matrix Coil (Erlangen, Germany)",
    "RepetitionTime": 2.4,
    "modality": "T1w",
    "subject_id": "020"
  },
  "cjv": 0.3687198672302999,
  "cnr": 3.5570698328218735,
  "efc": 0.5910460313824588,
  "fber": 1280.642578125,
  "fwhm_avg": 3.271496666666667,
  "fwhm_x": 3.29423,
  "fwhm_y": 3.4658,
  "fwhm_z": 3.05446,
  "icvs_csf": 0.1763382434584938,
  "icvs_gm": 0.44780347817819305,
  "icvs_wm": 0.37585827836331315,
  "inu_med": 1.047966718673706,
  "inu_range": 0.43126518130302427,
  "provenance": {
    "md5sum": "52bc83cbf298acc92fa65e7509bc84d3",
    "mriqc_pred": 0,
    "settings": {
      "testing": false
    },
    "software": "mriqc",
    "version": "0.9.6",
    "warnings": {
      "large_rot_frame": true,
      "small_air_mask": false
    }
  },
  "qi_1": 0.0,
  "qi_2": 0.02081562639735479,
  "rpve_csf": 25.226064879863948,
  "rpve_gm": 11.349706184273787,
  "rpve_wm": 16.039764800797816,
  "size_x": 176,
  "size_y": 256,
  "size_z": 256,
  "snr_csf": 1.9540454659791875,
  "snr_gm": 8.581379662006993,
  "snr_total": 9.058340555891933,
  "snr_wm": 16.639596539689617,
  "snrd_csf": 16.581691402040644,
  "snrd_gm": 36.89449474519104,
  "snrd_total": 36.685416340121016,
  "snrd_wm": 56.580062873131354,
  "spacing_x": 1.0,
  "spacing_y": 1.0,
  "spacing_z": 1.0,
  "summary_bg_k": 3.7916476834347126,
  "summary_bg_mad": 11.578943252563477,
  "summary_bg_mean": 17.98941421508789,
  "summary_bg_median": 15.46716022491455,
  "summary_bg_n": 3735137.0,
  "summary_bg_p05": 2.896855401992799,
  "summary_bg_p95": 43.72372436523436,
  "summary_bg_stdv": 13.477298736572266,
  "summary_csf_k": -0.5912445543406242,
  "summary_csf_mad": 170.9071502685547,
  "summary_csf_mean": 314.7590026855469,
  "summary_csf_median": 293.06640625,
  "summary_csf_n": 5903.0,
  "summary_csf_p05": 109.66062545776369,
  "summary_csf_p95": 572.0247436523438,
  "summary_csf_stdv": 149.96661376953125,
  "summary_gm_k": 0.5239819641931907,
  "summary_gm_mad": 70.4041519165039,
  "summary_gm_mean": 654.8296508789062,
  "summary_gm_median": 652.0768432617188,
  "summary_gm_n": 25377.0,
  "summary_gm_p05": 534.356982421875,
  "summary_gm_p95": 786.2425537109368,
  "summary_gm_stdv": 75.98591613769531,
  "summary_wm_k": 0.35845485541957656,
  "summary_wm_mad": 57.882568359375,
  "summary_wm_mean": 998.7101440429688,
  "summary_wm_median": 1000.00146484375,
  "summary_wm_n": 237157.0,
  "summary_wm_p05": 897.9974365234375,
  "summary_wm_p95": 1095.017041015625,
  "summary_wm_stdv": 60.097572326660156,
  "tpm_overlap_csf": 0.21090969443321228,
  "tpm_overlap_gm": 0.5077129006385803,
  "tpm_overlap_wm": 0.5439428091049194,
  "wm2max": 0.5623575299476712
}