{
  "aor": 0.010084621212121213,
  "aqi": 0.010803889090909092,
  "bids_meta": {
    "EchoTime": 0.027,
    "FlipAngle": 90,
    "MagneticFieldStrength": 3.0,
    "Manufacturer": "Siemens",
    "ManufacturersModelName": "MAGNETOM Trio",
    "ReceiveCoilName": "Siemens 12 channel Head Matrix Coil (Erlangen, Germany)",
    "RepetitionTime": 2.5,
    "TaskName": "rest",
    "modality": "bold",
    "run_id": "2",
    "subject_id": "112",
    "task_id": "rest"
  },
  "dummy_trs": 0,
  "dvars_nstd": 17.186160247709914,
  "dvars_std": 1.036724316335878,
  "dvars_vstd": 0.9272122525954201,
  "efc": 0.3823352542153435,
  "fber": 39682.203125,
  "fd_mean": 0.20713577489543103,
  "fd_num": 45,
  "fd_perc": 34.09090909090909,
  "fwhm_avg": 2.5451734775602084,
  "fwhm_x": 2.304645,
  "fwhm_y": 2.91115,
  "fwhm_z": 2.419725432680625,
  "gcor": 0.0086651,
  "gsr_x": -0.008011480793356895,
  "gsr_y": 0.01384351123124361,
  "provenance": {
    "md5sum": "929224b7667c41437e3df589055bb302",
    "settings": {
      "fd_thres": 0.2,
      "hmc_fsl": false
    },
    "software": "mriqc",
    "version": "0.9.6"
  },
  "size_t": 132,
  "size_x": 64,
  "size_y": 64,
  "size_z": 32,
  "snr": 4.851599471588292,
  "spacing_tr": 2.5,
  "spacing_x": 4.0,
  "spacing_y": 4.0,
  "spacing_z": 3.9999992847442627,
  "summary_bg_k": 53.49950888978749,
  "summary_bg_mad": 3.3246235847473145,
  "summary_bg_mean": 15.236016273498535,
  "summary_bg_median": 4.696969985961914,
  "summary_bg_n": 87263.0,
  "summary_bg_p05": 1.8181818723678589,
  "summary_bg_p95": 62.33257827758785,
  "summary_bg_stdv": 37.2581787109375,
  "summary_fg_k": 3.2041300296233013,
  "summary_fg_mad": 145.77801513671875,
  "summary_fg_mean": 951.3836669921875,
  "summary_fg_median": 971.3447265625,
  "summary_fg_n": 17996.0,
  "summary_fg_p05": 561.9470062255859,
  "summary_fg_p95": 1212.9090881347656,
  "summary_fg_stdv": 200.20567321777344,
  "tsnr": 51.643836975097656
}