{
  "aor": 0.0018209848484848482,
  "aqi": 0.0026851814393939397,
  "bids_meta": {
    "EchoTime": 0.027,
    "FlipAngle": 90,
    "MagneticFieldStrength": 3.0,
    "Manufacturer": "Siemens",
    "ManufacturersModelName": "MAGNETOM Trio",
    "ReceiveCoilName": "Siemens 12 channel Head Matrix Coil (Erlangen, Germany)",
    "RepetitionTime": 2.5,
    "TaskName": "rest",
    "modality": "bold",
    "run_id": "1",
    "subject_id": "103",
    "task_id": "rest"
  },
  "dummy_trs": 0,
  "dvars_nstd": 17.535407095877854,
  "dvars_std": 1.3554197612213745,
  "dvars_vstd": 0.9975857457251911,
  "efc": 0.3907964556687956,
  "fber": 51477.65234375,
  "fd_mean": 0.13666235066771015,
  "fd_num": 24,
  "fd_perc": 18.181818181818183,
  "fwhm_avg": 2.4157645844312268,
  "fwhm_x": 2.14441,
  "fwhm_y": 2.766575,
  "fwhm_z": 2.33630875329368,
  "gcor": 0.0210452,
  "gsr_x": -0.016834719106554985,
  "gsr_y": 0.01738254353404045,
  "provenance": {
    "md5sum": "72c897ca01057491715a05d2647bee8e",
    "settings": {
      "fd_thres": 0.2,
      "hmc_fsl": false
    },
    "software": "mriqc",
    "version": "0.9.6"
  },
  "size_t": 132,
  "size_x": 64,
  "size_y": 64,
  "size_z": 32,
  "snr": 5.2184803863302305,
  "spacing_tr": 2.5,
  "spacing_x": 4.0,
  "spacing_y": 4.0,
  "spacing_z": 3.999997854232788,
  "summary_bg_k": 79.3555726967323,
  "summary_bg_mad": 1.7184706926345825,
  "summary_bg_mean": 9.513334274291992,
  "summary_bg_median": 2.7272727489471436,
  "summary_bg_n": 86017.0,
  "summary_bg_p05": 1.0075757503509521,
  "summary_bg_p95": 42.73484802246094,
  "summary_bg_stdv": 23.570592880249023,
  "summary_fg_k": 4.07098811787411,
  "summary_fg_mad": 96.95317077636719,
  "summary_fg_mean": 637.4352416992188,
  "summary_fg_median": 646.007568359375,
  "summary_fg_n": 19031.0,
  "summary_fg_p05": 425.87501525878906,
  "summary_fg_p95": 805.2727661132812,
  "summary_fg_stdv": 123.78902435302734,
  "tsnr": 113.33981323242188
}