{
  "aor": 0.007281363636363635,
  "aqi": 0.005286120606060606,
  "bids_meta": {
    "EchoTime": 0.027,
    "FlipAngle": 90,
    "MagneticFieldStrength": 3.0,
    "Manufacturer": "Siemens",
    "ManufacturersModelName": "MAGNETOM Trio",
    "ReceiveCoilName": "Siemens 12 channel Head Matrix Coil (Erlangen, Germany)",
    "RepetitionTime": 2.5,
    "TaskName": "rest",
    "modality": "bold",
    "run_id": "2",
    "subject_id": "055",
    "task_id": "rest"
  },
  "dummy_trs": 0,
  "dvars_nstd": 19.74971003198473,
  "dvars_std": 1.3525101855725195,
  "dvars_vstd": 1.0242863878625954,
  "efc": 0.400473557809977,
  "fber": 49330.05078125,
  "fd_mean": 0.12114248324195351,
  "fd_num": 19,
  "fd_perc": 14.393939393939394,
  "fwhm_avg": 2.566489465742485,
  "fwhm_x": 2.3491725,
  "fwhm_y": 2.9246251743212444,
  "fwhm_z": 2.4256707229062093,
  "gcor": 0.0187493,
  "gsr_x": -0.013906029984354973,
  "gsr_y": 0.013375570997595787,
  "provenance": {
    "md5sum": "7b8316444e6a086185be53ecade6df6b",
    "settings": {
      "fd_thres": 0.2,
      "hmc_fsl": false
    },
    "software": "mriqc",
    "version": "0.9.6"
  },
  "size_t": 132,
  "size_x": 64,
  "size_y": 64,
  "size_z": 32,
  "snr": 5.4636558781855555,
  "spacing_tr": 2.5,
  "spacing_x": 4.0,
  "spacing_y": 3.999999761581421,
  "spacing_z": 3.9999988079071045,
  "summary_bg_k": 55.96155433955721,
  "summary_bg_mad": 2.31375789642334,
  "summary_bg_mean": 13.618880271911621,
  "summary_bg_median": 3.7121212482452393,
  "summary_bg_n": 85090.0,
  "summary_bg_p05": 1.6818182468414307,
  "summary_bg_p95": 64.73143882751467,
  "summary_bg_stdv": 33.14221954345703,
  "summary_fg_k": 4.677615881542647,
  "summary_fg_mad": 109.08356475830078,
  "summary_fg_mean": 836.962646484375,
  "summary_fg_median": 854.242431640625,
  "summary_fg_n": 19583.0,
  "summary_fg_p05": 547.5848510742188,
  "summary_fg_p95": 1035.672802734375,
  "summary_fg_stdv": 156.34597778320312,
  "tsnr": 80.14024353027344
}