{
  "bids_meta": {
    "EchoTime": 0.03,
    "FlipAngle": 8,
    "MagneticFieldStrength": 3.0,
    "Manufacturer": "Siemens",
    "ManufacturersModelName": "MAGNETOM Trio",
    "ReceiveCoilName": "Siemens 12 channel Head Matrix Coil (Erlangen, Germany)",
    "RepetitionTime": 2.4,
    "modality": "T1w",
    "subject_id": "037"
  },
  "cjv": 0.37055342814902015,
  "cnr": 3.523474548165586,
  "efc": 0.5424662008032155,
  "fber": 1547.26953125,
  "fwhm_avg": 3.3136566666666667,
  "fwhm_x": 3.32775,
  "fwhm_y": 3.54572,
  "fwhm_z": 3.0675,
  "icvs_csf": 0.1867776743427275,
  "icvs_gm": 0.43059179429836275,
  "icvs_wm": 0.38263053135890973,
  "inu_med": 1.0522634983062744,
  "inu_range": 0.3650919049978256,
  "provenance": {
    "md5sum": "8ed56b4f42fe1c130b979a2ba7cbfddb",
    "mriqc_pred": 0,
    "settings": {
      "testing": false
    },
    "software": "mriqc",
    "version": "0.9.6",
    "warnings": {
      "large_rot_frame": true,
      "small_air_mask": false
    }
  },
  "qi_1": 0.0,
  "qi_2": 0.006815428926280432,
  "rpve_csf": 28.297017685245155,
  "rpve_gm": 13.525115751474985,
  "rpve_wm": 18.446598660258744,
  "size_x": 176,
  "size_y": 256,
  "size_z": 256,
  "snr_csf": 2.3706668515283833,
  "snr_gm": 8.851971174492538,
  "snr_total": 10.15296021578709,
  "snr_wm": 19.23624262134035,
  "snrd_csf": 19.05375935334993,
  "snrd_gm": 41.12781195735883,
  "snrd_total": 40.43874284718721,
  "snrd_wm": 61.13465723085286,
  "spacing_x": 1.0,
  "spacing_y": 1.0,
  "spacing_z": 1.0,
  "summary_bg_k": 5.016906830602709,
  "summary_bg_mad": 10.716215133666992,
  "summary_bg_mean": 16.703927993774414,
  "summary_bg_median": 14.565252304077148,
  "summary_bg_n": 3835788.0,
  "summary_bg_p05": 2.827014994621277,
  "summary_bg_p95": 39.55822277069091,
  "summary_bg_stdv": 12.193388938903809,
  "summary_csf_k": -0.947243293374731,
  "summary_csf_mad": 167.05752563476562,
  "summary_csf_mean": 317.6739807128906,
  "summary_csf_median": 311.66668701171875,
  "summary_csf_n": 8223.0,
  "summary_csf_p05": 131.60963287353516,
  "summary_csf_p95": 527.0930480957031,
  "summary_csf_stdv": 131.45994567871094,
  "summary_gm_k": 0.25025175166655256,
  "summary_gm_mad": 72.02864074707031,
  "summary_gm_mean": 672.9315185546875,
  "summary_gm_median": 672.7369995117188,
  "summary_gm_n": 15310.0,
  "summary_gm_p05": 546.6414245605469,
  "summary_gm_p95": 799.7940673828125,
  "summary_gm_stdv": 75.9960708618164,
  "summary_wm_k": 0.5332581705570849,
  "summary_wm_mad": 49.237388610839844,
  "summary_wm_mean": 998.7985229492188,
  "summary_wm_median": 999.9935302734375,
  "summary_wm_n": 205276.0,
  "summary_wm_p05": 911.1803894042969,
  "summary_wm_p95": 1081.158203125,
  "summary_wm_stdv": 51.9847412109375,
  "tpm_overlap_csf": 0.22197146713733673,
  "tpm_overlap_gm": 0.5082036256790161,
  "tpm_overlap_wm": 0.5678322315216064,
  "wm2max": 0.6273365814797232
}