{
  "bids_meta": {
    "EchoTime": 0.03,
    "FlipAngle": 8,
    "MagneticFieldStrength": 3.0,
    "Manufacturer": "Siemens",
    "ManufacturersModelName": "MAGNETOM Trio",
    "ReceiveCoilName": "Siemens 12 channel Head Matrix Coil (Erlangen, Germany)",
    "RepetitionTime": 2.4,
    "modality": "T1w",
    "subject_id": "105"
  },
  "cjv": 0.3716151429594745,
  "cnr": 3.4840442639930167,
  "efc": 0.5381270843577066,
  "fber": 2133.2958984375,
  "fwhm_avg": 3.41314,
  "fwhm_x": 3.42437,
  "fwhm_y": 3.60084,
  "fwhm_z": 3.21421,
  "icvs_csf": 0.19445054795522218,
  "icvs_gm": 0.4140574562069751,
  "icvs_wm": 0.39149199583780275,
  "inu_med": 1.0678249597549438,
  "inu_range": 0.3425841689109801,
  "provenance": {
    "md5sum": "698c1917c58137cbff152247318d85d2",
    "mriqc_pred": 0,
    "settings": {
      "testing": false
    },
    "software": "mriqc",
    "version": "0.9.6",
    "warnings": {
      "large_rot_frame": true,
      "small_air_mask": false
    }
  },
  "qi_1": 0.0,
  "qi_2": 0.010321717865217803,
  "rpve_csf": 26.702851581008755,
  "rpve_gm": 13.510032262472743,
  "rpve_wm": 17.84516294745363,
  "size_x": 176,
  "size_y": 256,
  "size_z": 256,
  "snr_csf": 3.1400755916708865,
  "snr_gm": 8.742361135498083,
  "snr_total": 10.891537572721079,
  "snr_wm": 20.79217599099427,
  "snrd_csf": 32.07649264279851,
  "snrd_gm": 52.923540423605246,
  "snrd_total": 54.29094884825045,
  "snrd_wm": 77.8728134783476,
  "spacing_x": 1.0,
  "spacing_y": 1.0,
  "spacing_z": 1.0,
  "summary_bg_k": 3.5942464670184036,
  "summary_bg_mad": 8.412668228149414,
  "summary_bg_mean": 13.660922050476074,
  "summary_bg_median": 11.932862281799316,
  "summary_bg_n": 3567391.0,
  "summary_bg_p05": 2.328995704650879,
  "summary_bg_p95": 32.72306442260742,
  "summary_bg_stdv": 10.008458137512207,
  "summary_csf_k": 5.315213721668316,
  "summary_csf_mad": 127.67808532714844,
  "summary_csf_mean": 396.6341552734375,
  "summary_csf_median": 411.89727783203125,
  "summary_csf_n": 12310.0,
  "summary_csf_p05": 175.7966423034668,
  "summary_csf_p95": 581.3311737060546,
  "summary_csf_stdv": 131.1689910888672,
  "summary_gm_k": 0.2386540421911545,
  "summary_gm_mad": 73.24266815185547,
  "summary_gm_mean": 682.614013671875,
  "summary_gm_median": 679.59619140625,
  "summary_gm_n": 20958.0,
  "summary_gm_p05": 558.4370330810547,
  "summary_gm_p95": 817.4220367431639,
  "summary_gm_stdv": 77.73414611816406,
  "summary_wm_k": 0.4934217545082591,
  "summary_wm_mad": 45.81389617919922,
  "summary_wm_mean": 998.8334350585938,
  "summary_wm_median": 999.97216796875,
  "summary_wm_n": 229168.0,
  "summary_wm_p05": 918.3745635986328,
  "summary_wm_p95": 1075.3782836914063,
  "summary_wm_stdv": 48.093570709228516,
  "tpm_overlap_csf": 0.22397609055042267,
  "tpm_overlap_gm": 0.5149943828582764,
  "tpm_overlap_wm": 0.5763979554176331,
  "wm2max": 0.5954847325224887
}