{
  "aor": 0.010569849624060152,
  "aqi": 0.006111495939849623,
  "bids_meta": {
    "EchoTime": 0.027,
    "FlipAngle": 90,
    "MagneticFieldStrength": 3.0,
    "Manufacturer": "Siemens",
    "ManufacturersModelName": "MAGNETOM Trio",
    "ReceiveCoilName": "Siemens 12 channel Head Matrix Coil (Erlangen, Germany)",
    "RepetitionTime": 2.5,
    "TaskName": "rest",
    "modality": "bold",
    "run_id": "1",
    "subject_id": "044",
    "task_id": "rest"
  },
  "dummy_trs": 0,
  "dvars_nstd": 19.579003262121226,
  "dvars_std": 1.3232408726515152,
  "dvars_vstd": 1.0201524409848484,
  "efc": 0.3991780525823644,
  "fber": 47409.30859375,
  "fd_mean": 0.0925828171669767,
  "fd_num": 8,
  "fd_perc": 6.015037593984962,
  "fwhm_avg": 2.4711183333333335,
  "fwhm_x": 2.2520825,
  "fwhm_y": 2.7676,
  "fwhm_z": 2.3936725,
  "gcor": 0.0227734,
  "gsr_x": -0.01104554533958435,
  "gsr_y": 0.014532854780554771,
  "provenance": {
    "md5sum": "4316768a21813b3562b18eab40028a2e",
    "settings": {
      "fd_thres": 0.2,
      "hmc_fsl": false
    },
    "software": "mriqc",
    "version": "0.9.6"
  },
  "size_t": 133,
  "size_x": 64,
  "size_y": 64,
  "size_z": 32,
  "snr": 4.81400656865668,
  "spacing_tr": 2.5,
  "spacing_x": 4.0,
  "spacing_y": 4.0,
  "spacing_z": 4.0,
  "summary_bg_k": 74.79003220847927,
  "summary_bg_mad": 2.4301300048828125,
  "summary_bg_mean": 14.393722534179688,
  "summary_bg_median": 3.872180461883545,
  "summary_bg_n": 85238.0,
  "summary_bg_p05": 1.5639097690582275,
  "summary_bg_p95": 66.7593994140625,
  "summary_bg_stdv": 37.79608917236328,
  "summary_fg_k": 3.809678519880573,
  "summary_fg_mad": 130.9595489501953,
  "summary_fg_mean": 856.41943359375,
  "summary_fg_median": 875.7669677734375,
  "summary_fg_n": 19513.0,
  "summary_fg_p05": 511.70076293945317,
  "summary_fg_p95": 1089.9504150390626,
  "summary_fg_stdv": 181.9159393310547,
  "tsnr": 73.76959228515625
}