{
  "aor": 0.0027107692307692306,
  "aqi": 0.0039228256923076925,
  "bids_meta": {
    "EchoTime": 0.027,
    "FlipAngle": 90,
    "MagneticFieldStrength": 3.0,
    "Manufacturer": "Siemens",
    "ManufacturersModelName": "MAGNETOM Trio",
    "ReceiveCoilName": "Siemens 12 channel Head Matrix Coil (Erlangen, Germany)",
    "RepetitionTime": 2.5,
    "TaskName": "rest",
    "modality": "bold",
    "run_id": "1",
    "subject_id": "023",
    "task_id": "rest"
  },
  "dummy_trs": 0,
  "dvars_nstd": 21.96870593883721,
  "dvars_std": 1.6342014879069764,
  "dvars_vstd": 1.0271749492248063,
  "efc": 0.41597698547144096,
  "fber": 42179.7734375,
  "fd_mean": 0.05095549160628639,
  "fd_num": 2,
  "fd_perc": 1.5384615384615385,
  "fwhm_avg": 2.375687452493969,
  "fwhm_x": 2.1314726270456688,
  "fwhm_y": 2.734325,
  "fwhm_z": 2.261264730436238,
  "gcor": 0.0565083,
  "gsr_x": -0.01256082858890295,
  "gsr_y": 0.018532520160079002,
  "provenance": {
    "md5sum": "17f98bc970339cb5d4e636d6a9853b6a",
    "settings": {
      "fd_thres": 0.2,
      "hmc_fsl": false
    },
    "software": "mriqc",
    "version": "0.9.6"
  },
  "size_t": 130,
  "size_x": 64,
  "size_y": 64,
  "size_z": 32,
  "snr": 5.049007210692924,
  "spacing_tr": 2.5,
  "spacing_x": 3.999999761581421,
  "spacing_y": 4.0,
  "spacing_z": 4.000000476837158,
  "summary_bg_k": 41.31875665551976,
  "summary_bg_mad": 2.634470224380493,
  "summary_bg_mean": 16.60527229309082,
  "summary_bg_median": 4.007692337036133,
  "summary_bg_n": 83205.0,
  "summary_bg_p05": 1.6538461446762085,
  "summary_bg_p95": 88.36000213623049,
  "summary_bg_stdv": 39.639469146728516,
  "summary_fg_k": 4.459603535835977,
  "summary_fg_mad": 126.2379150390625,
  "summary_fg_mean": 846.4010009765625,
  "summary_fg_median": 859.9653930664062,
  "summary_fg_n": 20868.0,
  "summary_fg_p05": 552.7369262695313,
  "summary_fg_p95": 1066.6688049316406,
  "summary_fg_stdv": 170.319580078125,
  "tsnr": 104.06169128417969
}