{
  "aor": 0.002197348484848485,
  "aqi": 0.004294488863636363,
  "bids_meta": {
    "EchoTime": 0.027,
    "FlipAngle": 90,
    "MagneticFieldStrength": 3.0,
    "Manufacturer": "Siemens",
    "ManufacturersModelName": "MAGNETOM Trio",
    "ReceiveCoilName": "Siemens 12 channel Head Matrix Coil (Erlangen, Germany)",
    "RepetitionTime": 2.5,
    "TaskName": "rest",
    "modality": "bold",
    "run_id": "2",
    "subject_id": "054",
    "task_id": "rest"
  },
  "dummy_trs": 0,
  "dvars_nstd": 20.309093227709926,
  "dvars_std": 1.3883224308396949,
  "dvars_vstd": 0.9800409095419852,
  "efc": 0.40358886516825127,
  "fber": 44509.41796875,
  "fd_mean": 0.12093918162331631,
  "fd_num": 23,
  "fd_perc": 17.424242424242426,
  "fwhm_avg": 2.452749166666667,
  "fwhm_x": 2.2237425,
  "fwhm_y": 2.78765,
  "fwhm_z": 2.346855,
  "gcor": 0.0556578,
  "gsr_x": -0.011666512116789818,
  "gsr_y": 0.01406955812126398,
  "provenance": {
    "md5sum": "e3e77f008e3654a8abf9020547e7d9ab",
    "settings": {
      "fd_thres": 0.2,
      "hmc_fsl": false
    },
    "software": "mriqc",
    "version": "0.9.6"
  },
  "size_t": 132,
  "size_x": 64,
  "size_y": 64,
  "size_z": 32,
  "snr": 4.787435632774172,
  "spacing_tr": 2.5,
  "spacing_x": 4.0,
  "spacing_y": 4.0,
  "spacing_z": 4.0,
  "summary_bg_k": 57.33024900097638,
  "summary_bg_mad": 2.4373083114624023,
  "summary_bg_mean": 14.21857738494873,
  "summary_bg_median": 3.8787879943847656,
  "summary_bg_n": 84768.0,
  "summary_bg_p05": 1.696969747543335,
  "summary_bg_p95": 67.74696960449202,
  "summary_bg_stdv": 34.90890121459961,
  "summary_fg_k": 3.8658821581149496,
  "summary_fg_mad": 127.14436340332031,
  "summary_fg_mean": 831.4534912109375,
  "summary_fg_median": 851.9166870117188,
  "summary_fg_n": 19783.0,
  "summary_fg_p05": 488.39244995117184,
  "summary_fg_p95": 1059.4659423828125,
  "summary_fg_stdv": 177.94393920898438,
  "tsnr": 86.313720703125
}