{
  "aor": 0.00238025,
  "aqi": 0.0032244465833333328,
  "bids_meta": {
    "EchoTime": 0.027,
    "FlipAngle": 90,
    "MagneticFieldStrength": 3.0,
    "Manufacturer": "Siemens",
    "ManufacturersModelName": "MAGNETOM Trio",
    "ReceiveCoilName": "Siemens 12 channel Head Matrix Coil (Erlangen, Germany)",
    "RepetitionTime": 2.5,
    "TaskName": "rest",
    "modality": "bold",
    "run_id": "1",
    "subject_id": "007",
    "task_id": "rest"
  },
  "dummy_trs": 0,
  "dvars_nstd": 16.751846257615053,
  "dvars_std": 1.4195748831799153,
  "dvars_vstd": 0.9986173736820084,
  "efc": 0.41015074579358096,
  "fber": 50900.02734375,
  "fd_mean": 0.06022131340786821,
  "fd_num": 4,
  "fd_perc": 1.6666666666666667,
  "fwhm_avg": 2.6040293148833284,
  "fwhm_x": 2.32895,
  "fwhm_y": 2.996475,
  "fwhm_z": 2.4866629446499844,
  "gcor": 0.0228563,
  "gsr_x": -0.021118778735399246,
  "gsr_y": 0.029125694185495377,
  "provenance": {
    "md5sum": "844b116f9b1bcd5ce7048c1e31aea2a2",
    "settings": {
      "fd_thres": 0.2,
      "hmc_fsl": false
    },
    "software": "mriqc",
    "version": "0.9.6"
  },
  "size_t": 240,
  "size_x": 64,
  "size_y": 64,
  "size_z": 32,
  "snr": 4.95620944498761,
  "spacing_tr": 2.5,
  "spacing_x": 4.0,
  "spacing_y": 4.0,
  "spacing_z": 3.9999992847442627,
  "summary_bg_k": 74.29086491731617,
  "summary_bg_mad": 2.8478317260742188,
  "summary_bg_mean": 18.14522361755371,
  "summary_bg_median": 4.295833587646484,
  "summary_bg_n": 84310.0,
  "summary_bg_p05": 1.8500001430511475,
  "summary_bg_p95": 83.51896133422852,
  "summary_bg_stdv": 49.308589935302734,
  "summary_fg_k": 3.7242766523042405,
  "summary_fg_mad": 144.9861297607422,
  "summary_fg_mean": 980.3123168945312,
  "summary_fg_median": 1009.2979736328125,
  "summary_fg_n": 20114.0,
  "summary_fg_p05": 588.6360748291015,
  "summary_fg_p95": 1239.2031860351562,
  "summary_fg_stdv": 203.6380615234375,
  "tsnr": 99.64044189453125
}