{
  "aor": 0.003694285714285714,
  "aqi": 0.005401168796992481,
  "bids_meta": {
    "EchoTime": 0.027,
    "FlipAngle": 90,
    "MagneticFieldStrength": 3.0,
    "Manufacturer": "Siemens",
    "ManufacturersModelName": "MAGNETOM Trio",
    "ReceiveCoilName": "Siemens 12 channel Head Matrix Coil (Erlangen, Germany)",
    "RepetitionTime": 2.5,
    "TaskName": "rest",
    "modality": "bold",
    "run_id": "2",
    "subject_id": "032",
    "task_id": "rest"
  },
  "dummy_trs": 0,
  "dvars_nstd": 21.413782365606057,
  "dvars_std": 1.483463422499999,
  "dvars_vstd": 0.9986336201515149,
  "efc": 0.4261059048968632,
  "fber": 40935.640625,
  "fd_mean": 0.10448011233795709,
  "fd_num": 13,
  "fd_perc": 9.774436090225564,
  "fwhm_avg": 2.456259626049379,
  "fwhm_x": 2.223635,
  "fwhm_y": 2.79245,
  "fwhm_z": 2.3526938781481372,
  "gcor": 0.0417228,
  "gsr_x": -0.016114817932248116,
  "gsr_y": 0.01721118949353695,
  "provenance": {
    "md5sum": "36f3e8252e2968b300560e345eeea0e7",
    "settings": {
      "fd_thres": 0.2,
      "hmc_fsl": false
    },
    "software": "mriqc",
    "version": "0.9.6"
  },
  "size_t": 133,
  "size_x": 64,
  "size_y": 64,
  "size_z": 32,
  "snr": 5.020409939989899,
  "spacing_tr": 2.5,
  "spacing_x": 4.0,
  "spacing_y": 4.0,
  "spacing_z": 4.000001907348633,
  "summary_bg_k": 42.34585192107735,
  "summary_bg_mad": 2.2629194259643555,
  "summary_bg_mean": 14.850257873535156,
  "summary_bg_median": 3.5714287757873535,
  "summary_bg_n": 82688.0,
  "summary_bg_p05": 1.4436089992523193,
  "summary_bg_p95": 77.70413894653316,
  "summary_bg_stdv": 37.09614944458008,
  "summary_fg_k": 4.4745502367415595,
  "summary_fg_mad": 101.7756118774414,
  "summary_fg_mean": 730.6492309570312,
  "summary_fg_median": 748.1203002929688,
  "summary_fg_n": 21885.0,
  "summary_fg_p05": 443.7624145507813,
  "summary_fg_p95": 912.3293579101562,
  "summary_fg_stdv": 149.0123748779297,
  "tsnr": 84.46834564208984
}