{
  "aor": 0.003734469696969697,
  "aqi": 0.006370941287878788,
  "bids_meta": {
    "EchoTime": 0.027,
    "FlipAngle": 90,
    "MagneticFieldStrength": 3.0,
    "Manufacturer": "Siemens",
    "ManufacturersModelName": "MAGNETOM Trio",
    "ReceiveCoilName": "Siemens 12 channel Head Matrix Coil (Erlangen, Germany)",
    "RepetitionTime": 2.5,
    "TaskName": "rest",
    "modality": "bold",
    "run_id": "2",
    "subject_id": "095",
    "task_id": "rest"
  },
  "dummy_trs": 0,
  "dvars_nstd": 15.545759856030532,
  "dvars_std": 1.1185830554961835,
  "dvars_vstd": 0.9354820268702293,
  "efc": 0.4184566583045648,
  "fber": 34993.5390625,
  "fd_mean": 0.09594003066810557,
  "fd_num": 12,
  "fd_perc": 9.090909090909092,
  "fwhm_avg": 2.594657309543337,
  "fwhm_x": 2.3734725,
  "fwhm_y": 3.014,
  "fwhm_z": 2.3964994286300114,
  "gcor": 0.0431037,
  "gsr_x": -0.005186424590647221,
  "gsr_y": 0.021361922845244408,
  "provenance": {
    "md5sum": "77a247aa1691c1cdac6fcade5207f8cb",
    "settings": {
      "fd_thres": 0.2,
      "hmc_fsl": false
    },
    "software": "mriqc",
    "version": "0.9.6"
  },
  "size_t": 132,
  "size_x": 64,
  "size_y": 64,
  "size_z": 32,
  "snr": 4.581859521182118,
  "spacing_tr": 2.5,
  "spacing_x": 4.0,
  "spacing_y": 4.0,
  "spacing_z": 4.000000953674316,
  "summary_bg_k": 29.388142721835187,
  "summary_bg_mad": 3.526796340942383,
  "summary_bg_mean": 25.47818374633789,
  "summary_bg_median": 4.954545497894287,
  "summary_bg_n": 84431.0,
  "summary_bg_p05": 1.9242424964904785,
  "summary_bg_p95": 142.74242401123047,
  "summary_bg_stdv": 58.2805061340332,
  "summary_fg_k": 3.17007752891325,
  "summary_fg_mad": 150.87722778320312,
  "summary_fg_mean": 938.2986450195312,
  "summary_fg_median": 964.227294921875,
  "summary_fg_n": 19929.0,
  "summary_fg_p05": 510.81818847656257,
  "summary_fg_p95": 1209.8000732421874,
  "summary_fg_stdv": 210.4392547607422,
  "tsnr": 63.82487106323242
}