{
  "aor": 0.001419090909090909,
  "aqi": 0.0036432753030303027,
  "bids_meta": {
    "EchoTime": 0.027,
    "FlipAngle": 90,
    "MagneticFieldStrength": 3.0,
    "Manufacturer": "Siemens",
    "ManufacturersModelName": "MAGNETOM Trio",
    "ReceiveCoilName": "Siemens 12 channel Head Matrix Coil (Erlangen, Germany)",
    "RepetitionTime": 2.5,
    "TaskName": "rest",
    "modality": "bold",
    "run_id": "1",
    "subject_id": "108",
    "task_id": "rest"
  },
  "dummy_trs": 0,
  "dvars_nstd": 14.785001703511464,
  "dvars_std": 1.1639883429007631,
  "dvars_vstd": 0.943065506259542,
  "efc": 0.38697392120492946,
  "fber": 43801.51953125,
  "fd_mean": 0.08891466878970443,
  "fd_num": 9,
  "fd_perc": 6.818181818181818,
  "fwhm_avg": 2.5386325964519503,
  "fwhm_x": 2.34093,
  "fwhm_y": 2.847675,
  "fwhm_z": 2.427292789355849,
  "gcor": 0.0631538,
  "gsr_x": -0.013167931698262691,
  "gsr_y": 0.012883358635008335,
  "provenance": {
    "md5sum": "0e518ecc7005674296156bca3fc43b20",
    "settings": {
      "fd_thres": 0.2,
      "hmc_fsl": false
    },
    "software": "mriqc",
    "version": "0.9.6"
  },
  "size_t": 132,
  "size_x": 64,
  "size_y": 64,
  "size_z": 32,
  "snr": 4.945334681291695,
  "spacing_tr": 2.5,
  "spacing_x": 4.0,
  "spacing_y": 4.0,
  "spacing_z": 3.999999523162842,
  "summary_bg_k": 67.89059904545522,
  "summary_bg_mad": 2.8416547775268555,
  "summary_bg_mean": 15.399898529052734,
  "summary_bg_median": 4.060606002807617,
  "summary_bg_n": 87379.0,
  "summary_bg_p05": 1.4772727489471436,
  "summary_bg_p95": 70.53636474609321,
  "summary_bg_stdv": 39.44220733642578,
  "summary_fg_k": 4.352087218848957,
  "summary_fg_mad": 117.17616271972656,
  "summary_fg_mean": 858.5514526367188,
  "summary_fg_median": 880.5606079101562,
  "summary_fg_n": 17908.0,
  "summary_fg_p05": 508.24736328125005,
  "summary_fg_p95": 1081.5787902832028,
  "summary_fg_stdv": 178.0538787841797,
  "tsnr": 88.05791473388672
}