{
  "aor": 0.009758181818181819,
  "aqi": 0.008913255227272727,
  "bids_meta": {
    "EchoTime": 0.027,
    "FlipAngle": 90,
    "MagneticFieldStrength": 3.0,
    "Manufacturer": "Siemens",
    "ManufacturersModelName": "MAGNETOM Trio",
    "ReceiveCoilName": "Siemens 12 channel Head Matrix Coil (Erlangen, Germany)",
    "RepetitionTime": 2.5,
    "TaskName": "rest",
    "modality": "bold",
    "run_id": "1",
    "subject_id": "055",
    "task_id": "rest"
  },
  "dummy_trs": 0,
  "dvars_nstd": 20.40292855633588,
  "dvars_std": 1.2864406448091597,
  "dvars_vstd": 1.0123222634351141,
  "efc": 0.4009558491542379,
  "fber": 49622.60546875,
  "fd_mean": 0.1479370927954076,
  "fd_num": 22,
  "fd_perc": 16.666666666666668,
  "fwhm_avg": 2.5651961327906214,
  "fwhm_x": 2.3278525,
  "fwhm_y": 2.941625175334524,
  "fwhm_z": 2.4261107230373393,
  "gcor": 0.0208829,
  "gsr_x": -0.013941016979515553,
  "gsr_y": 0.014821797609329224,
  "provenance": {
    "md5sum": "3c3bd282b3c0720086b41f79fbc12dfe",
    "settings": {
      "fd_thres": 0.2,
      "hmc_fsl": false
    },
    "software": "mriqc",
    "version": "0.9.6"
  },
  "size_t": 132,
  "size_x": 64,
  "size_y": 64,
  "size_z": 32,
  "snr": 5.558425767444959,
  "spacing_tr": 2.5,
  "spacing_x": 4.0,
  "spacing_y": 3.999999761581421,
  "spacing_z": 3.9999988079071045,
  "summary_bg_k": 57.13180035333191,
  "summary_bg_mad": 2.369917154312134,
  "summary_bg_mean": 13.6781644821167,
  "summary_bg_median": 3.7196969985961914,
  "summary_bg_n": 85203.0,
  "summary_bg_p05": 1.651515245437622,
  "summary_bg_p95": 64.88561019897456,
  "summary_bg_stdv": 33.455772399902344,
  "summary_fg_k": 4.831507601427389,
  "summary_fg_mad": 109.24083709716797,
  "summary_fg_mean": 837.0272216796875,
  "summary_fg_median": 853.5985107421875,
  "summary_fg_n": 19491.0,
  "summary_fg_p05": 565.7689514160156,
  "summary_fg_p95": 1033.1136474609375,
  "summary_fg_stdv": 153.564453125,
  "tsnr": 66.33330535888672
}