{
  "aor": 0.0068784375,
  "aqi": 0.013434621020833334,
  "bids_meta": {
    "EchoTime": 0.027,
    "FlipAngle": 90,
    "MagneticFieldStrength": 3.0,
    "Manufacturer": "Siemens",
    "ManufacturersModelName": "MAGNETOM Trio",
    "ReceiveCoilName": "Siemens 12 channel Head Matrix Coil (Erlangen, Germany)",
    "RepetitionTime": 2.5,
    "TaskName": "rest",
    "modality": "bold",
    "run_id": "1",
    "subject_id": "072",
    "task_id": "rest"
  },
  "dummy_trs": 0,
  "dvars_nstd": 19.75566646192068,
  "dvars_std": 1.2000976589770356,
  "dvars_vstd": 0.95507947217119,
  "efc": 0.4367647009828029,
  "fber": 33148.296875,
  "fd_mean": 0.1331491341232009,
  "fd_num": 104,
  "fd_perc": 21.666666666666668,
  "fwhm_avg": 2.4998234265810364,
  "fwhm_x": 2.229265,
  "fwhm_y": 2.92355,
  "fwhm_z": 2.346655279743109,
  "gcor": 0.0525451,
  "gsr_x": -0.010509934276342392,
  "gsr_y": 0.020526329055428505,
  "provenance": {
    "md5sum": "0468b15545e70da2b09f4f36d98bd712",
    "settings": {
      "fd_thres": 0.2,
      "hmc_fsl": false
    },
    "software": "mriqc",
    "version": "0.9.6"
  },
  "size_t": 480,
  "size_x": 64,
  "size_y": 64,
  "size_z": 32,
  "snr": 5.043560645169779,
  "spacing_tr": 2.5,
  "spacing_x": 4.0,
  "spacing_y": 4.0,
  "spacing_z": 3.999999523162842,
  "summary_bg_k": 29.97254123549451,
  "summary_bg_mad": 3.218482494354248,
  "summary_bg_mean": 20.012800216674805,
  "summary_bg_median": 4.462500095367432,
  "summary_bg_n": 81590.0,
  "summary_bg_p05": 1.7916667461395264,
  "summary_bg_p95": 104.14271583557135,
  "summary_bg_stdv": 45.201080322265625,
  "summary_fg_k": 4.198750053346059,
  "summary_fg_mad": 112.9310531616211,
  "summary_fg_mean": 823.1513671875,
  "summary_fg_median": 842.0292358398438,
  "summary_fg_n": 22295.0,
  "summary_fg_p05": 496.8812622070312,
  "summary_fg_p95": 1033.2586303710937,
  "summary_fg_stdv": 166.94760131835938,
  "tsnr": 53.920867919921875
}