{
  "bids_meta": {
    "EchoTime": 0.03,
    "FlipAngle": 8,
    "MagneticFieldStrength": 3.0,
    "Manufacturer": "Siemens",
    "ManufacturersModelName": "MAGNETOM Trio",
    "ReceiveCoilName": "Siemens 12 channel Head Matrix Coil (Erlangen, Germany)",
    "RepetitionTime": 2.4,
    "modality": "T1w",
    "subject_id": "115"
  },
  "cjv": 0.3799630918810592,
  "cnr": 3.420841624373323,
  "efc": 0.5302203115315652,
  "fber": 1540.6607666015625,
  "fwhm_avg": 3.29960673351785,
  "fwhm_x": 3.3647302005535487,
  "fwhm_y": 3.45597,
  "fwhm_z": 3.07812,
  "icvs_csf": 0.18991269899856786,
  "icvs_gm": 0.42831848295646324,
  "icvs_wm": 0.3817688180449689,
  "inu_med": 1.0575809478759766,
  "inu_range": 0.3392549872398375,
  "provenance": {
    "md5sum": "c5c93e80780034ad44c0cfa9a887c22b",
    "mriqc_pred": 0,
    "settings": {
      "testing": false
    },
    "software": "mriqc",
    "version": "0.9.6",
    "warnings": {
      "large_rot_frame": true,
      "small_air_mask": false
    }
  },
  "qi_1": 0.0,
  "qi_2": 0.004167816881910268,
  "rpve_csf": 28.78424943424692,
  "rpve_gm": 14.106027297443994,
  "rpve_wm": 19.539324521860017,
  "size_x": 176,
  "size_y": 256,
  "size_z": 256,
  "snr_csf": 2.404714425441614,
  "snr_gm": 8.48783026733974,
  "snr_total": 10.216477460727761,
  "snr_wm": 19.75688768940193,
  "snrd_csf": 23.382024024133962,
  "snrd_gm": 46.47444307169536,
  "snrd_total": 46.23267350594907,
  "snrd_wm": 68.8415534220179,
  "spacing_x": 0.9999999403953552,
  "spacing_y": 1.0,
  "spacing_z": 1.0,
  "summary_bg_k": 5.645491917567254,
  "summary_bg_mad": 9.516477584838867,
  "summary_bg_mean": 15.337376594543457,
  "summary_bg_median": 13.038093566894531,
  "summary_bg_n": 3766514.0,
  "summary_bg_p05": 2.149946475028992,
  "summary_bg_p95": 37.07606620788572,
  "summary_bg_stdv": 11.547407150268555,
  "summary_csf_k": -0.7898459388027317,
  "summary_csf_mad": 181.85755920410156,
  "summary_csf_mean": 335.1479797363281,
  "summary_csf_median": 339.6460876464844,
  "summary_csf_n": 5619.0,
  "summary_csf_p05": 131.93699493408204,
  "summary_csf_p95": 557.7891784667968,
  "summary_csf_stdv": 141.22918701171875,
  "summary_gm_k": 0.1675781548212587,
  "summary_gm_mad": 75.58167266845703,
  "summary_gm_mean": 676.1885375976562,
  "summary_gm_median": 675.0853881835938,
  "summary_gm_n": 18149.0,
  "summary_gm_p05": 545.6045166015625,
  "summary_gm_p95": 810.5670532226563,
  "summary_gm_stdv": 79.53349304199219,
  "summary_wm_k": 0.5756994310524144,
  "summary_wm_mad": 47.869667053222656,
  "summary_wm_mean": 998.4412231445312,
  "summary_wm_median": 999.9888916015625,
  "summary_wm_n": 205836.0,
  "summary_wm_p05": 912.9225006103516,
  "summary_wm_p95": 1078.1072082519531,
  "summary_wm_stdv": 50.61457443237305,
  "tpm_overlap_csf": 0.2191045582294464,
  "tpm_overlap_gm": 0.5029392838478088,
  "tpm_overlap_wm": 0.5617009997367859,
  "wm2max": 0.6427104859681074
}