{
  "aor": 0.009199172932330827,
  "aqi": 0.004562884436090225,
  "bids_meta": {
    "EchoTime": 0.027,
    "FlipAngle": 90,
    "MagneticFieldStrength": 3.0,
    "Manufacturer": "Siemens",
    "ManufacturersModelName": "MAGNETOM Trio",
    "ReceiveCoilName": "Siemens 12 channel Head Matrix Coil (Erlangen, Germany)",
    "RepetitionTime": 2.5,
    "TaskName": "rest",
    "modality": "bold",
    "run_id": "1",
    "subject_id": "038",
    "task_id": "rest"
  },
  "dummy_trs": 0,
  "dvars_nstd": 18.326602748257585,
  "dvars_std": 1.4370206367424245,
  "dvars_vstd": 1.073783226363636,
  "efc": 0.39916008290190186,
  "fber": 40995.02734375,
  "fd_mean": 0.10530386338383325,
  "fd_num": 13,
  "fd_perc": 9.774436090225564,
  "fwhm_avg": 2.475492645956304,
  "fwhm_x": 2.3097125,
  "fwhm_y": 2.668025,
  "fwhm_z": 2.4487404378689117,
  "gcor": 0.0695644,
  "gsr_x": -0.008174946531653404,
  "gsr_y": 0.007262625731527805,
  "provenance": {
    "md5sum": "4405ccb1d1a82fa7a286b300bd3e0077",
    "settings": {
      "fd_thres": 0.2,
      "hmc_fsl": false
    },
    "software": "mriqc",
    "version": "0.9.6"
  },
  "size_t": 133,
  "size_x": 64,
  "size_y": 64,
  "size_z": 32,
  "snr": 4.989675816133662,
  "spacing_tr": 2.5,
  "spacing_x": 4.0,
  "spacing_y": 4.0,
  "spacing_z": 3.9999992847442627,
  "summary_bg_k": 76.03224615891756,
  "summary_bg_mad": 2.41898250579834,
  "summary_bg_mean": 12.3779878616333,
  "summary_bg_median": 3.676691770553589,
  "summary_bg_n": 85391.0,
  "summary_bg_p05": 1.3834587335586548,
  "summary_bg_p95": 53.45112991333008,
  "summary_bg_stdv": 30.13669776916504,
  "summary_fg_k": 4.78379041040572,
  "summary_fg_mad": 98.95537567138672,
  "summary_fg_mean": 749.3806762695312,
  "summary_fg_median": 770.11279296875,
  "summary_fg_n": 19301.0,
  "summary_fg_p05": 442.6992492675781,
  "summary_fg_p95": 935.5714721679688,
  "summary_fg_stdv": 154.33724975585938,
  "tsnr": 88.56502532958984
}