{
  "aor": 0.004858846153846154,
  "aqi": 0.002913859307692308,
  "bids_meta": {
    "EchoTime": 0.027,
    "FlipAngle": 90,
    "MagneticFieldStrength": 3.0,
    "Manufacturer": "Siemens",
    "ManufacturersModelName": "MAGNETOM Trio",
    "ReceiveCoilName": "Siemens 12 channel Head Matrix Coil (Erlangen, Germany)",
    "RepetitionTime": 2.5,
    "TaskName": "rest",
    "modality": "bold",
    "run_id": "1",
    "subject_id": "028",
    "task_id": "rest"
  },
  "dummy_trs": 0,
  "dvars_nstd": 20.103436536744184,
  "dvars_std": 1.490958091162791,
  "dvars_vstd": 1.0698122827131784,
  "efc": 0.42051850745279407,
  "fber": 45748.14453125,
  "fd_mean": 0.11856943085742941,
  "fd_num": 8,
  "fd_perc": 6.153846153846154,
  "fwhm_avg": 2.4232843036353335,
  "fwhm_x": 2.1853,
  "fwhm_y": 2.7866,
  "fwhm_z": 2.297952910906001,
  "gcor": 0.21158,
  "gsr_x": -0.01407789159566164,
  "gsr_y": 0.01854037120938301,
  "provenance": {
    "md5sum": "b51738bb4ae2c50d34623fc5b2fc5d53",
    "settings": {
      "fd_thres": 0.2,
      "hmc_fsl": false
    },
    "software": "mriqc",
    "version": "0.9.6"
  },
  "size_t": 130,
  "size_x": 64,
  "size_y": 64,
  "size_z": 32,
  "snr": 5.1216113657835285,
  "spacing_tr": 2.5,
  "spacing_x": 4.0,
  "spacing_y": 4.0,
  "spacing_z": 3.9999992847442627,
  "summary_bg_k": 35.25514357254017,
  "summary_bg_mad": 2.3607590198516846,
  "summary_bg_mean": 15.701383590698242,
  "summary_bg_median": 3.5923078060150146,
  "summary_bg_n": 83473.0,
  "summary_bg_p05": 1.3461538553237915,
  "summary_bg_p95": 84.92308044433594,
  "summary_bg_stdv": 38.97127914428711,
  "summary_fg_k": 4.652968219601705,
  "summary_fg_mad": 109.63845825195312,
  "summary_fg_mean": 781.9105224609375,
  "summary_fg_median": 796.7153930664062,
  "summary_fg_n": 20760.0,
  "summary_fg_p05": 500.04924316406255,
  "summary_fg_p95": 982.0238403320312,
  "summary_fg_stdv": 155.55577087402344,
  "tsnr": 98.30404663085938
}