{
  "aor": 0.009698796992481204,
  "aqi": 0.004556645563909774,
  "bids_meta": {
    "EchoTime": 0.027,
    "FlipAngle": 90,
    "MagneticFieldStrength": 3.0,
    "Manufacturer": "Siemens",
    "ManufacturersModelName": "MAGNETOM Trio",
    "ReceiveCoilName": "Siemens 12 channel Head Matrix Coil (Erlangen, Germany)",
    "RepetitionTime": 2.5,
    "TaskName": "rest",
    "modality": "bold",
    "run_id": "2",
    "subject_id": "045",
    "task_id": "rest"
  },
  "dummy_trs": 0,
  "dvars_nstd": 18.416242837878787,
  "dvars_std": 1.3876844076515154,
  "dvars_vstd": 1.0469974991666668,
  "efc": 0.41644969107851243,
  "fber": 45863.46484375,
  "fd_mean": 0.09426008449653393,
  "fd_num": 5,
  "fd_perc": 3.7593984962406015,
  "fwhm_avg": 2.484020190874185,
  "fwhm_x": 2.2254575,
  "fwhm_y": 2.82485,
  "fwhm_z": 2.401753072622555,
  "gcor": 0.0141547,
  "gsr_x": -0.010892082005739212,
  "gsr_y": 0.02157389372587204,
  "provenance": {
    "md5sum": "d0d4b067a83d38205db2a14f0e23694d",
    "settings": {
      "fd_thres": 0.2,
      "hmc_fsl": false
    },
    "software": "mriqc",
    "version": "0.9.6"
  },
  "size_t": 133,
  "size_x": 64,
  "size_y": 64,
  "size_z": 32,
  "snr": 4.879274240853506,
  "spacing_tr": 2.5,
  "spacing_x": 4.0,
  "spacing_y": 4.0,
  "spacing_z": 3.9999990463256836,
  "summary_bg_k": 57.681176594933206,
  "summary_bg_mad": 2.1960349082946777,
  "summary_bg_mean": 15.204450607299805,
  "summary_bg_median": 3.601503849029541,
  "summary_bg_n": 83649.0,
  "summary_bg_p05": 1.4812030792236328,
  "summary_bg_p95": 76.44812011718744,
  "summary_bg_stdv": 41.98685836791992,
  "summary_fg_k": 4.099309694404008,
  "summary_fg_mad": 117.12557983398438,
  "summary_fg_mean": 783.784912109375,
  "summary_fg_median": 799.0601806640625,
  "summary_fg_n": 20929.0,
  "summary_fg_p05": 478.89924926757817,
  "summary_fg_p95": 992.5654418945312,
  "summary_fg_stdv": 163.7622833251953,
  "tsnr": 84.96923828125
}