{
  "aor": 0.005712538461538462,
  "aqi": 0.0038980556923076917,
  "bids_meta": {
    "EchoTime": 0.027,
    "FlipAngle": 90,
    "MagneticFieldStrength": 3.0,
    "Manufacturer": "Siemens",
    "ManufacturersModelName": "MAGNETOM Trio",
    "ReceiveCoilName": "Siemens 12 channel Head Matrix Coil (Erlangen, Germany)",
    "RepetitionTime": 2.5,
    "TaskName": "rest",
    "modality": "bold",
    "run_id": "1",
    "subject_id": "022",
    "task_id": "rest"
  },
  "dummy_trs": 0,
  "dvars_nstd": 22.68452696093024,
  "dvars_std": 1.4875855083720937,
  "dvars_vstd": 1.061372655813954,
  "efc": 0.43827701555574117,
  "fber": 34102.19921875,
  "fd_mean": 0.12286550924802149,
  "fd_num": 9,
  "fd_perc": 6.923076923076923,
  "fwhm_avg": 2.441855367893156,
  "fwhm_x": 2.2162075,
  "fwhm_y": 2.794775,
  "fwhm_z": 2.314583603679468,
  "gcor": 0.0312121,
  "gsr_x": -0.005743808578699827,
  "gsr_y": 0.01746152527630329,
  "provenance": {
    "md5sum": "e59c72f9466d71023afddbf935d7b152",
    "settings": {
      "fd_thres": 0.2,
      "hmc_fsl": false
    },
    "software": "mriqc",
    "version": "0.9.6"
  },
  "size_t": 130,
  "size_x": 64,
  "size_y": 64,
  "size_z": 32,
  "snr": 4.663930608029621,
  "spacing_tr": 2.5,
  "spacing_x": 4.0,
  "spacing_y": 4.0,
  "spacing_z": 3.999998092651367,
  "summary_bg_k": 76.63057950692263,
  "summary_bg_mad": 2.3607587814331055,
  "summary_bg_mean": 15.327013969421387,
  "summary_bg_median": 3.415384531021118,
  "summary_bg_n": 81609.0,
  "summary_bg_p05": 1.3923076391220093,
  "summary_bg_p95": 78.90769348144498,
  "summary_bg_stdv": 38.8693962097168,
  "summary_fg_k": 3.3426241878186476,
  "summary_fg_mad": 98.3878173828125,
  "summary_fg_mean": 639.88818359375,
  "summary_fg_median": 658.40771484375,
  "summary_fg_n": 22349.0,
  "summary_fg_p05": 351.5353759765625,
  "summary_fg_p95": 816.1723266601562,
  "summary_fg_stdv": 141.16697692871094,
  "tsnr": 92.93558502197266
}