{
  "aor": 0.0022285606060606063,
  "aqi": 0.0027106732575757574,
  "bids_meta": {
    "EchoTime": 0.027,
    "FlipAngle": 90,
    "MagneticFieldStrength": 3.0,
    "Manufacturer": "Siemens",
    "ManufacturersModelName": "MAGNETOM Trio",
    "ReceiveCoilName": "Siemens 12 channel Head Matrix Coil (Erlangen, Germany)",
    "RepetitionTime": 2.5,
    "TaskName": "rest",
    "modality": "bold",
    "run_id": "1",
    "subject_id": "061",
    "task_id": "rest"
  },
  "dummy_trs": 0,
  "dvars_nstd": 20.23250869595421,
  "dvars_std": 1.3944984179389308,
  "dvars_vstd": 0.9888713551908401,
  "efc": 0.4090721929819984,
  "fber": 37334.4765625,
  "fd_mean": 0.052474909131841115,
  "fd_num": 0,
  "fd_perc": 0.0,
  "fwhm_avg": 2.586398478259657,
  "fwhm_x": 2.3620601407897555,
  "fwhm_y": 2.930975,
  "fwhm_z": 2.4661602939892164,
  "gcor": 0.0111109,
  "gsr_x": -0.013565979897975922,
  "gsr_y": 0.016821883618831635,
  "provenance": {
    "md5sum": "8967364f4776da8e0043efa5e2278179",
    "settings": {
      "fd_thres": 0.2,
      "hmc_fsl": false
    },
    "software": "mriqc",
    "version": "0.9.6"
  },
  "size_t": 132,
  "size_x": 64,
  "size_y": 64,
  "size_z": 32,
  "snr": 4.434588483886716,
  "spacing_tr": 2.5,
  "spacing_x": 3.999999761581421,
  "spacing_y": 4.0,
  "spacing_z": 3.999999523162842,
  "summary_bg_k": 48.07062647106848,
  "summary_bg_mad": 2.8304221630096436,
  "summary_bg_mean": 18.0583553314209,
  "summary_bg_median": 4.121212005615234,
  "summary_bg_n": 85127.0,
  "summary_bg_p05": 1.6818182468414307,
  "summary_bg_p95": 96.30833511352537,
  "summary_bg_stdv": 42.18505859375,
  "summary_fg_k": 2.871119814569316,
  "summary_fg_mad": 134.89996337890625,
  "summary_fg_mean": 805.3560791015625,
  "summary_fg_median": 830.5833740234375,
  "summary_fg_n": 19646.0,
  "summary_fg_p05": 416.48487091064453,
  "summary_fg_p95": 1040.8333129882812,
  "summary_fg_stdv": 187.29183959960938,
  "tsnr": 96.8125228881836
}