{
  "aor": 0.0022740601503759396,
  "aqi": 0.004136554661654135,
  "bids_meta": {
    "EchoTime": 0.027,
    "FlipAngle": 90,
    "MagneticFieldStrength": 3.0,
    "Manufacturer": "Siemens",
    "ManufacturersModelName": "MAGNETOM Trio",
    "ReceiveCoilName": "Siemens 12 channel Head Matrix Coil (Erlangen, Germany)",
    "RepetitionTime": 2.5,
    "TaskName": "rest",
    "modality": "bold",
    "run_id": "2",
    "subject_id": "043",
    "task_id": "rest"
  },
  "dummy_trs": 0,
  "dvars_nstd": 21.676506794318176,
  "dvars_std": 1.3667543320454547,
  "dvars_vstd": 0.9901319756060605,
  "efc": 0.37477771594451387,
  "fber": 47561.765625,
  "fd_mean": 0.10756132463161995,
  "fd_num": 20,
  "fd_perc": 15.037593984962406,
  "fwhm_avg": 2.4056531514901356,
  "fwhm_x": 2.2924425,
  "fwhm_y": 2.6364,
  "fwhm_z": 2.2881169544704067,
  "gcor": 0.0158454,
  "gsr_x": -0.012224184349179268,
  "gsr_y": 0.012030910700559616,
  "provenance": {
    "md5sum": "b19cb9a5c63fa0d89963d1d8817e38bc",
    "settings": {
      "fd_thres": 0.2,
      "hmc_fsl": false
    },
    "software": "mriqc",
    "version": "0.9.6"
  },
  "size_t": 133,
  "size_x": 64,
  "size_y": 64,
  "size_z": 32,
  "snr": 4.878027177687608,
  "spacing_tr": 2.5,
  "spacing_x": 4.0,
  "spacing_y": 4.0,
  "spacing_z": 4.000000953674316,
  "summary_bg_k": 86.84134684563097,
  "summary_bg_mad": 1.51604425907135,
  "summary_bg_mean": 7.858893394470215,
  "summary_bg_median": 2.3157894611358643,
  "summary_bg_n": 88222.0,
  "summary_bg_p05": 0.6992481350898743,
  "summary_bg_p95": 30.586091804504374,
  "summary_bg_stdv": 22.68008041381836,
  "summary_fg_k": 4.165682374255333,
  "summary_fg_mad": 76.78873443603516,
  "summary_fg_mean": 514.5535278320312,
  "summary_fg_median": 526.0714111328125,
  "summary_fg_n": 17190.0,
  "summary_fg_p05": 306.0109161376953,
  "summary_fg_p95": 651.1285919189453,
  "summary_fg_stdv": 107.84197998046875,
  "tsnr": 89.25595092773438
}