{
  "aor": 0.0014534848484848482,
  "aqi": 0.0024363403030303026,
  "bids_meta": {
    "EchoTime": 0.027,
    "FlipAngle": 90,
    "MagneticFieldStrength": 3.0,
    "Manufacturer": "Siemens",
    "ManufacturersModelName": "MAGNETOM Trio",
    "ReceiveCoilName": "Siemens 12 channel Head Matrix Coil (Erlangen, Germany)",
    "RepetitionTime": 2.5,
    "TaskName": "rest",
    "modality": "bold",
    "run_id": "1",
    "subject_id": "053",
    "task_id": "rest"
  },
  "dummy_trs": 0,
  "dvars_nstd": 14.3690768821374,
  "dvars_std": 1.3083408588549617,
  "dvars_vstd": 0.9904569999999999,
  "efc": 0.39183260232361794,
  "fber": 56346.88671875,
  "fd_mean": 0.04871385539355532,
  "fd_num": 1,
  "fd_perc": 0.7575757575757576,
  "fwhm_avg": 2.4904392628193017,
  "fwhm_x": 2.2122575,
  "fwhm_y": 2.8393,
  "fwhm_z": 2.419760288457905,
  "gcor": 0.0186538,
  "gsr_x": -0.015686726197600365,
  "gsr_y": 0.014448478817939758,
  "provenance": {
    "md5sum": "0f2e763a20fc9cc85f8bbb488770bdb8",
    "settings": {
      "fd_thres": 0.2,
      "hmc_fsl": false
    },
    "software": "mriqc",
    "version": "0.9.6"
  },
  "size_t": 132,
  "size_x": 64,
  "size_y": 64,
  "size_z": 32,
  "snr": 5.086006692955215,
  "spacing_tr": 2.5,
  "spacing_x": 4.0,
  "spacing_y": 4.0,
  "spacing_z": 3.999999523162842,
  "summary_bg_k": 49.59736253636861,
  "summary_bg_mad": 2.2912943363189697,
  "summary_bg_mean": 13.352187156677246,
  "summary_bg_median": 3.659090995788574,
  "summary_bg_n": 86091.0,
  "summary_bg_p05": 1.4848484992980957,
  "summary_bg_p95": 61.598487854003906,
  "summary_bg_stdv": 33.10923385620117,
  "summary_fg_k": 4.007191807841963,
  "summary_fg_mad": 128.84039306640625,
  "summary_fg_mean": 884.9520874023438,
  "summary_fg_median": 905.23486328125,
  "summary_fg_n": 18860.0,
  "summary_fg_p05": 546.4500366210938,
  "summary_fg_p95": 1113.5379638671875,
  "summary_fg_stdv": 177.9806671142578,
  "tsnr": 123.6741714477539
}