{
  "aor": 0.0037816666666666676,
  "aqi": 0.011767192458333334,
  "bids_meta": {
    "EchoTime": 0.027,
    "FlipAngle": 90,
    "MagneticFieldStrength": 3.0,
    "Manufacturer": "Siemens",
    "ManufacturersModelName": "MAGNETOM Trio",
    "ReceiveCoilName": "Siemens 12 channel Head Matrix Coil (Erlangen, Germany)",
    "RepetitionTime": 2.5,
    "TaskName": "rest",
    "modality": "bold",
    "run_id": "1",
    "subject_id": "075",
    "task_id": "rest"
  },
  "dummy_trs": 0,
  "dvars_nstd": 17.067560092175732,
  "dvars_std": 1.0973335120502095,
  "dvars_vstd": 0.948719527280335,
  "efc": 0.4257408743018625,
  "fber": 38944.23046875,
  "fd_mean": 0.10189184610635756,
  "fd_num": 22,
  "fd_perc": 9.166666666666666,
  "fwhm_avg": 2.5246112093224045,
  "fwhm_x": 2.292160136623391,
  "fwhm_y": 2.905675,
  "fwhm_z": 2.3759984913438226,
  "gcor": 0.0251924,
  "gsr_x": -0.006868191063404083,
  "gsr_y": 0.023688990622758865,
  "provenance": {
    "md5sum": "815aa49ab742fcce0fb287963acf652e",
    "settings": {
      "fd_thres": 0.2,
      "hmc_fsl": false
    },
    "software": "mriqc",
    "version": "0.9.6"
  },
  "size_t": 240,
  "size_x": 64,
  "size_y": 64,
  "size_z": 32,
  "snr": 5.150514529006512,
  "spacing_tr": 2.5,
  "spacing_x": 3.999999761581421,
  "spacing_y": 4.0,
  "spacing_z": 3.9999983310699463,
  "summary_bg_k": 55.43566468704433,
  "summary_bg_mad": 2.0694658756256104,
  "summary_bg_mean": 12.903632164001465,
  "summary_bg_median": 2.829166889190674,
  "summary_bg_n": 83054.0,
  "summary_bg_p05": 1.1083333492279053,
  "summary_bg_p95": 64.42229537963863,
  "summary_bg_stdv": 30.679872512817383,
  "summary_fg_k": 4.456602355283988,
  "summary_fg_mad": 78.27517700195312,
  "summary_fg_mean": 567.3271484375,
  "summary_fg_median": 579.9854736328125,
  "summary_fg_n": 21178.0,
  "summary_fg_p05": 350.2898208618164,
  "summary_fg_p95": 705.8860870361327,
  "summary_fg_stdv": 112.60462951660156,
  "tsnr": 57.62940979003906
}