{
  "aor": 0.0046496992481203005,
  "aqi": 0.004238957593984963,
  "bids_meta": {
    "EchoTime": 0.027,
    "FlipAngle": 90,
    "MagneticFieldStrength": 3.0,
    "Manufacturer": "Siemens",
    "ManufacturersModelName": "MAGNETOM Trio",
    "ReceiveCoilName": "Siemens 12 channel Head Matrix Coil (Erlangen, Germany)",
    "RepetitionTime": 2.5,
    "TaskName": "rest",
    "modality": "bold",
    "run_id": "1",
    "subject_id": "035",
    "task_id": "rest"
  },
  "dummy_trs": 0,
  "dvars_nstd": 16.32535779848485,
  "dvars_std": 1.3430094393181824,
  "dvars_vstd": 1.025263507348485,
  "efc": 0.3979381732445912,
  "fber": 46615.1875,
  "fd_mean": 0.08974684449000063,
  "fd_num": 5,
  "fd_perc": 3.7593984962406015,
  "fwhm_avg": 2.456719536310523,
  "fwhm_x": 2.2087126316495316,
  "fwhm_y": 2.81915,
  "fwhm_z": 2.342295977282038,
  "gcor": 0.0442467,
  "gsr_x": -0.010171892121434212,
  "gsr_y": 0.01875760219991207,
  "provenance": {
    "md5sum": "c1b13e308b0ba269188748dbe5b23874",
    "settings": {
      "fd_thres": 0.2,
      "hmc_fsl": false
    },
    "software": "mriqc",
    "version": "0.9.6"
  },
  "size_t": 133,
  "size_x": 64,
  "size_y": 64,
  "size_z": 32,
  "snr": 5.033347693641308,
  "spacing_tr": 2.5,
  "spacing_x": 3.999999761581421,
  "spacing_y": 4.0,
  "spacing_z": 3.9999983310699463,
  "summary_bg_k": 92.46979516122695,
  "summary_bg_mad": 2.0622661113739014,
  "summary_bg_mean": 12.945438385009766,
  "summary_bg_median": 3.8496241569519043,
  "summary_bg_n": 85200.0,
  "summary_bg_p05": 1.9774436950683594,
  "summary_bg_p95": 51.43834800720228,
  "summary_bg_stdv": 35.98672103881836,
  "summary_fg_k": 4.659511388851401,
  "summary_fg_mad": 111.56305694580078,
  "summary_fg_mean": 838.6265258789062,
  "summary_fg_median": 858.0751953125,
  "summary_fg_n": 19524.0,
  "summary_fg_p05": 510.1120513916016,
  "summary_fg_p95": 1049.2470336914062,
  "summary_fg_stdv": 170.47366333007812,
  "tsnr": 94.38906860351562
}