{
  "aor": 0.001709548872180451,
  "aqi": 0.0031737415789473682,
  "bids_meta": {
    "EchoTime": 0.027,
    "FlipAngle": 90,
    "MagneticFieldStrength": 3.0,
    "Manufacturer": "Siemens",
    "ManufacturersModelName": "MAGNETOM Trio",
    "ReceiveCoilName": "Siemens 12 channel Head Matrix Coil (Erlangen, Germany)",
    "RepetitionTime": 2.5,
    "TaskName": "rest",
    "modality": "bold",
    "run_id": "1",
    "subject_id": "030",
    "task_id": "rest"
  },
  "dummy_trs": 0,
  "dvars_nstd": 15.796639189393934,
  "dvars_std": 1.3262889840909087,
  "dvars_vstd": 1.0094730661363636,
  "efc": 0.39142227554362974,
  "fber": 46687.6875,
  "fd_mean": 0.07213067518209135,
  "fd_num": 1,
  "fd_perc": 0.7518796992481203,
  "fwhm_avg": 2.5316903623620495,
  "fwhm_x": 2.31682,
  "fwhm_y": 2.907775,
  "fwhm_z": 2.3704760870861485,
  "gcor": 0.0246571,
  "gsr_x": -0.014490645378828049,
  "gsr_y": 0.014245055615901947,
  "provenance": {
    "md5sum": "b9e48a5d5ab8743215f5f43816d707b5",
    "settings": {
      "fd_thres": 0.2,
      "hmc_fsl": false
    },
    "software": "mriqc",
    "version": "0.9.6"
  },
  "size_t": 133,
  "size_x": 64,
  "size_y": 64,
  "size_z": 32,
  "snr": 5.066847705939954,
  "spacing_tr": 2.5,
  "spacing_x": 4.0,
  "spacing_y": 4.0,
  "spacing_z": 4.000002384185791,
  "summary_bg_k": 132.1575834464389,
  "summary_bg_mad": 1.906203031539917,
  "summary_bg_mean": 12.465534210205078,
  "summary_bg_median": 3.0977444648742676,
  "summary_bg_n": 86538.0,
  "summary_bg_p05": 1.3233083486557007,
  "summary_bg_p95": 55.017293167114175,
  "summary_bg_stdv": 38.09114456176758,
  "summary_fg_k": 5.125651760743883,
  "summary_fg_mad": 82.61878967285156,
  "summary_fg_mean": 669.4447631835938,
  "summary_fg_median": 691.5,
  "summary_fg_n": 18408.0,
  "summary_fg_p05": 391.36241455078124,
  "summary_fg_p95": 826.8011657714843,
  "summary_fg_stdv": 136.4716796875,
  "tsnr": 113.32980346679688
}