{
  "aor": 0.001484812030075188,
  "aqi": 0.003643967744360903,
  "bids_meta": {
    "EchoTime": 0.027,
    "FlipAngle": 90,
    "MagneticFieldStrength": 3.0,
    "Manufacturer": "Siemens",
    "ManufacturersModelName": "MAGNETOM Trio",
    "ReceiveCoilName": "Siemens 12 channel Head Matrix Coil (Erlangen, Germany)",
    "RepetitionTime": 2.5,
    "TaskName": "rest",
    "modality": "bold",
    "run_id": "1",
    "subject_id": "036",
    "task_id": "rest"
  },
  "dummy_trs": 0,
  "dvars_nstd": 18.42304721772728,
  "dvars_std": 1.3073983549999997,
  "dvars_vstd": 0.9954733500000003,
  "efc": 0.37972112353430026,
  "fber": 48780.51953125,
  "fd_mean": 0.11832590564895064,
  "fd_num": 5,
  "fd_perc": 3.7593984962406015,
  "fwhm_avg": 2.6093331988405684,
  "fwhm_x": 2.40322,
  "fwhm_y": 2.9859751779779895,
  "fwhm_z": 2.438804418543716,
  "gcor": 0.0161576,
  "gsr_x": -0.014259456656873226,
  "gsr_y": 0.011593685485422611,
  "provenance": {
    "md5sum": "89d2a3ead57fdf90ff3498bfe3a903a4",
    "settings": {
      "fd_thres": 0.2,
      "hmc_fsl": false
    },
    "software": "mriqc",
    "version": "0.9.6"
  },
  "size_t": 133,
  "size_x": 64,
  "size_y": 64,
  "size_z": 32,
  "snr": 4.978882402425441,
  "spacing_tr": 2.5,
  "spacing_x": 4.0,
  "spacing_y": 3.999999761581421,
  "spacing_z": 4.000000953674316,
  "summary_bg_k": 80.14101637531816,
  "summary_bg_mad": 1.9396452903747559,
  "summary_bg_mean": 11.507458686828613,
  "summary_bg_median": 3.270676851272583,
  "summary_bg_n": 87826.0,
  "summary_bg_p05": 1.4736841917037964,
  "summary_bg_p95": 48.40413761138916,
  "summary_bg_stdv": 30.412126541137695,
  "summary_fg_k": 4.42199549471694,
  "summary_fg_mad": 96.58650207519531,
  "summary_fg_mean": 724.9049072265625,
  "summary_fg_median": 747.91357421875,
  "summary_fg_n": 17468.0,
  "summary_fg_p05": 417.4353485107422,
  "summary_fg_p95": 904.9293487548828,
  "summary_fg_stdv": 150.21286010742188,
  "tsnr": 94.57931518554688
}