{
  "aor": 0.004421052631578946,
  "aqi": 0.0043435377443609025,
  "bids_meta": {
    "EchoTime": 0.027,
    "FlipAngle": 90,
    "MagneticFieldStrength": 3.0,
    "Manufacturer": "Siemens",
    "ManufacturersModelName": "MAGNETOM Trio",
    "ReceiveCoilName": "Siemens 12 channel Head Matrix Coil (Erlangen, Germany)",
    "RepetitionTime": 2.5,
    "TaskName": "rest",
    "modality": "bold",
    "run_id": "2",
    "subject_id": "038",
    "task_id": "rest"
  },
  "dummy_trs": 0,
  "dvars_nstd": 17.78468839325757,
  "dvars_std": 1.353324082424242,
  "dvars_vstd": 1.0236323259090907,
  "efc": 0.3989057890320445,
  "fber": 41109.0234375,
  "fd_mean": 0.1064197188124449,
  "fd_num": 17,
  "fd_perc": 12.781954887218046,
  "fwhm_avg": 2.490542646932479,
  "fwhm_x": 2.32566,
  "fwhm_y": 2.68085,
  "fwhm_z": 2.4651179407974375,
  "gcor": 0.0857287,
  "gsr_x": -0.008076263591647148,
  "gsr_y": 0.007088125217705965,
  "provenance": {
    "md5sum": "fd0df673d8158274d3466afd03e0c135",
    "settings": {
      "fd_thres": 0.2,
      "hmc_fsl": false
    },
    "software": "mriqc",
    "version": "0.9.6"
  },
  "size_t": 133,
  "size_x": 64,
  "size_y": 64,
  "size_z": 32,
  "snr": 4.98991219648037,
  "spacing_tr": 2.5,
  "spacing_x": 4.0,
  "spacing_y": 4.0,
  "spacing_z": 3.9999992847442627,
  "summary_bg_k": 74.82823374985054,
  "summary_bg_mad": 2.4301300048828125,
  "summary_bg_mean": 12.46916389465332,
  "summary_bg_median": 3.6842105388641357,
  "summary_bg_n": 85424.0,
  "summary_bg_p05": 1.3834587335586548,
  "summary_bg_p95": 53.74210624694811,
  "summary_bg_stdv": 30.424386978149414,
  "summary_fg_k": 4.654278633649567,
  "summary_fg_mad": 99.72454833984375,
  "summary_fg_mean": 751.1204833984375,
  "summary_fg_median": 771.9172973632812,
  "summary_fg_n": 19297.0,
  "summary_fg_p05": 446.55791015625005,
  "summary_fg_p95": 939.0165649414063,
  "summary_fg_stdv": 154.69155883789062,
  "tsnr": 89.71125793457031
}