{
  "aor": 0.005760676691729322,
  "aqi": 0.009061536315789475,
  "bids_meta": {
    "EchoTime": 0.027,
    "FlipAngle": 90,
    "MagneticFieldStrength": 3.0,
    "Manufacturer": "Siemens",
    "ManufacturersModelName": "MAGNETOM Trio",
    "ReceiveCoilName": "Siemens 12 channel Head Matrix Coil (Erlangen, Germany)",
    "RepetitionTime": 2.5,
    "TaskName": "rest",
    "modality": "bold",
    "run_id": "1",
    "subject_id": "040",
    "task_id": "rest"
  },
  "dummy_trs": 0,
  "dvars_nstd": 21.812685027196977,
  "dvars_std": 1.3931438394696969,
  "dvars_vstd": 0.9839656833333333,
  "efc": 0.4328653661648581,
  "fber": 33415.28515625,
  "fd_mean": 0.12561986581095022,
  "fd_num": 17,
  "fd_perc": 12.781954887218046,
  "fwhm_avg": 2.551869362927523,
  "fwhm_x": 2.25085,
  "fwhm_y": 2.935225,
  "fwhm_z": 2.4695330887825704,
  "gcor": 0.0297771,
  "gsr_x": -0.019037174060940742,
  "gsr_y": 0.02717575989663601,
  "provenance": {
    "md5sum": "22694877a6a375bd9eff54f3ff7f0df0",
    "settings": {
      "fd_thres": 0.2,
      "hmc_fsl": false
    },
    "software": "mriqc",
    "version": "0.9.6"
  },
  "size_t": 133,
  "size_x": 64,
  "size_y": 64,
  "size_z": 32,
  "snr": 4.936381848150635,
  "spacing_tr": 2.5,
  "spacing_x": 4.0,
  "spacing_y": 4.0,
  "spacing_z": 3.9999990463256836,
  "summary_bg_k": 37.50105632831149,
  "summary_bg_mad": 2.552751302719116,
  "summary_bg_mean": 18.21121597290039,
  "summary_bg_median": 3.9774436950683594,
  "summary_bg_n": 82839.0,
  "summary_bg_p05": 1.7218044996261597,
  "summary_bg_p95": 105.18195800781172,
  "summary_bg_stdv": 43.78234100341797,
  "summary_fg_k": 4.071134436093373,
  "summary_fg_mad": 100.07565307617188,
  "summary_fg_mean": 730.2813110351562,
  "summary_fg_median": 752.9737548828125,
  "summary_fg_n": 21520.0,
  "summary_fg_p05": 424.5793441772461,
  "summary_fg_p95": 915.8342315673827,
  "summary_fg_stdv": 152.53201293945312,
  "tsnr": 67.57273864746094
}