{
  "aor": 0.0021231818181818183,
  "aqi": 0.0036820329545454544,
  "bids_meta": {
    "EchoTime": 0.027,
    "FlipAngle": 90,
    "MagneticFieldStrength": 3.0,
    "Manufacturer": "Siemens",
    "ManufacturersModelName": "MAGNETOM Trio",
    "ReceiveCoilName": "Siemens 12 channel Head Matrix Coil (Erlangen, Germany)",
    "RepetitionTime": 2.5,
    "TaskName": "rest",
    "modality": "bold",
    "run_id": "1",
    "subject_id": "092",
    "task_id": "rest"
  },
  "dummy_trs": 0,
  "dvars_nstd": 19.296098629083975,
  "dvars_std": 1.423444854580153,
  "dvars_vstd": 0.9834097779389313,
  "efc": 0.4477838349446416,
  "fber": 33983.9921875,
  "fd_mean": 0.08046232448070265,
  "fd_num": 5,
  "fd_perc": 3.787878787878788,
  "fwhm_avg": 2.4382576430334404,
  "fwhm_x": 2.11687,
  "fwhm_y": 2.7982,
  "fwhm_z": 2.399702929100322,
  "gcor": 0.0289627,
  "gsr_x": -0.012888411991298199,
  "gsr_y": 0.01957262121140957,
  "provenance": {
    "md5sum": "54d63db6848b6f60ea34fbd00c96f0ee",
    "settings": {
      "fd_thres": 0.2,
      "hmc_fsl": false
    },
    "software": "mriqc",
    "version": "0.9.6"
  },
  "size_t": 132,
  "size_x": 64,
  "size_y": 64,
  "size_z": 32,
  "snr": 5.352154781495539,
  "spacing_tr": 2.5,
  "spacing_x": 4.0,
  "spacing_y": 4.0,
  "spacing_z": 3.9999992847442627,
  "summary_bg_k": 45.09196355822229,
  "summary_bg_mad": 3.526796340942383,
  "summary_bg_mean": 18.860206604003906,
  "summary_bg_median": 4.628787994384766,
  "summary_bg_n": 79904.0,
  "summary_bg_p05": 1.64393949508667,
  "summary_bg_p95": 92.05947151184075,
  "summary_bg_stdv": 44.867618560791016,
  "summary_fg_k": 4.2462083341504675,
  "summary_fg_mad": 127.13314056396484,
  "summary_fg_mean": 884.0057983398438,
  "summary_fg_median": 889.712158203125,
  "summary_fg_n": 24140.0,
  "summary_fg_p05": 624.4284149169922,
  "summary_fg_p95": 1122.1973999023437,
  "summary_fg_stdv": 166.23094177246094,
  "tsnr": 98.56686401367188
}