{
  "aor": 0.002133106060606061,
  "aqi": 0.0029118771212121213,
  "bids_meta": {
    "EchoTime": 0.027,
    "FlipAngle": 90,
    "MagneticFieldStrength": 3.0,
    "Manufacturer": "Siemens",
    "ManufacturersModelName": "MAGNETOM Trio",
    "ReceiveCoilName": "Siemens 12 channel Head Matrix Coil (Erlangen, Germany)",
    "RepetitionTime": 2.5,
    "TaskName": "rest",
    "modality": "bold",
    "run_id": "1",
    "subject_id": "047",
    "task_id": "rest"
  },
  "dummy_trs": 0,
  "dvars_nstd": 12.970179558244281,
  "dvars_std": 1.2680069437404582,
  "dvars_vstd": 0.9942433853435114,
  "efc": 0.3875565051129183,
  "fber": 49889.36328125,
  "fd_mean": 0.05781792381841045,
  "fd_num": 4,
  "fd_perc": 3.0303030303030303,
  "fwhm_avg": 2.5141598006185375,
  "fwhm_x": 2.344805,
  "fwhm_y": 2.688875,
  "fwhm_z": 2.5087994018556112,
  "gcor": 0.0203093,
  "gsr_x": -0.011331728659570217,
  "gsr_y": 0.012717303819954395,
  "provenance": {
    "md5sum": "9c22a813ed023e16834c745c262c4c65",
    "settings": {
      "fd_thres": 0.2,
      "hmc_fsl": false
    },
    "software": "mriqc",
    "version": "0.9.6"
  },
  "size_t": 132,
  "size_x": 64,
  "size_y": 64,
  "size_z": 32,
  "snr": 4.852929637703322,
  "spacing_tr": 2.5,
  "spacing_x": 4.0,
  "spacing_y": 4.0,
  "spacing_z": 4.000000953674316,
  "summary_bg_k": 117.20968726873001,
  "summary_bg_mad": 2.4710042476654053,
  "summary_bg_mean": 15.139984130859375,
  "summary_bg_median": 4.136363983154297,
  "summary_bg_n": 86548.0,
  "summary_bg_p05": 1.7272727489471436,
  "summary_bg_p95": 65.9670444488525,
  "summary_bg_stdv": 42.71094512939453,
  "summary_fg_k": 3.79397819994191,
  "summary_fg_mad": 135.87713623046875,
  "summary_fg_mean": 932.1984252929688,
  "summary_fg_median": 956.6477661132812,
  "summary_fg_n": 18604.0,
  "summary_fg_p05": 544.1780517578126,
  "summary_fg_p95": 1183.400457763672,
  "summary_fg_stdv": 197.12258911132812,
  "tsnr": 117.65987396240234
}