{
  "bids_meta": {
    "EchoTime": 0.03,
    "FlipAngle": 8,
    "MagneticFieldStrength": 3.0,
    "Manufacturer": "Siemens",
    "ManufacturersModelName": "MAGNETOM Trio",
    "ReceiveCoilName": "Siemens 12 channel Head Matrix Coil (Erlangen, Germany)",
    "RepetitionTime": 2.4,
    "modality": "T1w",
    "subject_id": "079"
  },
  "cjv": 0.4973046713935549,
  "cnr": 2.6938860480770894,
  "efc": 0.5648531355902199,
  "fber": 2032.713623046875,
  "fwhm_avg": 3.7809066666666666,
  "fwhm_x": 3.82574,
  "fwhm_y": 3.9494,
  "fwhm_z": 3.56758,
  "icvs_csf": 0.17452745251676352,
  "icvs_gm": 0.41497297437432284,
  "icvs_wm": 0.4104995731089136,
  "inu_med": 1.021817922592163,
  "inu_range": 0.5157821536064149,
  "provenance": {
    "md5sum": "5de45d6cad242e5f31b050ef5c82ba3a",
    "mriqc_pred": 0,
    "settings": {
      "testing": false
    },
    "software": "mriqc",
    "version": "0.9.6",
    "warnings": {
      "large_rot_frame": true,
      "small_air_mask": false
    }
  },
  "qi_1": 0.0,
  "qi_2": 0.02808840740104907,
  "rpve_csf": 37.32893303600385,
  "rpve_gm": 16.666258420700984,
  "rpve_wm": 19.762470784561923,
  "size_x": 256,
  "size_y": 256,
  "size_z": 256,
  "snr_csf": 3.093585003922349,
  "snr_gm": 11.676392169762366,
  "snr_total": 10.827597170697677,
  "snr_wm": 17.712814338408318,
  "snrd_csf": 26.47590828397759,
  "snrd_gm": 45.17948752486591,
  "snrd_total": 43.58795718182131,
  "snrd_wm": 59.10847573662043,
  "spacing_x": 1.0,
  "spacing_y": 1.0,
  "spacing_z": 1.0,
  "summary_bg_k": 4.178390354980979,
  "summary_bg_mad": 11.083976745605469,
  "summary_bg_mean": 17.591365814208984,
  "summary_bg_median": 14.730033874511719,
  "summary_bg_n": 4168715.0,
  "summary_bg_p05": 2.897821712493897,
  "summary_bg_p95": 43.12580261230468,
  "summary_bg_stdv": 13.410563468933105,
  "summary_csf_k": -0.7709543197211213,
  "summary_csf_mad": 180.0102996826172,
  "summary_csf_mean": 453.40704345703125,
  "summary_csf_median": 447.93475341796875,
  "summary_csf_n": 18583.0,
  "summary_csf_p05": 245.94730377197266,
  "summary_csf_p95": 685.682012939453,
  "summary_csf_stdv": 144.7908172607422,
  "summary_gm_k": 0.23005442694491451,
  "summary_gm_mad": 63.115474700927734,
  "summary_gm_mean": 769.2575073242188,
  "summary_gm_median": 764.3727416992188,
  "summary_gm_n": 24875.0,
  "summary_gm_p05": 669.5985168457031,
  "summary_gm_p95": 884.8088562011719,
  "summary_gm_stdv": 65.46177673339844,
  "summary_wm_k": 0.3923143025233613,
  "summary_wm_mad": 54.07869338989258,
  "summary_wm_mean": 1001.1448974609375,
  "summary_wm_median": 1000.0314331054688,
  "summary_wm_n": 283559.0,
  "summary_wm_p05": 910.5794189453125,
  "summary_wm_p95": 1095.958117675781,
  "summary_wm_stdv": 56.457977294921875,
  "tpm_overlap_csf": 0.22169160842895508,
  "tpm_overlap_gm": 0.499114990234375,
  "tpm_overlap_wm": 0.5557854175567627,
  "wm2max": 0.5318758019936851
}