{
  "bids_meta": {
    "EchoTime": 0.03,
    "FlipAngle": 8,
    "MagneticFieldStrength": 3.0,
    "Manufacturer": "Siemens",
    "ManufacturersModelName": "MAGNETOM Trio",
    "ReceiveCoilName": "Siemens 12 channel Head Matrix Coil (Erlangen, Germany)",
    "RepetitionTime": 2.4,
    "modality": "T1w",
    "subject_id": "024"
  },
  "cjv": 0.5454334609424081,
  "cnr": 2.5399406297390774,
  "efc": 0.6085554275726482,
  "fber": 1209.1898193359375,
  "fwhm_avg": 3.2389035916225346,
  "fwhm_x": 3.28341039141302,
  "fwhm_y": 3.4278002043128133,
  "fwhm_z": 3.005500179141771,
  "icvs_csf": 0.18289806527767535,
  "icvs_gm": 0.4440619036039263,
  "icvs_wm": 0.37304003111839834,
  "inu_med": 1.0332258939743042,
  "inu_range": 0.5617271363735199,
  "provenance": {
    "md5sum": "427f87bc2369c583af8b773ceb48cb09",
    "mriqc_pred": 0,
    "settings": {
      "testing": false
    },
    "software": "mriqc",
    "version": "0.9.6",
    "warnings": {
      "large_rot_frame": true,
      "small_air_mask": false
    }
  },
  "qi_1": 0.0,
  "qi_2": 0.0121352824100164,
  "rpve_csf": 23.466213609763706,
  "rpve_gm": 10.74782679548144,
  "rpve_wm": 14.876550611141383,
  "size_x": 176,
  "size_y": 256,
  "size_z": 256,
  "snr_csf": 2.8463858368057275,
  "snr_gm": 8.73809675952975,
  "snr_total": 8.096208786757948,
  "snr_wm": 12.704143763938367,
  "snrd_csf": 23.076254936514026,
  "snrd_gm": 35.770838780519746,
  "snrd_total": 36.4117151179322,
  "snrd_wm": 50.3880516367628,
  "spacing_x": 0.9999998807907104,
  "spacing_y": 0.9999999403953552,
  "spacing_z": 0.9999999403953552,
  "summary_bg_k": 4.032873419390354,
  "summary_bg_mad": 13.002304077148438,
  "summary_bg_mean": 20.808069229125977,
  "summary_bg_median": 17.003026962280273,
  "summary_bg_n": 3539651.0,
  "summary_bg_p05": 3.743184804916382,
  "summary_bg_p95": 50.923187255859375,
  "summary_bg_stdv": 15.765572547912598,
  "summary_csf_k": -0.26390297912419447,
  "summary_csf_mad": 166.01104736328125,
  "summary_csf_mean": 447.81048583984375,
  "summary_csf_median": 457.9878234863281,
  "summary_csf_n": 4926.0,
  "summary_csf_p05": 181.9120979309082,
  "summary_csf_p95": 705.3752136230469,
  "summary_csf_stdv": 160.88519287109375,
  "summary_gm_k": 0.3906122252637969,
  "summary_gm_mad": 79.87555694580078,
  "summary_gm_mean": 711.42578125,
  "summary_gm_median": 709.93359375,
  "summary_gm_n": 17317.0,
  "summary_gm_p05": 582.9858764648437,
  "summary_gm_p95": 848.1638061523438,
  "summary_gm_stdv": 81.24344635009766,
  "summary_wm_k": -0.012256370043997933,
  "summary_wm_mad": 78.35667419433594,
  "summary_wm_mean": 1001.354736328125,
  "summary_wm_median": 1000.0372314453125,
  "summary_wm_n": 237464.0,
  "summary_wm_p05": 874.3396881103516,
  "summary_wm_p95": 1134.0567260742187,
  "summary_wm_stdv": 78.71723937988281,
  "tpm_overlap_csf": 0.1780470311641693,
  "tpm_overlap_gm": 0.48885852098464966,
  "tpm_overlap_wm": 0.5314807891845703,
  "wm2max": 0.5721569669584177
}