{
  "aor": 0.0007877916666666668,
  "aqi": 0.0038336189999999995,
  "bids_meta": {
    "EchoTime": 0.027,
    "FlipAngle": 90,
    "MagneticFieldStrength": 3.0,
    "Manufacturer": "Siemens",
    "ManufacturersModelName": "MAGNETOM Trio",
    "ReceiveCoilName": "Siemens 12 channel Head Matrix Coil (Erlangen, Germany)",
    "RepetitionTime": 2.5,
    "TaskName": "rest",
    "modality": "bold",
    "run_id": "1",
    "subject_id": "079",
    "task_id": "rest"
  },
  "dummy_trs": 0,
  "dvars_nstd": 15.652657823933058,
  "dvars_std": 1.2538424948953977,
  "dvars_vstd": 0.9775931538075316,
  "efc": 0.43836214262481127,
  "fber": 36029.671875,
  "fd_mean": 0.05067267762043244,
  "fd_num": 3,
  "fd_perc": 1.25,
  "fwhm_avg": 2.522065977261887,
  "fwhm_x": 2.3075525,
  "fwhm_y": 2.843925,
  "fwhm_z": 2.4147204317856605,
  "gcor": 0.0367886,
  "gsr_x": -0.015669051557779312,
  "gsr_y": 0.01702493615448475,
  "provenance": {
    "md5sum": "797d646ff4997d0de9c5972de3bcd5bc",
    "settings": {
      "fd_thres": 0.2,
      "hmc_fsl": false
    },
    "software": "mriqc",
    "version": "0.9.6"
  },
  "size_t": 240,
  "size_x": 64,
  "size_y": 64,
  "size_z": 32,
  "snr": 5.4562604089047175,
  "spacing_tr": 2.5,
  "spacing_x": 4.0,
  "spacing_y": 4.0,
  "spacing_z": 3.9999992847442627,
  "summary_bg_k": 53.59594884825179,
  "summary_bg_mad": 2.7489914894104004,
  "summary_bg_mean": 17.80220603942871,
  "summary_bg_median": 4.058333396911621,
  "summary_bg_n": 81440.0,
  "summary_bg_p05": 1.6250001192092896,
  "summary_bg_p95": 85.85917091369635,
  "summary_bg_stdv": 44.970802307128906,
  "summary_fg_k": 5.769601560035957,
  "summary_fg_mad": 92.600830078125,
  "summary_fg_mean": 784.9702758789062,
  "summary_fg_median": 803.7208251953125,
  "summary_fg_n": 22666.0,
  "summary_fg_p05": 511.8625259399414,
  "summary_fg_p95": 962.5563049316406,
  "summary_fg_stdv": 147.29925537109375,
  "tsnr": 102.88406372070312
}