{
  "aor": 0.0040678055555555545,
  "aqi": 0.005774851916666668,
  "bids_meta": {
    "EchoTime": 0.027,
    "FlipAngle": 90,
    "MagneticFieldStrength": 3.0,
    "Manufacturer": "Siemens",
    "ManufacturersModelName": "MAGNETOM Trio",
    "ReceiveCoilName": "Siemens 12 channel Head Matrix Coil (Erlangen, Germany)",
    "RepetitionTime": 2.5,
    "TaskName": "rest",
    "modality": "bold",
    "run_id": "1",
    "subject_id": "085",
    "task_id": "rest"
  },
  "dummy_trs": 0,
  "dvars_nstd": 20.008603677799425,
  "dvars_std": 1.3114314683008355,
  "dvars_vstd": 1.0105993350417828,
  "efc": 0.39240983538726515,
  "fber": 44857.01953125,
  "fd_mean": 0.1701158501495401,
  "fd_num": 87,
  "fd_perc": 24.166666666666668,
  "fwhm_avg": 2.489936992669341,
  "fwhm_x": 2.252575,
  "fwhm_y": 2.8732,
  "fwhm_z": 2.3440359780080224,
  "gcor": 0.0329704,
  "gsr_x": -0.010329405777156353,
  "gsr_y": 0.011929645203053951,
  "provenance": {
    "md5sum": "e0113c781910a9f28d41d72f65c0ad9a",
    "settings": {
      "fd_thres": 0.2,
      "hmc_fsl": false
    },
    "software": "mriqc",
    "version": "0.9.6"
  },
  "size_t": 360,
  "size_x": 64,
  "size_y": 64,
  "size_z": 32,
  "snr": 4.954975502097427,
  "spacing_tr": 2.5,
  "spacing_x": 4.0,
  "spacing_y": 4.0,
  "spacing_z": 3.9999983310699463,
  "summary_bg_k": 64.53527403831318,
  "summary_bg_mad": 2.2774417400360107,
  "summary_bg_mean": 11.811537742614746,
  "summary_bg_median": 3.730555534362793,
  "summary_bg_n": 85298.0,
  "summary_bg_p05": 1.6722222566604614,
  "summary_bg_p95": 51.6138916015625,
  "summary_bg_stdv": 28.244049072265625,
  "summary_fg_k": 4.030902086095435,
  "summary_fg_mad": 115.81803131103516,
  "summary_fg_mean": 800.977783203125,
  "summary_fg_median": 821.7764282226562,
  "summary_fg_n": 19284.0,
  "summary_fg_p05": 475.9082000732422,
  "summary_fg_p95": 1012.2320922851563,
  "summary_fg_stdv": 165.8444366455078,
  "tsnr": 72.65242767333984
}