{
  "bids_meta": {
    "EchoTime": 0.03,
    "FlipAngle": 8,
    "MagneticFieldStrength": 3.0,
    "Manufacturer": "Siemens",
    "ManufacturersModelName": "MAGNETOM Trio",
    "ReceiveCoilName": "Siemens 12 channel Head Matrix Coil (Erlangen, Germany)",
    "RepetitionTime": 2.4,
    "modality": "T1w",
    "subject_id": "109"
  },
  "cjv": 0.45957874192995135,
  "cnr": 2.9036297203484023,
  "efc": 0.559131431823755,
  "fber": 1485.436767578125,
  "fwhm_avg": 3.2737134036429762,
  "fwhm_x": 3.18653,
  "fwhm_y": 3.5388002109289296,
  "fwhm_z": 3.09581,
  "icvs_csf": 0.2165829174003839,
  "icvs_gm": 0.40985494458276905,
  "icvs_wm": 0.37356213801684707,
  "inu_med": 1.1348271369934082,
  "inu_range": 0.34861410856246944,
  "provenance": {
    "md5sum": "4e40f4ff2a79eeee860014450611a450",
    "mriqc_pred": 0,
    "settings": {
      "testing": false
    },
    "software": "mriqc",
    "version": "0.9.6",
    "warnings": {
      "large_rot_frame": true,
      "small_air_mask": false
    }
  },
  "qi_1": 0.0,
  "qi_2": 0.006732359086152087,
  "rpve_csf": 28.581312357441966,
  "rpve_gm": 15.518631162127765,
  "rpve_wm": 20.80809614787962,
  "size_x": 176,
  "size_y": 256,
  "size_z": 256,
  "snr_csf": 2.643773381756835,
  "snr_gm": 8.421314212515849,
  "snr_total": 9.336311473016018,
  "snr_wm": 16.94384682477537,
  "snrd_csf": 22.824369720767823,
  "snrd_gm": 43.29999669543899,
  "snrd_total": 42.62906789407504,
  "snrd_wm": 61.7628372660183,
  "spacing_x": 1.0,
  "spacing_y": 0.9999999403953552,
  "spacing_z": 1.0,
  "summary_bg_k": 4.700503549280185,
  "summary_bg_mad": 10.607400894165039,
  "summary_bg_mean": 18.28385353088379,
  "summary_bg_median": 15.31844711303711,
  "summary_bg_n": 3890505.0,
  "summary_bg_p05": 2.9048258304595946,
  "summary_bg_p95": 44.03136520385739,
  "summary_bg_stdv": 13.630110740661621,
  "summary_csf_k": 4.369603544544102,
  "summary_csf_mad": 152.3246612548828,
  "summary_csf_mean": 362.5503234863281,
  "summary_csf_median": 369.55242919921875,
  "summary_csf_n": 6279.0,
  "summary_csf_p05": 139.41658477783204,
  "summary_csf_p95": 571.6449462890624,
  "summary_csf_stdv": 139.77105712890625,
  "summary_gm_k": 0.15263156290413304,
  "summary_gm_mad": 81.01185607910156,
  "summary_gm_mean": 704.2783203125,
  "summary_gm_median": 701.0760498046875,
  "summary_gm_n": 13724.0,
  "summary_gm_p05": 573.1772338867188,
  "summary_gm_p95": 847.8244201660154,
  "summary_gm_stdv": 83.24716186523438,
  "summary_wm_k": 0.3912443833708861,
  "summary_wm_mad": 56.372005462646484,
  "summary_wm_mean": 999.6541137695312,
  "summary_wm_median": 1000.0103759765625,
  "summary_wm_n": 177275.0,
  "summary_wm_p05": 901.9333190917969,
  "summary_wm_p95": 1095.991320800781,
  "summary_wm_stdv": 59.0189208984375,
  "tpm_overlap_csf": 0.2011583298444748,
  "tpm_overlap_gm": 0.4941028356552124,
  "tpm_overlap_wm": 0.5569537281990051,
  "wm2max": 0.5801415407697676
}