{
  "aor": 0.001632153846153846,
  "aqi": 0.004316778153846153,
  "bids_meta": {
    "EchoTime": 0.027,
    "FlipAngle": 90,
    "MagneticFieldStrength": 3.0,
    "Manufacturer": "Siemens",
    "ManufacturersModelName": "MAGNETOM Trio",
    "ReceiveCoilName": "Siemens 12 channel Head Matrix Coil (Erlangen, Germany)",
    "RepetitionTime": 2.5,
    "TaskName": "rest",
    "modality": "bold",
    "run_id": "1",
    "subject_id": "018",
    "task_id": "rest"
  },
  "dummy_trs": 0,
  "dvars_nstd": 15.094921200542625,
  "dvars_std": 1.197110758217053,
  "dvars_vstd": 0.9572937563565893,
  "efc": 0.4352106956066259,
  "fber": 36912.5703125,
  "fd_mean": 0.04050311646261907,
  "fd_num": 0,
  "fd_perc": 0.0,
  "fwhm_avg": 2.5564482370878374,
  "fwhm_x": 2.2634725,
  "fwhm_y": 2.983775,
  "fwhm_z": 2.4220972112635124,
  "gcor": 0.0532578,
  "gsr_x": -0.019298959523439407,
  "gsr_y": 0.029988335445523262,
  "provenance": {
    "md5sum": "b2b2a1114801cfe58e2e72e17a5bf5d6",
    "settings": {
      "fd_thres": 0.2,
      "hmc_fsl": false
    },
    "software": "mriqc",
    "version": "0.9.6"
  },
  "size_t": 130,
  "size_x": 64,
  "size_y": 64,
  "size_z": 32,
  "snr": 4.930616908888065,
  "spacing_tr": 2.5,
  "spacing_x": 4.0,
  "spacing_y": 4.0,
  "spacing_z": 4.000000476837158,
  "summary_bg_k": 32.472654847536674,
  "summary_bg_mad": 2.7371115684509277,
  "summary_bg_mean": 18.145050048828125,
  "summary_bg_median": 4.015384674072266,
  "summary_bg_n": 81577.0,
  "summary_bg_p05": 1.6615384817123413,
  "summary_bg_p95": 99.7169235229492,
  "summary_bg_stdv": 44.06631851196289,
  "summary_fg_k": 3.828628498834968,
  "summary_fg_mad": 117.49052429199219,
  "summary_fg_mean": 788.7106323242188,
  "summary_fg_median": 799.6769409179688,
  "summary_fg_n": 22381.0,
  "summary_fg_p05": 498.1076965332031,
  "summary_fg_p95": 1005.8076782226562,
  "summary_fg_stdv": 162.18235778808594,
  "tsnr": 89.76911163330078
}