{
  "aor": 0.002435338345864662,
  "aqi": 0.0034969203759398493,
  "bids_meta": {
    "EchoTime": 0.027,
    "FlipAngle": 90,
    "MagneticFieldStrength": 3.0,
    "Manufacturer": "Siemens",
    "ManufacturersModelName": "MAGNETOM Trio",
    "ReceiveCoilName": "Siemens 12 channel Head Matrix Coil (Erlangen, Germany)",
    "RepetitionTime": 2.5,
    "TaskName": "rest",
    "modality": "bold",
    "run_id": "1",
    "subject_id": "039",
    "task_id": "rest"
  },
  "dummy_trs": 0,
  "dvars_nstd": 17.27390695325757,
  "dvars_std": 1.353376141060606,
  "dvars_vstd": 1.003249920151515,
  "efc": 0.44154560886662325,
  "fber": 41778.87890625,
  "fd_mean": 0.10211476858727953,
  "fd_num": 10,
  "fd_perc": 7.518796992481203,
  "fwhm_avg": 2.5427846897495194,
  "fwhm_x": 2.218907632257201,
  "fwhm_y": 2.998575,
  "fwhm_z": 2.410871436991356,
  "gcor": 0.0272988,
  "gsr_x": -0.018154865130782127,
  "gsr_y": 0.02133377641439438,
  "provenance": {
    "md5sum": "67c0fdf970db4122d30fadbdc46afbbe",
    "settings": {
      "fd_thres": 0.2,
      "hmc_fsl": false
    },
    "software": "mriqc",
    "version": "0.9.6"
  },
  "size_t": 133,
  "size_x": 64,
  "size_y": 64,
  "size_z": 32,
  "snr": 5.274822413205613,
  "spacing_tr": 2.5,
  "spacing_x": 3.999999761581421,
  "spacing_y": 4.0,
  "spacing_z": 3.999997615814209,
  "summary_bg_k": 68.31991202160091,
  "summary_bg_mad": 2.452425003051758,
  "summary_bg_mean": 15.117480278015137,
  "summary_bg_median": 3.819549083709717,
  "summary_bg_n": 80258.0,
  "summary_bg_p05": 1.6240601539611816,
  "summary_bg_p95": 74.66391487121574,
  "summary_bg_stdv": 39.577877044677734,
  "summary_fg_k": 4.802932944061112,
  "summary_fg_mad": 107.45513916015625,
  "summary_fg_mean": 795.681884765625,
  "summary_fg_median": 813.0902099609375,
  "summary_fg_n": 23672.0,
  "summary_fg_p05": 511.5639343261719,
  "summary_fg_p95": 990.4045318603517,
  "summary_fg_stdv": 154.1422576904297,
  "tsnr": 101.20633697509766
}