{
  "bids_meta": {
    "EchoTime": 0.03,
    "FlipAngle": 8,
    "MagneticFieldStrength": 3.0,
    "Manufacturer": "Siemens",
    "ManufacturersModelName": "MAGNETOM Trio",
    "ReceiveCoilName": "Siemens 12 channel Head Matrix Coil (Erlangen, Germany)",
    "RepetitionTime": 2.4,
    "modality": "T1w",
    "subject_id": "014"
  },
  "cjv": 0.40163135354819796,
  "cnr": 3.2931626580840296,
  "efc": 0.5364129463307444,
  "fber": 2173.695556640625,
  "fwhm_avg": 3.3738766666666664,
  "fwhm_x": 3.44538,
  "fwhm_y": 3.51802,
  "fwhm_z": 3.15823,
  "icvs_csf": 0.19592015386469974,
  "icvs_gm": 0.4345619231478782,
  "icvs_wm": 0.36951792298742203,
  "inu_med": 1.0594077110290527,
  "inu_range": 0.2930966496467591,
  "provenance": {
    "md5sum": "36820d81e7113fdf987793039c3ee5f0",
    "mriqc_pred": 0,
    "settings": {
      "testing": false
    },
    "software": "mriqc",
    "version": "0.9.6",
    "warnings": {
      "large_rot_frame": true,
      "small_air_mask": false
    }
  },
  "qi_1": 0.0,
  "qi_2": 0.0053415237509702495,
  "rpve_csf": 46.809319861849126,
  "rpve_gm": 22.479519969532166,
  "rpve_wm": 30.587058356199993,
  "size_x": 256,
  "size_y": 256,
  "size_z": 256,
  "snr_csf": 3.6621132956102223,
  "snr_gm": 10.571428523941044,
  "snr_total": 11.854896802660798,
  "snr_wm": 21.33114858843113,
  "snrd_csf": 21.580512274275367,
  "snrd_gm": 49.474014116474294,
  "snrd_total": 46.46579487561919,
  "snrd_wm": 68.34285823610792,
  "spacing_x": 1.0,
  "spacing_y": 1.0,
  "spacing_z": 1.0,
  "summary_bg_k": 6.060995463293642,
  "summary_bg_mad": 9.585947036743164,
  "summary_bg_mean": 15.294930458068848,
  "summary_bg_median": 12.75230884552002,
  "summary_bg_n": 3685023.0,
  "summary_bg_p05": 2.4403374195098877,
  "summary_bg_p95": 37.71447715759275,
  "summary_bg_stdv": 11.925009727478027,
  "summary_csf_k": 3.9453623583457427,
  "summary_csf_mad": 66.59642791748047,
  "summary_csf_mean": 331.503173828125,
  "summary_csf_median": 315.7657775878906,
  "summary_csf_n": 23131.0,
  "summary_csf_p05": 226.67273712158203,
  "summary_csf_p95": 497.5825653076172,
  "summary_csf_stdv": 86.22315216064453,
  "summary_gm_k": 0.1321258063786135,
  "summary_gm_mad": 66.93880462646484,
  "summary_gm_mean": 725.7042846679688,
  "summary_gm_median": 723.9031372070312,
  "summary_gm_n": 12201.0,
  "summary_gm_p05": 615.1166381835938,
  "summary_gm_p95": 842.3716430664062,
  "summary_gm_stdv": 68.47451782226562,
  "summary_wm_k": 0.5655392278461382,
  "summary_wm_mad": 43.94706726074219,
  "summary_wm_mean": 999.5944213867188,
  "summary_wm_median": 999.9918212890625,
  "summary_wm_n": 175401.0,
  "summary_wm_p05": 922.1597290039062,
  "summary_wm_p95": 1075.8138427734375,
  "summary_wm_stdv": 46.8792839050293,
  "tpm_overlap_csf": 0.242189422249794,
  "tpm_overlap_gm": 0.5028738379478455,
  "tpm_overlap_wm": 0.5493250489234924,
  "wm2max": 0.6603914194689459
}