{
  "aor": 0.0018098461538461539,
  "aqi": 0.004644588461538462,
  "bids_meta": {
    "EchoTime": 0.027,
    "FlipAngle": 90,
    "MagneticFieldStrength": 3.0,
    "Manufacturer": "Siemens",
    "ManufacturersModelName": "MAGNETOM Trio",
    "ReceiveCoilName": "Siemens 12 channel Head Matrix Coil (Erlangen, Germany)",
    "RepetitionTime": 2.5,
    "TaskName": "rest",
    "modality": "bold",
    "run_id": "2",
    "subject_id": "023",
    "task_id": "rest"
  },
  "dummy_trs": 0,
  "dvars_nstd": 19.735827201938,
  "dvars_std": 1.4650571057364346,
  "dvars_vstd": 1.015028955813953,
  "efc": 0.41526283374376005,
  "fber": 42825.875,
  "fd_mean": 0.05903349082865378,
  "fd_num": 2,
  "fd_perc": 1.5384615384615385,
  "fwhm_avg": 2.4021574519552917,
  "fwhm_x": 2.1555251284793093,
  "fwhm_y": 2.7641,
  "fwhm_z": 2.2868472273865668,
  "gcor": 0.0727978,
  "gsr_x": -0.012382913380861282,
  "gsr_y": 0.019287655130028725,
  "provenance": {
    "md5sum": "7cb21a9f900d24b92a868a7f568f544e",
    "settings": {
      "fd_thres": 0.2,
      "hmc_fsl": false
    },
    "software": "mriqc",
    "version": "0.9.6"
  },
  "size_t": 130,
  "size_x": 64,
  "size_y": 64,
  "size_z": 32,
  "snr": 5.119127785015557,
  "spacing_tr": 2.5,
  "spacing_x": 3.999999761581421,
  "spacing_y": 4.0,
  "spacing_z": 4.000000476837158,
  "summary_bg_k": 43.14478804420755,
  "summary_bg_mad": 2.611660957336426,
  "summary_bg_mean": 16.508195877075195,
  "summary_bg_median": 4.0,
  "summary_bg_n": 83207.0,
  "summary_bg_p05": 1.6538461446762085,
  "summary_bg_p95": 88.26692428588865,
  "summary_bg_stdv": 39.695220947265625,
  "summary_fg_k": 4.233341755421242,
  "summary_fg_mad": 128.14247131347656,
  "summary_fg_mean": 851.2723388671875,
  "summary_fg_median": 864.576904296875,
  "summary_fg_n": 20889.0,
  "summary_fg_p05": 561.3107666015626,
  "summary_fg_p95": 1071.2076416015625,
  "summary_fg_stdv": 168.8874053955078,
  "tsnr": 90.57577514648438
}