{
  "aor": 0.011832030075187969,
  "aqi": 0.019278847368421052,
  "bids_meta": {
    "EchoTime": 0.027,
    "FlipAngle": 90,
    "MagneticFieldStrength": 3.0,
    "Manufacturer": "Siemens",
    "ManufacturersModelName": "MAGNETOM Trio",
    "ReceiveCoilName": "Siemens 12 channel Head Matrix Coil (Erlangen, Germany)",
    "RepetitionTime": 2.5,
    "TaskName": "rest",
    "modality": "bold",
    "run_id": "1",
    "subject_id": "032",
    "task_id": "rest"
  },
  "dummy_trs": 0,
  "dvars_nstd": 25.72502747462121,
  "dvars_std": 1.1931785830303032,
  "dvars_vstd": 0.9665458017424245,
  "efc": 0.42623192157322776,
  "fber": 40000.83984375,
  "fd_mean": 0.29397104737386304,
  "fd_num": 42,
  "fd_perc": 31.57894736842105,
  "fwhm_avg": 2.4894462881920556,
  "fwhm_x": 2.2454325,
  "fwhm_y": 2.84175,
  "fwhm_z": 2.381156364576166,
  "gcor": 0.0104232,
  "gsr_x": -0.015951136127114296,
  "gsr_y": 0.017844779416918755,
  "provenance": {
    "md5sum": "8552bc9900269942a88a068eb795a426",
    "settings": {
      "fd_thres": 0.2,
      "hmc_fsl": false
    },
    "software": "mriqc",
    "version": "0.9.6"
  },
  "size_t": 133,
  "size_x": 64,
  "size_y": 64,
  "size_z": 32,
  "snr": 5.04678132815153,
  "spacing_tr": 2.5,
  "spacing_x": 4.0,
  "spacing_y": 4.0,
  "spacing_z": 4.000001907348633,
  "summary_bg_k": 43.03107475342918,
  "summary_bg_mad": 2.307508707046509,
  "summary_bg_mean": 14.741924285888672,
  "summary_bg_median": 3.609022617340088,
  "summary_bg_n": 82640.0,
  "summary_bg_p05": 1.4511278867721558,
  "summary_bg_p95": 77.8127864837647,
  "summary_bg_stdv": 36.52463150024414,
  "summary_fg_k": 4.4106207095316945,
  "summary_fg_mad": 101.03430938720703,
  "summary_fg_mean": 729.0619506835938,
  "summary_fg_median": 746.61279296875,
  "summary_fg_n": 21888.0,
  "summary_fg_p05": 442.88047180175784,
  "summary_fg_p95": 910.5733276367187,
  "summary_fg_stdv": 147.93502807617188,
  "tsnr": 47.209720611572266
}