{
  "bids_meta": {
    "EchoTime": 0.03,
    "FlipAngle": 8,
    "MagneticFieldStrength": 3.0,
    "Manufacturer": "Siemens",
    "ManufacturersModelName": "MAGNETOM Trio",
    "ReceiveCoilName": "Siemens 12 channel Head Matrix Coil (Erlangen, Germany)",
    "RepetitionTime": 2.4,
    "modality": "T1w",
    "subject_id": "039"
  },
  "cjv": 0.41421513635938034,
  "cnr": 3.187944371163246,
  "efc": 0.588903207599419,
  "fber": 1383.353271484375,
  "fwhm_avg": 3.3024966666666664,
  "fwhm_x": 3.31937,
  "fwhm_y": 3.49205,
  "fwhm_z": 3.09607,
  "icvs_csf": 0.1905828045301374,
  "icvs_gm": 0.431018845199768,
  "icvs_wm": 0.37839835027009455,
  "inu_med": 1.0723233222961426,
  "inu_range": 0.4362693190574647,
  "provenance": {
    "md5sum": "fe8576baff5b66aaa7f8dfdb3352434a",
    "mriqc_pred": 0,
    "settings": {
      "testing": false
    },
    "software": "mriqc",
    "version": "0.9.6",
    "warnings": {
      "large_rot_frame": true,
      "small_air_mask": false
    }
  },
  "qi_1": 0.0,
  "qi_2": 0.006464219060425198,
  "rpve_csf": 22.984862868773984,
  "rpve_gm": 10.946991117529716,
  "rpve_wm": 14.985747602326922,
  "size_x": 176,
  "size_y": 256,
  "size_z": 256,
  "snr_csf": 2.763337599757103,
  "snr_gm": 9.14882534022852,
  "snr_total": 9.486422792295285,
  "snr_wm": 16.547105436900228,
  "snrd_csf": 21.975865465164592,
  "snrd_gm": 39.71599567378286,
  "snrd_total": 39.77629802342991,
  "snrd_wm": 57.637032931342276,
  "spacing_x": 1.0,
  "spacing_y": 1.0,
  "spacing_z": 1.0,
  "summary_bg_k": 3.7627054685329107,
  "summary_bg_mad": 11.3668212890625,
  "summary_bg_mean": 19.049970626831055,
  "summary_bg_median": 16.86757469177246,
  "summary_bg_n": 3365526.0,
  "summary_bg_p05": 3.232428193092346,
  "summary_bg_p95": 45.00790214538574,
  "summary_bg_stdv": 13.711790084838867,
  "summary_csf_k": -0.44731621260108145,
  "summary_csf_mad": 154.40756225585938,
  "summary_csf_mean": 380.2253723144531,
  "summary_csf_median": 381.28814697265625,
  "summary_csf_n": 5736.0,
  "summary_csf_p05": 151.8340835571289,
  "summary_csf_p95": 597.1278839111328,
  "summary_csf_stdv": 137.968994140625,
  "summary_gm_k": 0.3776274290422861,
  "summary_gm_mad": 71.433349609375,
  "summary_gm_mean": 690.4817504882812,
  "summary_gm_median": 689.0849609375,
  "summary_gm_n": 16528.0,
  "summary_gm_p05": 568.5623413085938,
  "summary_gm_p95": 818.3104003906251,
  "summary_gm_stdv": 75.31722259521484,
  "summary_wm_k": 0.4434684453866482,
  "summary_wm_mad": 57.36088562011719,
  "summary_wm_mean": 999.6735229492188,
  "summary_wm_median": 1000.0205688476562,
  "summary_wm_n": 224658.0,
  "summary_wm_p05": 899.7356903076172,
  "summary_wm_p95": 1098.15859375,
  "summary_wm_stdv": 60.43463897705078,
  "tpm_overlap_csf": 0.18479488790035248,
  "tpm_overlap_gm": 0.4844203293323517,
  "tpm_overlap_wm": 0.5179302096366882,
  "wm2max": 0.5519244825738995
}