{
  "bids_meta": {
    "EchoTime": 0.03,
    "FlipAngle": 8,
    "MagneticFieldStrength": 3.0,
    "Manufacturer": "Siemens",
    "ManufacturersModelName": "MAGNETOM Trio",
    "ReceiveCoilName": "Siemens 12 channel Head Matrix Coil (Erlangen, Germany)",
    "RepetitionTime": 2.4,
    "modality": "T1w",
    "subject_id": "009"
  },
  "cjv": 0.5858536220790048,
  "cnr": 2.27835469473763,
  "efc": 0.5605745932158044,
  "fber": 2083.5732421875,
  "fwhm_avg": 3.3159166666666664,
  "fwhm_x": 3.43926,
  "fwhm_y": 3.41864,
  "fwhm_z": 3.08985,
  "icvs_csf": 0.1893541413637227,
  "icvs_gm": 0.4229692316918693,
  "icvs_wm": 0.3876766269444081,
  "inu_med": 0.8848302960395813,
  "inu_range": 0.3928801715373993,
  "provenance": {
    "md5sum": "47e4dfe81d4f9425e84852c73d0db138",
    "mriqc_pred": 0,
    "settings": {
      "testing": false
    },
    "software": "mriqc",
    "version": "0.9.6",
    "warnings": {
      "large_rot_frame": true,
      "small_air_mask": false
    }
  },
  "qi_1": 0.0,
  "qi_2": 0.01387718109227842,
  "rpve_csf": 39.501683461850604,
  "rpve_gm": 18.964754913319872,
  "rpve_wm": 24.34209643740376,
  "size_x": 256,
  "size_y": 256,
  "size_z": 256,
  "snr_csf": 3.3473446054111826,
  "snr_gm": 9.645027990959829,
  "snr_total": 9.790900906128002,
  "snr_wm": 16.380330122012992,
  "snrd_csf": 21.47862302633636,
  "snrd_gm": 46.692482988883796,
  "snrd_total": 42.960614863081766,
  "snrd_wm": 60.710738574025136,
  "spacing_x": 1.0,
  "spacing_y": 1.0,
  "spacing_z": 1.0,
  "summary_bg_k": 5.024432953460366,
  "summary_bg_mad": 10.791422843933105,
  "summary_bg_mean": 17.18294334411621,
  "summary_bg_median": 14.062973976135254,
  "summary_bg_n": 3912125.0,
  "summary_bg_p05": 0.0,
  "summary_bg_p95": 43.26252212524413,
  "summary_bg_stdv": 13.638736724853516,
  "summary_csf_k": 4.025225656374776,
  "summary_csf_mad": 89.19770050048828,
  "summary_csf_mean": 372.9394226074219,
  "summary_csf_median": 353.7964172363281,
  "summary_csf_n": 14131.0,
  "summary_csf_p05": 237.6752166748047,
  "summary_csf_p95": 576.318603515625,
  "summary_csf_stdv": 105.69091033935547,
  "summary_gm_k": 0.3546685039199611,
  "summary_gm_mad": 75.53787994384766,
  "summary_gm_mean": 773.9844360351562,
  "summary_gm_median": 769.1197509765625,
  "summary_gm_n": 14805.0,
  "summary_gm_p05": 651.0103149414062,
  "summary_gm_p95": 915.6698486328124,
  "summary_gm_stdv": 79.73992156982422,
  "summary_wm_k": 0.16482612656121942,
  "summary_wm_mad": 59.74102783203125,
  "summary_wm_mean": 1000.5130004882812,
  "summary_wm_median": 1000.02880859375,
  "summary_wm_n": 217986.0,
  "summary_wm_p05": 900.5511779785156,
  "summary_wm_p95": 1101.419921875,
  "summary_wm_stdv": 61.05044937133789,
  "tpm_overlap_csf": 0.24182690680027008,
  "tpm_overlap_gm": 0.5007894039154053,
  "tpm_overlap_wm": 0.5560346841812134,
  "wm2max": 0.6375246367365561
}