{
  "bids_meta": {
    "EchoTime": 0.03,
    "FlipAngle": 8,
    "MagneticFieldStrength": 3.0,
    "Manufacturer": "Siemens",
    "ManufacturersModelName": "MAGNETOM Trio",
    "ReceiveCoilName": "Siemens 12 channel Head Matrix Coil (Erlangen, Germany)",
    "RepetitionTime": 2.4,
    "modality": "T1w",
    "subject_id": "068"
  },
  "cjv": 0.4954083281504192,
  "cnr": 2.7278412399774026,
  "efc": 0.5782613146093948,
  "fber": 1220.3665771484375,
  "fwhm_avg": 3.32469,
  "fwhm_x": 3.42748,
  "fwhm_y": 3.45245,
  "fwhm_z": 3.09414,
  "icvs_csf": 0.18075953621769492,
  "icvs_gm": 0.4408811224879529,
  "icvs_wm": 0.37835934129435217,
  "inu_med": 1.0551600456237793,
  "inu_range": 0.384990328550339,
  "provenance": {
    "md5sum": "320b8ff1534aa5142922ff5f1af8e41c",
    "mriqc_pred": 0,
    "settings": {
      "testing": false
    },
    "software": "mriqc",
    "version": "0.9.6",
    "warnings": {
      "large_rot_frame": true,
      "small_air_mask": false
    }
  },
  "qi_1": 0.0,
  "qi_2": 0.0057739332175040575,
  "rpve_csf": 45.45824832291446,
  "rpve_gm": 20.326077818482194,
  "rpve_wm": 26.781425918263263,
  "size_x": 256,
  "size_y": 256,
  "size_z": 256,
  "snr_csf": 3.3177607163857186,
  "snr_gm": 10.791260754413504,
  "snr_total": 10.827510301363532,
  "snr_wm": 18.373509433291368,
  "snrd_csf": 17.771749409970628,
  "snrd_gm": 38.30091812090109,
  "snrd_total": 35.60387948086561,
  "snrd_wm": 50.73897091172511,
  "spacing_x": 1.0,
  "spacing_y": 1.0,
  "spacing_z": 1.0,
  "summary_bg_k": 3.41824125975487,
  "summary_bg_mad": 12.912090301513672,
  "summary_bg_mean": 20.302234649658203,
  "summary_bg_median": 17.08838653564453,
  "summary_bg_n": 2970931.0,
  "summary_bg_p05": 2.5832046270370483,
  "summary_bg_p95": 48.85028839111328,
  "summary_bg_stdv": 14.855883598327637,
  "summary_csf_k": 3.5039610003371706,
  "summary_csf_mad": 82.03128051757812,
  "summary_csf_mean": 371.3145751953125,
  "summary_csf_median": 350.26361083984375,
  "summary_csf_n": 17616.0,
  "summary_csf_p05": 241.55677032470703,
  "summary_csf_p95": 582.1365203857422,
  "summary_csf_stdv": 105.56929779052734,
  "summary_gm_k": 0.22087204391254067,
  "summary_gm_mad": 68.83332061767578,
  "summary_gm_mean": 758.1296997070312,
  "summary_gm_median": 754.8732299804688,
  "summary_gm_n": 16230.0,
  "summary_gm_p05": 648.230844116211,
  "summary_gm_p95": 878.3099517822266,
  "summary_gm_stdv": 69.95011901855469,
  "summary_wm_k": 0.27401724271899797,
  "summary_wm_mad": 52.61193084716797,
  "summary_wm_mean": 999.5274047851562,
  "summary_wm_median": 1000.0149536132812,
  "summary_wm_n": 198960.0,
  "summary_wm_p05": 908.9635284423828,
  "summary_wm_p95": 1087.7931030273437,
  "summary_wm_stdv": 54.42686080932617,
  "tpm_overlap_csf": 0.242807999253273,
  "tpm_overlap_gm": 0.5153732299804688,
  "tpm_overlap_wm": 0.5574725866317749,
  "wm2max": 0.6493178667176507
}