{
  "aor": 0.0036017424242424244,
  "aqi": 0.002337208333333333,
  "bids_meta": {
    "EchoTime": 0.027,
    "FlipAngle": 90,
    "MagneticFieldStrength": 3.0,
    "Manufacturer": "Siemens",
    "ManufacturersModelName": "MAGNETOM Trio",
    "ReceiveCoilName": "Siemens 12 channel Head Matrix Coil (Erlangen, Germany)",
    "RepetitionTime": 2.5,
    "TaskName": "rest",
    "modality": "bold",
    "run_id": "2",
    "subject_id": "098",
    "task_id": "rest"
  },
  "dummy_trs": 0,
  "dvars_nstd": 19.785413435954208,
  "dvars_std": 1.4318814098473274,
  "dvars_vstd": 1.0267598521374042,
  "efc": 0.4178083191008708,
  "fber": 38111.71484375,
  "fd_mean": 0.09129329639021866,
  "fd_num": 5,
  "fd_perc": 3.787878787878788,
  "fwhm_avg": 2.5453430143913476,
  "fwhm_x": 2.319135,
  "fwhm_y": 2.9424751753851877,
  "fwhm_z": 2.374418867788855,
  "gcor": 0.0182701,
  "gsr_x": -0.01625254936516285,
  "gsr_y": 0.017119204625487328,
  "provenance": {
    "md5sum": "2d2a8af2dedfde57c140288df775815f",
    "settings": {
      "fd_thres": 0.2,
      "hmc_fsl": false
    },
    "software": "mriqc",
    "version": "0.9.6"
  },
  "size_t": 132,
  "size_x": 64,
  "size_y": 64,
  "size_z": 32,
  "snr": 4.444972397288122,
  "spacing_tr": 2.5,
  "spacing_x": 4.0,
  "spacing_y": 3.999999761581421,
  "spacing_z": 4.000001907348633,
  "summary_bg_k": 44.02434006580336,
  "summary_bg_mad": 2.5945539474487305,
  "summary_bg_mean": 16.776235580444336,
  "summary_bg_median": 4.053030490875244,
  "summary_bg_n": 83710.0,
  "summary_bg_p05": 1.696969747543335,
  "summary_bg_p95": 85.8954589843751,
  "summary_bg_stdv": 43.32449722290039,
  "summary_fg_k": 3.214960698482283,
  "summary_fg_mad": 130.9463348388672,
  "summary_fg_mean": 808.1450805664062,
  "summary_fg_median": 823.39013671875,
  "summary_fg_n": 20752.0,
  "summary_fg_p05": 447.3000015258789,
  "summary_fg_p95": 1058.2560546875002,
  "summary_fg_stdv": 185.23631286621094,
  "tsnr": 108.84661865234375
}