{
  "aor": 0.0013746212121212122,
  "aqi": 0.0020247195454545456,
  "bids_meta": {
    "EchoTime": 0.027,
    "FlipAngle": 90,
    "MagneticFieldStrength": 3.0,
    "Manufacturer": "Siemens",
    "ManufacturersModelName": "MAGNETOM Trio",
    "ReceiveCoilName": "Siemens 12 channel Head Matrix Coil (Erlangen, Germany)",
    "RepetitionTime": 2.5,
    "TaskName": "rest",
    "modality": "bold",
    "run_id": "1",
    "subject_id": "098",
    "task_id": "rest"
  },
  "dummy_trs": 0,
  "dvars_nstd": 18.4901919548855,
  "dvars_std": 1.382665389694656,
  "dvars_vstd": 0.9940528377099234,
  "efc": 0.41581717549471614,
  "fber": 39332.6953125,
  "fd_mean": 0.0680513956336369,
  "fd_num": 3,
  "fd_perc": 2.272727272727273,
  "fwhm_avg": 2.5502246794570342,
  "fwhm_x": 2.32202,
  "fwhm_y": 2.9439751754745944,
  "fwhm_z": 2.3846788628965077,
  "gcor": 0.017791,
  "gsr_x": -0.01565730758011341,
  "gsr_y": 0.017664983868598938,
  "provenance": {
    "md5sum": "f7e4f1bd88c05ef9c405530db9367cb3",
    "settings": {
      "fd_thres": 0.2,
      "hmc_fsl": false
    },
    "software": "mriqc",
    "version": "0.9.6"
  },
  "size_t": 132,
  "size_x": 64,
  "size_y": 64,
  "size_z": 32,
  "snr": 4.385091060665528,
  "spacing_tr": 2.5,
  "spacing_x": 4.0,
  "spacing_y": 3.999999761581421,
  "spacing_z": 4.000001907348633,
  "summary_bg_k": 46.02626668403724,
  "summary_bg_mad": 2.4260761737823486,
  "summary_bg_mean": 16.137794494628906,
  "summary_bg_median": 3.9696969985961914,
  "summary_bg_n": 83742.0,
  "summary_bg_p05": 1.7348484992980957,
  "summary_bg_p95": 81.78636474609365,
  "summary_bg_stdv": 41.76582717895508,
  "summary_fg_k": 3.1906795088344984,
  "summary_fg_mad": 132.81642150878906,
  "summary_fg_mean": 806.4358520507812,
  "summary_fg_median": 821.1893920898438,
  "summary_fg_n": 20737.0,
  "summary_fg_p05": 442.4681945800781,
  "summary_fg_p95": 1061.1393798828126,
  "summary_fg_stdv": 187.26397705078125,
  "tsnr": 115.50169372558594
}