{
  "bids_meta": {
    "EchoTime": 0.03,
    "FlipAngle": 8,
    "MagneticFieldStrength": 3.0,
    "Manufacturer": "Siemens",
    "ManufacturersModelName": "MAGNETOM Trio",
    "ReceiveCoilName": "Siemens 12 channel Head Matrix Coil (Erlangen, Germany)",
    "RepetitionTime": 2.4,
    "modality": "T1w",
    "subject_id": "035"
  },
  "cjv": 0.38435800385133767,
  "cnr": 3.389578100342344,
  "efc": 0.5381979516087635,
  "fber": 1362.4810791015625,
  "fwhm_avg": 3.2171733922555084,
  "fwhm_x": 3.25639,
  "fwhm_y": 3.42948,
  "fwhm_z": 2.9656501767665255,
  "icvs_csf": 0.19566705383758423,
  "icvs_gm": 0.4149729397123224,
  "icvs_wm": 0.3893600064500934,
  "inu_med": 1.063241720199585,
  "inu_range": 0.32451169192790996,
  "provenance": {
    "md5sum": "9f233c836a2f115f6c3477f1cee406ed",
    "mriqc_pred": 0,
    "settings": {
      "testing": false
    },
    "software": "mriqc",
    "version": "0.9.6",
    "warnings": {
      "large_rot_frame": true,
      "small_air_mask": false
    }
  },
  "qi_1": 0.0,
  "qi_2": 0.017612403897117167,
  "rpve_csf": 27.41300765099578,
  "rpve_gm": 13.81347068472925,
  "rpve_wm": 18.42490374541224,
  "size_x": 176,
  "size_y": 256,
  "size_z": 256,
  "snr_csf": 2.9236587094022397,
  "snr_gm": 8.573726758304314,
  "snr_total": 10.578536899011773,
  "snr_wm": 20.238225229328766,
  "snrd_csf": 23.848031543439987,
  "snrd_gm": 44.49761557568799,
  "snrd_total": 44.575109124858415,
  "snrd_wm": 65.37968025544727,
  "spacing_x": 1.0,
  "spacing_y": 1.0,
  "spacing_z": 0.9999999403953552,
  "summary_bg_k": 2.675464975049734,
  "summary_bg_mad": 10.020467758178711,
  "summary_bg_mean": 16.64470863342285,
  "summary_bg_median": 14.511735916137695,
  "summary_bg_n": 3691867.0,
  "summary_bg_p05": 2.7524193286895753,
  "summary_bg_p95": 38.746170806884734,
  "summary_bg_stdv": 11.682887077331543,
  "summary_csf_k": -0.7668322220803696,
  "summary_csf_mad": 140.26425170898438,
  "summary_csf_mean": 342.4556579589844,
  "summary_csf_median": 364.7613525390625,
  "summary_csf_n": 8370.0,
  "summary_csf_p05": 140.26843414306643,
  "summary_csf_p95": 524.5781036376953,
  "summary_csf_stdv": 124.7544937133789,
  "summary_gm_k": 0.16794460477005968,
  "summary_gm_mad": 75.20609283447266,
  "summary_gm_mean": 682.3434448242188,
  "summary_gm_median": 680.6016845703125,
  "summary_gm_n": 15136.0,
  "summary_gm_p05": 552.9559173583984,
  "summary_gm_p95": 818.0186004638672,
  "summary_gm_stdv": 79.37962341308594,
  "summary_wm_k": 0.3825289563343177,
  "summary_wm_mad": 47.5563850402832,
  "summary_wm_mean": 999.3570556640625,
  "summary_wm_median": 999.9978637695312,
  "summary_wm_n": 210419.0,
  "summary_wm_p05": 917.0752502441406,
  "summary_wm_p95": 1078.9495849609375,
  "summary_wm_stdv": 49.411224365234375,
  "tpm_overlap_csf": 0.21806086599826813,
  "tpm_overlap_gm": 0.4986722767353058,
  "tpm_overlap_wm": 0.5710648894309998,
  "wm2max": 0.6123917903469253
}