{
  "bids_meta": {
    "EchoTime": 0.03,
    "FlipAngle": 8,
    "MagneticFieldStrength": 3.0,
    "Manufacturer": "Siemens",
    "ManufacturersModelName": "MAGNETOM Trio",
    "ReceiveCoilName": "Siemens 12 channel Head Matrix Coil (Erlangen, Germany)",
    "RepetitionTime": 2.4,
    "modality": "T1w",
    "subject_id": "097"
  },
  "cjv": 0.4222304518809048,
  "cnr": 3.107741975478089,
  "efc": 0.5606819938634733,
  "fber": 1717.2947998046875,
  "fwhm_avg": 3.4255734017737747,
  "fwhm_x": 3.444720205321324,
  "fwhm_y": 3.62301,
  "fwhm_z": 3.20899,
  "icvs_csf": 0.182862419082036,
  "icvs_gm": 0.4260537414125814,
  "icvs_wm": 0.3910838395053826,
  "inu_med": 0.9863903522491455,
  "inu_range": 0.367638576030731,
  "provenance": {
    "md5sum": "c25b5a539e4c65936c41ce4e3f177352",
    "mriqc_pred": 0,
    "settings": {
      "testing": false
    },
    "software": "mriqc",
    "version": "0.9.6",
    "warnings": {
      "large_rot_frame": true,
      "small_air_mask": false
    }
  },
  "qi_1": 0.0,
  "qi_2": 0.020766179870788035,
  "rpve_csf": 26.821474206428288,
  "rpve_gm": 12.910394122744945,
  "rpve_wm": 17.218956914464464,
  "size_x": 176,
  "size_y": 256,
  "size_z": 256,
  "snr_csf": 2.701411898339342,
  "snr_gm": 8.028791650121823,
  "snr_total": 9.821092939675069,
  "snr_wm": 18.73307527056404,
  "snrd_csf": 23.9579430075835,
  "snrd_gm": 41.36640098719613,
  "snrd_total": 41.90675533720849,
  "snrd_wm": 60.39592201684584,
  "spacing_x": 0.9999999403953552,
  "spacing_y": 1.0,
  "spacing_z": 1.0,
  "summary_bg_k": 4.603173342220661,
  "summary_bg_mad": 10.847275733947754,
  "summary_bg_mean": 16.265188217163086,
  "summary_bg_median": 13.652053833007812,
  "summary_bg_n": 3799768.0,
  "summary_bg_p05": 2.7925358176231385,
  "summary_bg_p95": 39.7174726486206,
  "summary_bg_stdv": 12.337650299072266,
  "summary_csf_k": -0.5096373143685131,
  "summary_csf_mad": 159.0163116455078,
  "summary_csf_mean": 380.97430419921875,
  "summary_csf_median": 396.6783447265625,
  "summary_csf_n": 7374.0,
  "summary_csf_p05": 140.1896209716797,
  "summary_csf_p95": 603.7672149658202,
  "summary_csf_stdv": 146.83116149902344,
  "summary_gm_k": 0.056972780255333255,
  "summary_gm_mad": 82.62476348876953,
  "summary_gm_mean": 689.4148559570312,
  "summary_gm_median": 684.9150390625,
  "summary_gm_n": 27731.0,
  "summary_gm_p05": 554.8770141601562,
  "summary_gm_p95": 839.072265625,
  "summary_gm_stdv": 85.30582427978516,
  "summary_wm_k": 0.4858907170424347,
  "summary_wm_mad": 50.410377502441406,
  "summary_wm_mean": 999.0012817382812,
  "summary_wm_median": 999.9921264648438,
  "summary_wm_n": 245083.0,
  "summary_wm_p05": 909.4981994628906,
  "summary_wm_p95": 1084.8149536132812,
  "summary_wm_stdv": 53.38098907470703,
  "tpm_overlap_csf": 0.22165969014167786,
  "tpm_overlap_gm": 0.5206885933876038,
  "tpm_overlap_wm": 0.5799136161804199,
  "wm2max": 0.6217679270566983
}