{
  "aor": 0.006281287878787879,
  "aqi": 0.003418516439393939,
  "bids_meta": {
    "EchoTime": 0.027,
    "FlipAngle": 90,
    "MagneticFieldStrength": 3.0,
    "Manufacturer": "Siemens",
    "ManufacturersModelName": "MAGNETOM Trio",
    "ReceiveCoilName": "Siemens 12 channel Head Matrix Coil (Erlangen, Germany)",
    "RepetitionTime": 2.5,
    "TaskName": "rest",
    "modality": "bold",
    "run_id": "1",
    "subject_id": "052",
    "task_id": "rest"
  },
  "dummy_trs": 0,
  "dvars_nstd": 16.304254590076344,
  "dvars_std": 1.2908042151908397,
  "dvars_vstd": 1.0291157728244273,
  "efc": 0.391153130934664,
  "fber": 44672.50390625,
  "fd_mean": 0.11818375236832793,
  "fd_num": 15,
  "fd_perc": 11.363636363636363,
  "fwhm_avg": 2.560680833333333,
  "fwhm_x": 2.3059125,
  "fwhm_y": 3.010475,
  "fwhm_z": 2.365655,
  "gcor": 0.033627,
  "gsr_x": -0.015476645901799202,
  "gsr_y": 0.015294778160750866,
  "provenance": {
    "md5sum": "c38429fa2c908dcae76b309dbe812fdd",
    "settings": {
      "fd_thres": 0.2,
      "hmc_fsl": false
    },
    "software": "mriqc",
    "version": "0.9.6"
  },
  "size_t": 132,
  "size_x": 64,
  "size_y": 64,
  "size_z": 32,
  "snr": 4.899904826920471,
  "spacing_tr": 2.5,
  "spacing_x": 4.0,
  "spacing_y": 4.0,
  "spacing_z": 4.0,
  "summary_bg_k": 42.62582987656904,
  "summary_bg_mad": 2.583322048187256,
  "summary_bg_mean": 16.38275718688965,
  "summary_bg_median": 3.8181819915771484,
  "summary_bg_n": 86957.0,
  "summary_bg_p05": 1.628787875175476,
  "summary_bg_p95": 76.50757598876953,
  "summary_bg_stdv": 39.9579963684082,
  "summary_fg_k": 3.7563829397193356,
  "summary_fg_mad": 119.83247375488281,
  "summary_fg_mean": 817.7186889648438,
  "summary_fg_median": 837.0,
  "summary_fg_n": 18044.0,
  "summary_fg_p05": 490.74206695556643,
  "summary_fg_p95": 1033.3944030761718,
  "summary_fg_stdv": 170.81491088867188,
  "tsnr": 87.7510757446289
}