{
  "aor": 0.002562458333333334,
  "aqi": 0.0034333142499999997,
  "bids_meta": {
    "EchoTime": 0.027,
    "FlipAngle": 90,
    "MagneticFieldStrength": 3.0,
    "Manufacturer": "Siemens",
    "ManufacturersModelName": "MAGNETOM Trio",
    "ReceiveCoilName": "Siemens 12 channel Head Matrix Coil (Erlangen, Germany)",
    "RepetitionTime": 2.5,
    "TaskName": "rest",
    "modality": "bold",
    "run_id": "1",
    "subject_id": "006",
    "task_id": "rest"
  },
  "dummy_trs": 0,
  "dvars_nstd": 13.276470902384943,
  "dvars_std": 1.2113415477405869,
  "dvars_vstd": 0.9937852936401672,
  "efc": 0.37422057000775305,
  "fber": 51393.4375,
  "fd_mean": 0.07957025434474971,
  "fd_num": 13,
  "fd_perc": 5.416666666666667,
  "fwhm_avg": 2.5791959830244653,
  "fwhm_x": 2.3312625,
  "fwhm_y": 2.894925,
  "fwhm_z": 2.511400449073395,
  "gcor": 0.0363499,
  "gsr_x": -0.01643398590385914,
  "gsr_y": 0.014610509388148785,
  "provenance": {
    "md5sum": "375bd7217c1bc1abd575e0323c0800ef",
    "settings": {
      "fd_thres": 0.2,
      "hmc_fsl": false
    },
    "software": "mriqc",
    "version": "0.9.6"
  },
  "size_t": 240,
  "size_x": 64,
  "size_y": 64,
  "size_z": 32,
  "snr": 5.070608610727052,
  "spacing_tr": 2.5,
  "spacing_x": 4.0,
  "spacing_y": 4.0,
  "spacing_z": 3.9999992847442627,
  "summary_bg_k": 78.63522559538538,
  "summary_bg_mad": 2.5142464637756348,
  "summary_bg_mean": 14.811087608337402,
  "summary_bg_median": 4.145833492279053,
  "summary_bg_n": 88739.0,
  "summary_bg_p05": 1.8666667938232422,
  "summary_bg_p95": 65.6212509155273,
  "summary_bg_stdv": 38.05482482910156,
  "summary_fg_k": 4.3410564155178255,
  "summary_fg_mad": 129.65969848632812,
  "summary_fg_mean": 945.114990234375,
  "summary_fg_median": 972.7916870117188,
  "summary_fg_n": 16788.0,
  "summary_fg_p05": 570.1498229980468,
  "summary_fg_p95": 1180.4885864257812,
  "summary_fg_stdv": 191.8433837890625,
  "tsnr": 99.90999603271484
}